{"type":"FeatureCollection","features":[{"type":"Feature","geometry":{"type":"Point","coordinates":[24.702518,42.100447]},"properties":{"lines":"1, 20, 27","color":"#0059a9","mode":"bus","arr":["1","20","27"],"angle":-58.3,"side":-1}},{"type":"Feature","geometry":{"type":"Point","coordinates":[24.711029,42.115995]},"properties":{"lines":"1, 20, 27","color":"#0059a9","mode":"bus","arr":["1","20","27"],"angle":27.5}},{"type":"Feature","geometry":{"type":"Point","coordinates":[24.707296,42.109379]},"properties":{"lines":"1, 20, 27","color":"#0059a9","mode":"bus","arr":["1","20","27"],"angle":-62,"mi":1}},{"type":"Feature","geometry":{"type":"Point","coordinates":[24.713292,42.116973]},"properties":{"lines":"1, 20, 27","color":"#0059a9","mode":"bus","arr":["1","20","27"],"angle":-61.9,"extra":1,"ei":0}},{"type":"Feature","geometry":{"type":"Point","coordinates":[24.712014,42.115339]},"properties":{"lines":"1, 20, 27","color":"#0059a9","mode":"bus","arr":["1","20","27"],"angle":-59.8,"extra":1,"ei":1}},{"type":"Feature","geometry":{"type":"Point","coordinates":[24.710733,42.113707]},"properties":{"lines":"1, 20, 27","color":"#0059a9","mode":"bus","arr":["1","20","27"],"angle":-59.4,"extra":1,"ei":2}},{"type":"Feature","geometry":{"type":"Point","coordinates":[24.709398,42.112098]},"properties":{"lines":"1, 20, 27","color":"#0059a9","mode":"bus","arr":["1","20","27"],"angle":-58.9,"extra":1,"ei":3}},{"type":"Feature","geometry":{"type":"Point","coordinates":[24.708127,42.110462]},"properties":{"lines":"1, 20, 27","color":"#0059a9","mode":"bus","arr":["1","20","27"],"angle":-59.8,"extra":1,"ei":4}},{"type":"Feature","geometry":{"type":"Point","coordinates":[24.705907,42.107069]},"properties":{"lines":"1, 20, 27","color":"#0059a9","mode":"bus","arr":["1","20","27"],"angle":-68.5,"extra":1,"ei":5}},{"type":"Feature","geometry":{"type":"Point","coordinates":[24.705019,42.1053]},"properties":{"lines":"1, 20, 27","color":"#0059a9","mode":"bus","arr":["1","20","27"],"angle":-69.5,"extra":1,"ei":6}},{"type":"Feature","geometry":{"type":"Point","coordinates":[24.704169,42.10352]},"properties":{"lines":"1, 20, 27","color":"#0059a9","mode":"bus","arr":["1","20","27"],"angle":-71.9,"extra":1,"ei":7}},{"type":"Feature","geometry":{"type":"Point","coordinates":[24.703328,42.101737]},"properties":{"lines":"1, 20, 27","color":"#0059a9","mode":"bus","arr":["1","20","27"],"angle":-66.9,"extra":1,"ei":8}},{"type":"Feature","geometry":{"type":"Point","coordinates":[24.71656,42.121294]},"properties":{"lines":"1, 20, 27, 113","color":"#0059a9","mode":"bus","arr":["1","20","27","113"],"angle":-59.1,"mi":1}},{"type":"Feature","geometry":{"type":"Point","coordinates":[24.719341,42.12475]},"properties":{"lines":"1, 20, 27, 113","color":"#0059a9","mode":"bus","arr":["1","20","27","113"],"angle":24.7,"mi":2}},{"type":"Feature","geometry":{"type":"Point","coordinates":[24.714447,42.118654]},"properties":{"lines":"1, 20, 27, 113","color":"#0059a9","mode":"bus","arr":["1","20","27","113"],"angle":-59.3,"extra":1,"ei":0}},{"type":"Feature","geometry":{"type":"Point","coordinates":[24.715748,42.120278]},"properties":{"lines":"1, 20, 27, 113","color":"#0059a9","mode":"bus","arr":["1","20","27","113"],"angle":-59.4,"extra":1,"ei":1}},{"type":"Feature","geometry":{"type":"Point","coordinates":[24.718369,42.123517]},"properties":{"lines":"1, 20, 27, 113","color":"#0059a9","mode":"bus","arr":["1","20","27","113"],"angle":-60.1,"extra":1,"ei":2}},{"type":"Feature","geometry":{"type":"Point","coordinates":[24.718193,42.12238]},"properties":{"lines":"1, 20, 27, 113","color":"#0059a9","mode":"bus","arr":["1","20","27","113"],"angle":34.7}},{"type":"Feature","geometry":{"type":"Point","coordinates":[24.719555,42.124616]},"properties":{"lines":"1","color":"#0059a9","mode":"bus","arr":["1"],"angle":27.4,"side":-1}},{"type":"Feature","geometry":{"type":"Point","coordinates":[24.744013,42.130433]},"properties":{"lines":"1","color":"#0059a9","mode":"bus","arr":["1"],"angle":-30.3,"mi":2}},{"type":"Feature","geometry":{"type":"Point","coordinates":[24.73308,42.120552]},"properties":{"lines":"1","color":"#0059a9","mode":"bus","arr":["1"],"angle":28.5,"mi":3}},{"type":"Feature","geometry":{"type":"Point","coordinates":[24.731529,42.121156]},"properties":{"lines":"1","color":"#0059a9","mode":"bus","arr":["1"],"angle":27.2,"extra":1,"ei":0}},{"type":"Feature","geometry":{"type":"Point","coordinates":[24.720412,42.125214]},"properties":{"lines":"1, 16, 36","color":"#0059a9","mode":"bus","arr":["1","16","36"],"angle":25.8,"side":-1,"mi":3}},{"type":"Feature","geometry":{"type":"Point","coordinates":[24.723675,42.124801]},"properties":{"lines":"1, 16, 36","color":"#0059a9","mode":"bus","arr":["1","16","36"],"angle":-66.8,"side":-1,"mi":1}},{"type":"Feature","geometry":{"type":"Point","coordinates":[24.725343,42.123573]},"properties":{"lines":"1, 16, 36","color":"#0059a9","mode":"bus","arr":["1","16","36"],"angle":27.3,"mi":2}},{"type":"Feature","geometry":{"type":"Point","coordinates":[24.729275,42.122036]},"properties":{"lines":"1, 16, 36","color":"#0059a9","mode":"bus","arr":["1","16","36"],"angle":27.8,"extra":1,"ei":0}},{"type":"Feature","geometry":{"type":"Point","coordinates":[24.727019,42.122914]},"properties":{"lines":"1, 16, 36","color":"#0059a9","mode":"bus","arr":["1","16","36"],"angle":28.2,"extra":1,"ei":1}},{"type":"Feature","geometry":{"type":"Point","coordinates":[24.722509,42.12467]},"properties":{"lines":"1, 16, 36","color":"#0059a9","mode":"bus","arr":["1","16","36"],"angle":27.2,"extra":1,"ei":2}},{"type":"Feature","geometry":{"type":"Point","coordinates":[24.737386,42.122114]},"properties":{"lines":"1, 7","color":"#0059a9","mode":"bus","arr":["1","7"],"angle":-64.9}},{"type":"Feature","geometry":{"type":"Point","coordinates":[24.736284,42.120376]},"properties":{"lines":"1, 7","color":"#0059a9","mode":"bus","arr":["1","7"],"angle":-65.9,"extra":1,"ei":0}},{"type":"Feature","geometry":{"type":"Point","coordinates":[24.738426,42.123802]},"properties":{"lines":"1, 7","color":"#0059a9","mode":"bus","arr":["1","7"],"angle":-65.3,"extra":1,"ei":1}},{"type":"Feature","geometry":{"type":"Point","coordinates":[24.73984,42.124338]},"properties":{"lines":"1, 17, 24, 27, 36, 116","color":"#0059a9","mode":"bus","arr":["1","17","24","27","36","116"],"angle":24.1,"side":-1}},{"type":"Feature","geometry":{"type":"Point","coordinates":[24.741458,42.125274]},"properties":{"lines":"1, 27","color":"#0059a9","mode":"bus","arr":["1","27"],"angle":-66.6}},{"type":"Feature","geometry":{"type":"Point","coordinates":[24.743184,42.128455]},"properties":{"lines":"1, 27, 36, 37","color":"#0059a9","mode":"bus","arr":["1","27","36","37"],"angle":-68.6}},{"type":"Feature","geometry":{"type":"Point","coordinates":[24.744939,42.132645]},"properties":{"lines":"1, 11, 27, 36","color":"#0059a9","mode":"bus","arr":["1","11","27","36"],"angle":-88.2}},{"type":"Feature","geometry":{"type":"Point","coordinates":[24.746787,42.135604]},"properties":{"lines":"1, 11, 27, 36","color":"#0059a9","mode":"bus","arr":["1","11","27","36"],"angle":25.7,"side":-1,"mi":1}},{"type":"Feature","geometry":{"type":"Point","coordinates":[24.74467,42.131223]},"properties":{"lines":"1, 11, 27, 36","color":"#0059a9","mode":"bus","arr":["1","11","27","36"],"angle":-68,"extra":1,"ei":0}},{"type":"Feature","geometry":{"type":"Point","coordinates":[24.745033,42.134968]},"properties":{"lines":"1, 11, 27, 36","color":"#0059a9","mode":"bus","arr":["1","11","27","36"],"angle":-88.8,"extra":1,"ei":1}},{"type":"Feature","geometry":{"type":"Point","coordinates":[24.748673,42.135786]},"properties":{"lines":"1, 7, 11, 18, 20, 26, 27, 29, 36","color":"#0059a9","mode":"bus","arr":["1","7","11","18","20","26","27","29","36"],"angle":-6.8}},{"type":"Feature","geometry":{"type":"Point","coordinates":[24.751341,42.136139]},"properties":{"lines":"1, 7, 11, 18, 20, 26, 27, 29, 36","color":"#0059a9","mode":"bus","arr":["1","7","11","18","20","26","27","29","36"],"angle":-10.6,"extra":1,"ei":0}},{"type":"Feature","geometry":{"type":"Point","coordinates":[24.751761,42.140057]},"properties":{"lines":"1, 4, 7, 11, 20, 26, 27, 37, 44, 99","color":"#0059a9","mode":"bus","arr":["1","4","7","11","20","26","27","37","44","99"],"angle":85.8,"side":-1}},{"type":"Feature","geometry":{"type":"Point","coordinates":[24.752214,42.137162]},"properties":{"lines":"1, 4, 7, 11, 20, 26, 27, 37, 44, 99","color":"#0059a9","mode":"bus","arr":["1","4","7","11","20","26","27","37","44","99"],"angle":81.3,"extra":1,"ei":0}},{"type":"Feature","geometry":{"type":"Point","coordinates":[24.751557,42.142297]},"properties":{"lines":"1, 4, 7, 11, 20, 26, 27, 37, 44, 99","color":"#0059a9","mode":"bus","arr":["1","4","7","11","20","26","27","37","44","99"],"angle":85,"extra":1,"ei":0,"side":-1}},{"type":"Feature","geometry":{"type":"Point","coordinates":[24.751952,42.138532]},"properties":{"lines":"1, 4, 7, 11, 20, 26, 27, 37, 44, 99","color":"#0059a9","mode":"bus","arr":["1","4","7","11","20","26","27","37","44","99"],"angle":84.5,"extra":1,"ei":1,"side":-1}},{"type":"Feature","geometry":{"type":"Point","coordinates":[24.751226,42.146717]},"properties":{"lines":"1, 4, 7, 9, 10, 11, 20, 26, 27, 37, 44, 66, 93, 99","color":"#0059a9","mode":"bus","arr":["1","4","7","9","10","11","20","26","27","37","44","66","93","99"],"angle":78.3}},{"type":"Feature","geometry":{"type":"Point","coordinates":[24.751657,42.142522]},"properties":{"lines":"1, 4, 7, 9, 10, 11, 20, 26, 27, 37, 44, 66, 93, 99","color":"#0059a9","mode":"bus","arr":["1","4","7","9","10","11","20","26","27","37","44","66","93","99"],"angle":86,"extra":1,"ei":0}},{"type":"Feature","geometry":{"type":"Point","coordinates":[24.751552,42.144409]},"properties":{"lines":"1, 4, 7, 9, 10, 11, 20, 26, 27, 37, 44, 66, 93, 99","color":"#0059a9","mode":"bus","arr":["1","4","7","9","10","11","20","26","27","37","44","66","93","99"],"angle":89.3,"extra":1,"ei":1}},{"type":"Feature","geometry":{"type":"Point","coordinates":[24.750844,42.148137]},"properties":{"lines":"1, 4, 7, 9, 10, 11, 20, 26, 27, 37, 44, 66, 93, 99","color":"#0059a9","mode":"bus","arr":["1","4","7","9","10","11","20","26","27","37","44","66","93","99"],"angle":78.7,"extra":1,"ei":2}},{"type":"Feature","geometry":{"type":"Point","coordinates":[24.750452,42.150002]},"properties":{"lines":"1, 4, 7, 9, 10, 11, 20, 26, 27, 37, 44, 66, 93, 99","color":"#0059a9","mode":"bus","arr":["1","4","7","9","10","11","20","26","27","37","44","66","93","99"],"angle":83.3,"extra":1,"ei":3}},{"type":"Feature","geometry":{"type":"Point","coordinates":[24.750456,42.152285]},"properties":{"lines":"1, 4, 7, 9, 15, 27","color":"#0059a9","mode":"bus","arr":["1","4","7","9","15","27"],"angle":-86.2}},{"type":"Feature","geometry":{"type":"Point","coordinates":[24.749099,42.157876]},"properties":{"lines":"1, 4, 7, 9, 15, 25, 27","color":"#0059a9","mode":"bus","arr":["1","4","7","9","15","25","27"],"angle":82.6,"mi":3}},{"type":"Feature","geometry":{"type":"Point","coordinates":[24.749633,42.15496]},"properties":{"lines":"1, 4, 7, 9, 15, 25, 27","color":"#0059a9","mode":"bus","arr":["1","4","7","9","15","25","27"],"angle":77.3,"side":-1,"mi":1}},{"type":"Feature","geometry":{"type":"Point","coordinates":[24.750257,42.152819]},"properties":{"lines":"1, 4, 7, 9, 15, 25, 27","color":"#0059a9","mode":"bus","arr":["1","4","7","9","15","25","27"],"angle":76.7,"side":-1,"mi":4}},{"type":"Feature","geometry":{"type":"Point","coordinates":[24.749508,42.156338]},"properties":{"lines":"1, 4, 7, 9, 15, 25, 27","color":"#0059a9","mode":"bus","arr":["1","4","7","9","15","25","27"],"angle":80.7}},{"type":"Feature","geometry":{"type":"Point","coordinates":[24.74912,42.156321]},"properties":{"lines":"1, 4, 7, 9, 15, 25, 27","color":"#0059a9","mode":"bus","arr":["1","4","7","9","15","25","27"],"angle":81.4,"side":-1,"mi":2}},{"type":"Feature","geometry":{"type":"Point","coordinates":[24.748088,42.161123]},"properties":{"lines":"1, 9, 15, 16, 25","color":"#0059a9","mode":"bus","arr":["1","9","15","16","25"],"angle":73.8}},{"type":"Feature","geometry":{"type":"Point","coordinates":[24.745223,42.162979]},"properties":{"lines":"1, 9, 15, 25","color":"#0059a9","mode":"bus","arr":["1","9","15","25"],"angle":-6}},{"type":"Feature","geometry":{"type":"Point","coordinates":[24.743403,42.162836]},"properties":{"lines":"1, 9, 15, 25","color":"#0059a9","mode":"bus","arr":["1","9","15","25"],"angle":-6.6,"extra":1,"ei":0}},{"type":"Feature","geometry":{"type":"Point","coordinates":[24.742659,42.169433]},"properties":{"lines":"1, 25","color":"#0059a9","mode":"bus","arr":["1","25"],"angle":85.9,"mi":4}},{"type":"Feature","geometry":{"type":"Point","coordinates":[24.739524,42.180727]},"properties":{"lines":"1, 25","color":"#0059a9","mode":"bus","arr":["1","25"],"angle":68.7,"side":-1,"mi":2}},{"type":"Feature","geometry":{"type":"Point","coordinates":[24.743165,42.163763]},"properties":{"lines":"1, 25","color":"#0059a9","mode":"bus","arr":["1","25"],"angle":86.5,"extra":1,"ei":0}},{"type":"Feature","geometry":{"type":"Point","coordinates":[24.743008,42.165648]},"properties":{"lines":"1, 25","color":"#0059a9","mode":"bus","arr":["1","25"],"angle":86.4,"extra":1,"ei":1}},{"type":"Feature","geometry":{"type":"Point","coordinates":[24.742845,42.167533]},"properties":{"lines":"1, 25","color":"#0059a9","mode":"bus","arr":["1","25"],"angle":85.9,"extra":1,"ei":2}},{"type":"Feature","geometry":{"type":"Point","coordinates":[24.742476,42.1713]},"properties":{"lines":"1, 25","color":"#0059a9","mode":"bus","arr":["1","25"],"angle":85.5,"extra":1,"ei":3}},{"type":"Feature","geometry":{"type":"Point","coordinates":[24.742197,42.173177]},"properties":{"lines":"1, 25","color":"#0059a9","mode":"bus","arr":["1","25"],"angle":82.1,"extra":1,"ei":4}},{"type":"Feature","geometry":{"type":"Point","coordinates":[24.741845,42.175048]},"properties":{"lines":"1, 25","color":"#0059a9","mode":"bus","arr":["1","25"],"angle":82.1,"extra":1,"ei":5}},{"type":"Feature","geometry":{"type":"Point","coordinates":[24.73885,42.182283]},"properties":{"lines":"1, 25","color":"#0059a9","mode":"bus","arr":["1","25"],"angle":68.6,"extra":1,"ei":0}},{"type":"Feature","geometry":{"type":"Point","coordinates":[24.73755,42.18477]},"properties":{"lines":"1, 25","color":"#0059a9","mode":"bus","arr":["1","25"],"angle":73.6,"extra":1,"ei":0}},{"type":"Feature","geometry":{"type":"Point","coordinates":[24.740979,42.177962]},"properties":{"lines":"1, 25","color":"#0059a9","mode":"bus","arr":["1","25"],"angle":68.6,"extra":1,"ei":0,"side":-1}},{"type":"Feature","geometry":{"type":"Point","coordinates":[24.741296,42.177947]},"properties":{"lines":"1, 25","color":"#0059a9","mode":"bus","arr":["1","25"],"angle":70.1}},{"type":"Feature","geometry":{"type":"Point","coordinates":[24.738403,42.183429]},"properties":{"lines":"1, 25","color":"#0059a9","mode":"bus","arr":["1","25"],"angle":69.7,"mi":3}},{"type":"Feature","geometry":{"type":"Point","coordinates":[24.741551,42.17485]},"properties":{"lines":"1, 25","color":"#0059a9","mode":"bus","arr":["1","25"],"angle":82.4,"side":-1,"mi":1}},{"type":"Feature","geometry":{"type":"Point","coordinates":[24.745126,42.162856]},"properties":{"lines":"1","color":"#0059a9","mode":"bus","arr":["1"],"angle":-6.9,"side":-1,"mi":2}},{"type":"Feature","geometry":{"type":"Point","coordinates":[24.746865,42.162926]},"properties":{"lines":"1","color":"#0059a9","mode":"bus","arr":["1"],"angle":12.4,"extra":1,"ei":0,"side":-1}},{"type":"Feature","geometry":{"type":"Point","coordinates":[24.747936,42.161115]},"properties":{"lines":"1","color":"#0059a9","mode":"bus","arr":["1"],"angle":74.3,"side":-1}},{"type":"Feature","geometry":{"type":"Point","coordinates":[24.747911,42.159289]},"properties":{"lines":"1, 4, 16","color":"#0059a9","mode":"bus","arr":["1","4","16"],"angle":-6.5}},{"type":"Feature","geometry":{"type":"Point","coordinates":[24.740175,42.159033]},"properties":{"lines":"4, 16","color":"#0059a9","mode":"bus","arr":["4","16"],"angle":2.7,"side":-1}},{"type":"Feature","geometry":{"type":"Point","coordinates":[24.745864,42.159193]},"properties":{"lines":"4, 16","color":"#0059a9","mode":"bus","arr":["4","16"],"angle":-3.2,"mi":1}},{"type":"Feature","geometry":{"type":"Point","coordinates":[24.738488,42.159181]},"properties":{"lines":"4, 16","color":"#0059a9","mode":"bus","arr":["4","16"],"angle":-1.2,"extra":1,"ei":0}},{"type":"Feature","geometry":{"type":"Point","coordinates":[24.741828,42.15897]},"properties":{"lines":"4, 16","color":"#0059a9","mode":"bus","arr":["4","16"],"angle":2.9,"extra":1,"ei":0,"side":-1}},{"type":"Feature","geometry":{"type":"Point","coordinates":[24.745467,42.159041]},"properties":{"lines":"1, 4, 9, 15, 16, 25","color":"#0059a9","mode":"bus","arr":["1","4","9","15","16","25"],"angle":-3.3,"side":-1}},{"type":"Feature","geometry":{"type":"Point","coordinates":[24.743174,42.15909]},"properties":{"lines":"1, 4, 9, 15, 16, 25","color":"#0059a9","mode":"bus","arr":["1","4","9","15","16","25"],"angle":-2.7,"extra":1,"ei":0}},{"type":"Feature","geometry":{"type":"Point","coordinates":[24.746326,42.160027]},"properties":{"lines":"1","color":"#0059a9","mode":"bus","arr":["1"],"angle":44.3,"mi":1}},{"type":"Feature","geometry":{"type":"Point","coordinates":[24.745603,42.160856]},"properties":{"lines":"1, 9, 15, 25","color":"#0059a9","mode":"bus","arr":["1","9","15","25"],"angle":-54.8,"mi":1}},{"type":"Feature","geometry":{"type":"Point","coordinates":[24.750201,42.151376]},"properties":{"lines":"1, 4, 7, 9, 10, 26, 27, 66","color":"#0059a9","mode":"bus","arr":["1","4","7","9","10","26","27","66"],"angle":-85.6}},{"type":"Feature","geometry":{"type":"Point","coordinates":[24.752104,42.136535]},"properties":{"lines":"1, 7, 11, 20, 26, 27","color":"#0059a9","mode":"bus","arr":["1","7","11","20","26","27"],"angle":-63}},{"type":"Feature","geometry":{"type":"Point","coordinates":[24.742607,42.129895]},"properties":{"lines":"1","color":"#0059a9","mode":"bus","arr":["1"],"angle":-28,"mi":1}},{"type":"Feature","geometry":{"type":"Point","coordinates":[24.74037,42.127073]},"properties":{"lines":"1","color":"#0059a9","mode":"bus","arr":["1"],"angle":-68}},{"type":"Feature","geometry":{"type":"Point","coordinates":[24.741118,42.128596]},"properties":{"lines":"1","color":"#0059a9","mode":"bus","arr":["1"],"angle":-71.1,"extra":1,"ei":0}},{"type":"Feature","geometry":{"type":"Point","coordinates":[24.739217,42.125094]},"properties":{"lines":"1","color":"#0059a9","mode":"bus","arr":["1"],"angle":-65.1,"extra":1,"ei":1}},{"type":"Feature","geometry":{"type":"Point","coordinates":[24.723472,42.124718]},"properties":{"lines":"1, 16, 36","color":"#0059a9","mode":"bus","arr":["1","16","36"],"angle":-64.4}},{"type":"Feature","geometry":{"type":"Point","coordinates":[24.712754,42.156375]},"properties":{"lines":"4, 18, 20, 44, 222","color":"#0059a9","mode":"bus","arr":["4","18","20","44","222"],"angle":-85.8,"side":-1}},{"type":"Feature","geometry":{"type":"Point","coordinates":[24.712552,42.156847]},"properties":{"lines":"4, 20, 44, 222","color":"#0059a9","mode":"bus","arr":["4","20","44","222"],"angle":83.8,"side":-1}},{"type":"Feature","geometry":{"type":"Point","coordinates":[24.716792,42.156338]},"properties":{"lines":"4, 18, 20, 44, 222","color":"#0059a9","mode":"bus","arr":["4","18","20","44","222"],"angle":-6.9,"mi":1}},{"type":"Feature","geometry":{"type":"Point","coordinates":[24.714107,42.155951]},"properties":{"lines":"4, 18, 20, 44, 222","color":"#0059a9","mode":"bus","arr":["4","18","20","44","222"],"angle":-7.9,"extra":1,"ei":0,"side":-1}},{"type":"Feature","geometry":{"type":"Point","coordinates":[24.719159,42.15644]},"properties":{"lines":"4, 18, 20, 44, 222","color":"#0059a9","mode":"bus","arr":["4","18","20","44","222"],"angle":-7.4,"extra":1,"ei":1,"side":-1}},{"type":"Feature","geometry":{"type":"Point","coordinates":[24.725809,42.157242]},"properties":{"lines":"4, 11, 18, 20, 44, 113, 222","color":"#0059a9","mode":"bus","arr":["4","11","18","20","44","113","222"],"angle":-11.1,"side":-1}},{"type":"Feature","geometry":{"type":"Point","coordinates":[24.722078,42.15673]},"properties":{"lines":"4, 11, 18, 20, 44, 113, 222","color":"#0059a9","mode":"bus","arr":["4","11","18","20","44","113","222"],"angle":-8.7,"extra":1,"ei":0,"side":-1}},{"type":"Feature","geometry":{"type":"Point","coordinates":[24.729581,42.157805]},"properties":{"lines":"4, 11, 18, 20, 44, 113, 222","color":"#0059a9","mode":"bus","arr":["4","11","18","20","44","113","222"],"angle":-11,"extra":1,"ei":1,"side":-1}},{"type":"Feature","geometry":{"type":"Point","coordinates":[24.734372,42.158612]},"properties":{"lines":"4, 11, 18, 20, 99","color":"#0059a9","mode":"bus","arr":["4","11","18","20","99"],"angle":-10.9}},{"type":"Feature","geometry":{"type":"Point","coordinates":[24.732199,42.158183]},"properties":{"lines":"4, 11, 18, 20, 99","color":"#0059a9","mode":"bus","arr":["4","11","18","20","99"],"angle":-10.7,"extra":1,"ei":0,"side":-1}},{"type":"Feature","geometry":{"type":"Point","coordinates":[24.737197,42.158913]},"properties":{"lines":"4, 11, 18, 20, 99","color":"#0059a9","mode":"bus","arr":["4","11","18","20","99"],"angle":-10.9,"extra":1,"ei":1,"side":-1}},{"type":"Feature","geometry":{"type":"Point","coordinates":[24.752326,42.136589]},"properties":{"lines":"4, 37, 44, 99","color":"#0059a9","mode":"bus","arr":["4","37","44","99"],"angle":66.1}},{"type":"Feature","geometry":{"type":"Point","coordinates":[24.755314,42.1344]},"properties":{"lines":"4, 37","color":"#0059a9","mode":"bus","arr":["4","37"],"angle":45.7}},{"type":"Feature","geometry":{"type":"Point","coordinates":[24.756728,42.133341]},"properties":{"lines":"4, 37","color":"#0059a9","mode":"bus","arr":["4","37"],"angle":44.9,"extra":1,"ei":0}},{"type":"Feature","geometry":{"type":"Point","coordinates":[24.753102,42.135993]},"properties":{"lines":"4, 37","color":"#0059a9","mode":"bus","arr":["4","37"],"angle":43.9,"extra":1,"ei":1}},{"type":"Feature","geometry":{"type":"Point","coordinates":[24.761208,42.130898]},"properties":{"lines":"4","color":"#0059a9","mode":"bus","arr":["4"],"angle":43.9,"mi":1}},{"type":"Feature","geometry":{"type":"Point","coordinates":[24.756234,42.133553]},"properties":{"lines":"4","color":"#0059a9","mode":"bus","arr":["4"],"angle":44.9,"mi":2}},{"type":"Feature","geometry":{"type":"Point","coordinates":[24.754453,42.134877]},"properties":{"lines":"4","color":"#0059a9","mode":"bus","arr":["4"],"angle":45.1,"extra":1,"ei":0}},{"type":"Feature","geometry":{"type":"Point","coordinates":[24.758121,42.132266]},"properties":{"lines":"4","color":"#0059a9","mode":"bus","arr":["4"],"angle":29.3,"extra":1,"ei":1,"side":-1}},{"type":"Feature","geometry":{"type":"Point","coordinates":[24.763347,42.129281]},"properties":{"lines":"4","color":"#0059a9","mode":"bus","arr":["4"],"angle":45.5,"extra":1,"ei":0}},{"type":"Feature","geometry":{"type":"Point","coordinates":[24.759559,42.131782]},"properties":{"lines":"4","color":"#0059a9","mode":"bus","arr":["4"],"angle":28.7,"extra":1,"ei":1}},{"type":"Feature","geometry":{"type":"Point","coordinates":[24.765827,42.129817]},"properties":{"lines":"4","color":"#0059a9","mode":"bus","arr":["4"],"angle":-45.9}},{"type":"Feature","geometry":{"type":"Point","coordinates":[24.768866,42.129109]},"properties":{"lines":"4, 10, 17, 99","color":"#0059a9","mode":"bus","arr":["4","10","17","99"],"angle":63.8,"mi":2}},{"type":"Feature","geometry":{"type":"Point","coordinates":[24.771381,42.127834]},"properties":{"lines":"4, 10, 17, 99","color":"#0059a9","mode":"bus","arr":["4","10","17","99"],"angle":-36.6,"side":-1,"mi":1}},{"type":"Feature","geometry":{"type":"Point","coordinates":[24.773374,42.127624]},"properties":{"lines":"4","color":"#0059a9","mode":"bus","arr":["4"],"angle":57.7,"mi":3}},{"type":"Feature","geometry":{"type":"Point","coordinates":[24.775989,42.127228]},"properties":{"lines":"4, 17, 93","color":"#0059a9","mode":"bus","arr":["4","17","93"],"angle":-26}},{"type":"Feature","geometry":{"type":"Point","coordinates":[24.777384,42.127957]},"properties":{"lines":"4, 17, 93","color":"#0059a9","mode":"bus","arr":["4","17","93"],"angle":-36,"extra":1,"ei":0}},{"type":"Feature","geometry":{"type":"Point","coordinates":[24.779374,42.128101]},"properties":{"lines":"4, 9, 17, 21, 25, 29, 66, 93","color":"#0059a9","mode":"bus","arr":["4","9","17","21","25","29","66","93"],"angle":-14.6}},{"type":"Feature","geometry":{"type":"Point","coordinates":[24.783294,42.129101]},"properties":{"lines":"4, 9, 10, 17, 21, 24, 25, 29, 66, 93, 99","color":"#0059a9","mode":"bus","arr":["4","9","10","17","21","24","25","29","66","93","99"],"angle":-5.2}},{"type":"Feature","geometry":{"type":"Point","coordinates":[24.788125,42.129945]},"properties":{"lines":"4, 9, 10, 17, 18, 21, 24, 25, 29, 44, 66, 93, 99","color":"#0059a9","mode":"bus","arr":["4","9","10","17","18","21","24","25","29","44","66","93","99"],"angle":-33.4}},{"type":"Feature","geometry":{"type":"Point","coordinates":[24.794061,42.131673]},"properties":{"lines":"4, 9, 10, 17, 18, 21, 24, 25, 29, 66, 93, 99","color":"#0059a9","mode":"bus","arr":["4","9","10","17","18","21","24","25","29","66","93","99"],"angle":-35.2}},{"type":"Feature","geometry":{"type":"Point","coordinates":[24.791554,42.131011]},"properties":{"lines":"4, 9, 10, 17, 18, 21, 24, 25, 29, 66, 93, 99","color":"#0059a9","mode":"bus","arr":["4","9","10","17","18","21","24","25","29","66","93","99"],"angle":-1.7,"extra":1,"ei":0}},{"type":"Feature","geometry":{"type":"Point","coordinates":[24.795087,42.133161]},"properties":{"lines":"4, 9, 10, 17, 18, 21, 24, 25, 29, 66, 93, 99","color":"#0059a9","mode":"bus","arr":["4","9","10","17","18","21","24","25","29","66","93","99"],"angle":-74.8,"extra":1,"ei":1}},{"type":"Feature","geometry":{"type":"Point","coordinates":[24.796671,42.137635]},"properties":{"lines":"4, 9, 10, 17, 18, 21, 24, 29, 66","color":"#0059a9","mode":"bus","arr":["4","9","10","17","18","21","24","29","66"],"angle":-77.8}},{"type":"Feature","geometry":{"type":"Point","coordinates":[24.795691,42.139817]},"properties":{"lines":"4, 9, 10, 17, 18, 21, 24, 29, 66","color":"#0059a9","mode":"bus","arr":["4","9","10","17","18","21","24","29","66"],"angle":56.9,"extra":1,"ei":0}},{"type":"Feature","geometry":{"type":"Point","coordinates":[24.79621,42.136334]},"properties":{"lines":"4, 9, 10, 17, 18, 21, 24, 29, 66","color":"#0059a9","mode":"bus","arr":["4","9","10","17","18","21","24","29","66"],"angle":-75.6,"extra":1,"ei":1}},{"type":"Feature","geometry":{"type":"Point","coordinates":[24.795583,42.134503]},"properties":{"lines":"4, 9, 10, 17, 18, 21, 24, 29, 66","color":"#0059a9","mode":"bus","arr":["4","9","10","17","18","21","24","29","66"],"angle":-74.4,"extra":1,"ei":2}},{"type":"Feature","geometry":{"type":"Point","coordinates":[24.796675,42.138941]},"properties":{"lines":"4, 9, 10, 17, 18, 21, 24, 29, 66","color":"#0059a9","mode":"bus","arr":["4","9","10","17","18","21","24","29","66"],"angle":55.8,"mi":1}},{"type":"Feature","geometry":{"type":"Point","coordinates":[24.797764,42.141809]},"properties":{"lines":"4, 10, 17, 21, 66","color":"#0059a9","mode":"bus","arr":["4","10","17","21","66"],"angle":-5.1,"mi":1}},{"type":"Feature","geometry":{"type":"Point","coordinates":[24.796067,42.141118]},"properties":{"lines":"4, 10, 17, 21, 66","color":"#0059a9","mode":"bus","arr":["4","10","17","21","66"],"angle":-33,"extra":1,"ei":0}},{"type":"Feature","geometry":{"type":"Point","coordinates":[24.800818,42.14134]},"properties":{"lines":"4, 10, 17, 21, 66","color":"#0059a9","mode":"bus","arr":["4","10","17","21","66"],"angle":13.9,"extra":1,"ei":1}},{"type":"Feature","geometry":{"type":"Point","coordinates":[24.799618,42.143091]},"properties":{"lines":"4, 10, 17, 21, 66","color":"#0059a9","mode":"bus","arr":["4","10","17","21","66"],"angle":-89.5}},{"type":"Feature","geometry":{"type":"Point","coordinates":[24.798727,42.144235]},"properties":{"lines":"4, 10, 17, 21, 66","color":"#0059a9","mode":"bus","arr":["4","10","17","21","66"],"angle":54.5,"extra":1,"ei":0,"side":-1}},{"type":"Feature","geometry":{"type":"Point","coordinates":[24.800495,42.142015]},"properties":{"lines":"4","color":"#0059a9","mode":"bus","arr":["4"],"angle":23.5}},{"type":"Feature","geometry":{"type":"Point","coordinates":[24.802003,42.141107]},"properties":{"lines":"10, 17, 21, 66","color":"#0059a9","mode":"bus","arr":["10","17","21","66"],"angle":14.8,"mi":2}},{"type":"Feature","geometry":{"type":"Point","coordinates":[24.770341,42.127918]},"properties":{"lines":"4, 10, 17, 99","color":"#0059a9","mode":"bus","arr":["4","10","17","99"],"angle":-11.5}},{"type":"Feature","geometry":{"type":"Point","coordinates":[24.730443,42.159853]},"properties":{"lines":"4, 18, 20, 93, 99","color":"#0059a9","mode":"bus","arr":["4","18","20","93","99"],"angle":77.2}},{"type":"Feature","geometry":{"type":"Point","coordinates":[24.731274,42.159548]},"properties":{"lines":"4, 18, 20, 99","color":"#0059a9","mode":"bus","arr":["4","18","20","99"],"angle":-19.8}},{"type":"Feature","geometry":{"type":"Point","coordinates":[24.732604,42.159317]},"properties":{"lines":"4, 18, 20, 99","color":"#0059a9","mode":"bus","arr":["4","18","20","99"],"angle":44,"mi":1}},{"type":"Feature","geometry":{"type":"Point","coordinates":[24.727356,42.161043]},"properties":{"lines":"4, 18, 20","color":"#0059a9","mode":"bus","arr":["4","18","20"],"angle":-10.7,"mi":1}},{"type":"Feature","geometry":{"type":"Point","coordinates":[24.727093,42.160318]},"properties":{"lines":"4, 18, 20","color":"#0059a9","mode":"bus","arr":["4","18","20"],"angle":-12.3}},{"type":"Feature","geometry":{"type":"Point","coordinates":[24.728856,42.159681]},"properties":{"lines":"4, 18, 20","color":"#0059a9","mode":"bus","arr":["4","18","20"],"angle":78.1,"mi":2}},{"type":"Feature","geometry":{"type":"Point","coordinates":[24.729226,42.158504]},"properties":{"lines":"4, 11, 18, 20, 44, 113, 222","color":"#0059a9","mode":"bus","arr":["4","11","18","20","44","113","222"],"angle":75,"mi":1}},{"type":"Feature","geometry":{"type":"Point","coordinates":[24.727754,42.157666]},"properties":{"lines":"11, 44, 113, 222","color":"#0059a9","mode":"bus","arr":["11","44","113","222"],"angle":-11.2,"mi":1}},{"type":"Feature","geometry":{"type":"Point","coordinates":[24.725838,42.157374]},"properties":{"lines":"11, 44, 113, 222","color":"#0059a9","mode":"bus","arr":["11","44","113","222"],"angle":-11.9,"extra":1,"ei":0}},{"type":"Feature","geometry":{"type":"Point","coordinates":[24.730827,42.158142]},"properties":{"lines":"11, 44, 113, 222","color":"#0059a9","mode":"bus","arr":["11","44","113","222"],"angle":-10.6,"extra":1,"ei":1}},{"type":"Feature","geometry":{"type":"Point","coordinates":[24.676858,42.120078]},"properties":{"lines":"6, 15, 24, 66, 222","color":"#0059a9","mode":"bus","arr":["6","15","24","66","222"],"angle":-19.5,"mi":6}},{"type":"Feature","geometry":{"type":"Point","coordinates":[24.682059,42.120233]},"properties":{"lines":"6, 15, 24, 66, 222","color":"#0059a9","mode":"bus","arr":["6","15","24","66","222"],"angle":0.7,"mi":3}},{"type":"Feature","geometry":{"type":"Point","coordinates":[24.67781,42.120112]},"properties":{"lines":"6, 15, 24, 66, 222","color":"#0059a9","mode":"bus","arr":["6","15","24","66","222"],"angle":-14.2,"extra":1,"ei":0}},{"type":"Feature","geometry":{"type":"Point","coordinates":[24.680324,42.120331]},"properties":{"lines":"6, 15, 24, 66, 222","color":"#0059a9","mode":"bus","arr":["6","15","24","66","222"],"angle":5.4,"extra":1,"ei":1}},{"type":"Feature","geometry":{"type":"Point","coordinates":[24.685409,42.120341]},"properties":{"lines":"6, 15, 24, 66, 222","color":"#0059a9","mode":"bus","arr":["6","15","24","66","222"],"angle":-5.1,"extra":1,"ei":2}},{"type":"Feature","geometry":{"type":"Point","coordinates":[24.687573,42.122191]},"properties":{"lines":"6, 15, 24, 66, 222","color":"#0059a9","mode":"bus","arr":["6","15","24","66","222"],"angle":-87.7,"mi":2}},{"type":"Feature","geometry":{"type":"Point","coordinates":[24.688357,42.125754]},"properties":{"lines":"6, 15, 24, 66, 222","color":"#0059a9","mode":"bus","arr":["6","15","24","66","222"],"angle":-72,"mi":5}},{"type":"Feature","geometry":{"type":"Point","coordinates":[24.687943,42.123433]},"properties":{"lines":"6, 15, 24, 66, 222","color":"#0059a9","mode":"bus","arr":["6","15","24","66","222"],"angle":-79.9,"extra":1,"ei":0}},{"type":"Feature","geometry":{"type":"Point","coordinates":[24.686189,42.123665]},"properties":{"lines":"6, 15, 24, 66, 222","color":"#0059a9","mode":"bus","arr":["6","15","24","66","222"],"angle":0.9,"mi":1}},{"type":"Feature","geometry":{"type":"Point","coordinates":[24.684669,42.122674]},"properties":{"lines":"6, 15, 24, 66, 222","color":"#0059a9","mode":"bus","arr":["6","15","24","66","222"],"angle":78.4}},{"type":"Feature","geometry":{"type":"Point","coordinates":[24.684366,42.124185]},"properties":{"lines":"6, 15, 24, 66, 222","color":"#0059a9","mode":"bus","arr":["6","15","24","66","222"],"angle":88.5,"extra":1,"ei":0}},{"type":"Feature","geometry":{"type":"Point","coordinates":[24.684436,42.120524]},"properties":{"lines":"6, 15, 24, 66, 222","color":"#0059a9","mode":"bus","arr":["6","15","24","66","222"],"angle":-68.5,"extra":1,"ei":1}},{"type":"Feature","geometry":{"type":"Point","coordinates":[24.681524,42.125551]},"properties":{"lines":"6, 15, 24, 66, 222","color":"#0059a9","mode":"bus","arr":["6","15","24","66","222"],"angle":11.3,"mi":4}},{"type":"Feature","geometry":{"type":"Point","coordinates":[24.686889,42.125314]},"properties":{"lines":"6, 15, 24, 66, 222","color":"#0059a9","mode":"bus","arr":["6","15","24","66","222"],"angle":1.2,"extra":1,"ei":0}},{"type":"Feature","geometry":{"type":"Point","coordinates":[24.684344,42.125392]},"properties":{"lines":"6, 15, 24, 66, 222","color":"#0059a9","mode":"bus","arr":["6","15","24","66","222"],"angle":3.8,"extra":1,"ei":1}},{"type":"Feature","geometry":{"type":"Point","coordinates":[24.680033,42.125155]},"properties":{"lines":"6, 15, 24, 66, 222","color":"#0059a9","mode":"bus","arr":["6","15","24","66","222"],"angle":58,"extra":1,"ei":2}},{"type":"Feature","geometry":{"type":"Point","coordinates":[24.689723,42.128447]},"properties":{"lines":"6, 15, 17, 24, 66, 222","color":"#0059a9","mode":"bus","arr":["6","15","17","24","66","222"],"angle":-70.9}},{"type":"Feature","geometry":{"type":"Point","coordinates":[24.689006,42.127071]},"properties":{"lines":"6, 15, 17, 24, 66, 222","color":"#0059a9","mode":"bus","arr":["6","15","17","24","66","222"],"angle":-69,"extra":1,"ei":0}},{"type":"Feature","geometry":{"type":"Point","coordinates":[24.690537,42.130668]},"properties":{"lines":"6, 15, 17, 24, 66, 222","color":"#0059a9","mode":"bus","arr":["6","15","17","24","66","222"],"angle":-76.4,"extra":1,"ei":1}},{"type":"Feature","geometry":{"type":"Point","coordinates":[24.703352,42.132476]},"properties":{"lines":"6, 15, 24, 66, 222","color":"#0059a9","mode":"bus","arr":["6","15","24","66","222"],"angle":-11.1}},{"type":"Feature","geometry":{"type":"Point","coordinates":[24.691828,42.130935]},"properties":{"lines":"6, 15, 24, 66, 222","color":"#0059a9","mode":"bus","arr":["6","15","24","66","222"],"angle":-9.7,"extra":1,"ei":0}},{"type":"Feature","geometry":{"type":"Point","coordinates":[24.694337,42.131261]},"properties":{"lines":"6, 15, 24, 66, 222","color":"#0059a9","mode":"bus","arr":["6","15","24","66","222"],"angle":-10,"extra":1,"ei":1}},{"type":"Feature","geometry":{"type":"Point","coordinates":[24.696847,42.131586]},"properties":{"lines":"6, 15, 24, 66, 222","color":"#0059a9","mode":"bus","arr":["6","15","24","66","222"],"angle":-9.9,"extra":1,"ei":2}},{"type":"Feature","geometry":{"type":"Point","coordinates":[24.699351,42.13193]},"properties":{"lines":"6, 15, 24, 66, 222","color":"#0059a9","mode":"bus","arr":["6","15","24","66","222"],"angle":-10.6,"extra":1,"ei":3}},{"type":"Feature","geometry":{"type":"Point","coordinates":[24.706871,42.13294]},"properties":{"lines":"6, 15, 24, 66, 222","color":"#0059a9","mode":"bus","arr":["6","15","24","66","222"],"angle":-10.4,"extra":1,"ei":4}},{"type":"Feature","geometry":{"type":"Point","coordinates":[24.709189,42.133666]},"properties":{"lines":"6, 15, 24, 66, 222","color":"#0059a9","mode":"bus","arr":["6","15","24","66","222"],"angle":-30.5,"extra":1,"ei":5}},{"type":"Feature","geometry":{"type":"Point","coordinates":[24.711362,42.134651]},"properties":{"lines":"6, 15, 24, 66, 222","color":"#0059a9","mode":"bus","arr":["6","15","24","66","222"],"angle":-31.7,"extra":1,"ei":6}},{"type":"Feature","geometry":{"type":"Point","coordinates":[24.713545,42.135625]},"properties":{"lines":"6, 15, 24, 66, 222","color":"#0059a9","mode":"bus","arr":["6","15","24","66","222"],"angle":-30.7,"extra":1,"ei":7}},{"type":"Feature","geometry":{"type":"Point","coordinates":[24.71533,42.136393]},"properties":{"lines":"6, 15, 24, 66","color":"#0059a9","mode":"bus","arr":["6","15","24","66"],"angle":-29.4}},{"type":"Feature","geometry":{"type":"Point","coordinates":[24.717864,42.137379]},"properties":{"lines":"6, 10, 15, 24, 37, 66","color":"#0059a9","mode":"bus","arr":["6","10","15","24","37","66"],"angle":-16.7}},{"type":"Feature","geometry":{"type":"Point","coordinates":[24.723056,42.138453]},"properties":{"lines":"6, 24, 37, 66","color":"#0059a9","mode":"bus","arr":["6","24","37","66"],"angle":-15}},{"type":"Feature","geometry":{"type":"Point","coordinates":[24.729834,42.140075]},"properties":{"lines":"6, 24, 66","color":"#0059a9","mode":"bus","arr":["6","24","66"],"angle":-30.2}},{"type":"Feature","geometry":{"type":"Point","coordinates":[24.726983,42.13928]},"properties":{"lines":"6, 24, 66","color":"#0059a9","mode":"bus","arr":["6","24","66"],"angle":-15.3,"extra":1,"ei":0}},{"type":"Feature","geometry":{"type":"Point","coordinates":[24.731613,42.140799]},"properties":{"lines":"6, 24, 66","color":"#0059a9","mode":"bus","arr":["6","24","66"],"angle":-27,"extra":1,"ei":1}},{"type":"Feature","geometry":{"type":"Point","coordinates":[24.735475,42.141317]},"properties":{"lines":"6, 10, 66","color":"#0059a9","mode":"bus","arr":["6","10","66"],"angle":33.1}},{"type":"Feature","geometry":{"type":"Point","coordinates":[24.739369,42.141644]},"properties":{"lines":"6, 10, 66","color":"#0059a9","mode":"bus","arr":["6","10","66"],"angle":-29.5,"mi":1}},{"type":"Feature","geometry":{"type":"Point","coordinates":[24.741041,42.144831]},"properties":{"lines":"6, 12, 16, 18, 116","color":"#0059a9","mode":"bus","arr":["6","12","16","18","116"],"angle":85.2,"side":-1,"mi":1}},{"type":"Feature","geometry":{"type":"Point","coordinates":[24.741492,42.143023]},"properties":{"lines":"6, 12, 16, 18, 116","color":"#0059a9","mode":"bus","arr":["6","12","16","18","116"],"angle":84.6,"extra":1,"ei":0}},{"type":"Feature","geometry":{"type":"Point","coordinates":[24.741011,42.146783]},"properties":{"lines":"6, 12, 16, 18, 116","color":"#0059a9","mode":"bus","arr":["6","12","16","18","116"],"angle":84.5,"extra":1,"ei":1}},{"type":"Feature","geometry":{"type":"Point","coordinates":[24.740806,42.148665]},"properties":{"lines":"6, 12, 16, 18, 116","color":"#0059a9","mode":"bus","arr":["6","12","16","18","116"],"angle":86,"extra":1,"ei":2}},{"type":"Feature","geometry":{"type":"Point","coordinates":[24.741508,42.140733]},"properties":{"lines":"6, 12, 16, 18, 116","color":"#0059a9","mode":"bus","arr":["6","12","16","18","116"],"angle":85.2,"extra":1,"ei":0,"side":-1}},{"type":"Feature","geometry":{"type":"Point","coordinates":[24.742266,42.143328]},"properties":{"lines":"6, 12, 16, 18, 116","color":"#0059a9","mode":"bus","arr":["6","12","16","18","116"],"angle":-5.1,"mi":3}},{"type":"Feature","geometry":{"type":"Point","coordinates":[24.742794,42.14281]},"properties":{"lines":"6, 12, 16, 18, 116","color":"#0059a9","mode":"bus","arr":["6","12","16","18","116"],"angle":-70.8,"mi":6}},{"type":"Feature","geometry":{"type":"Point","coordinates":[24.742217,42.142748]},"properties":{"lines":"6, 12, 16, 18, 116","color":"#0059a9","mode":"bus","arr":["6","12","16","18","116"],"angle":-3.8,"mi":5}},{"type":"Feature","geometry":{"type":"Point","coordinates":[24.742054,42.14216]},"properties":{"lines":"6, 10, 12, 16, 18, 66, 116","color":"#0059a9","mode":"bus","arr":["6","10","12","16","18","66","116"],"angle":-12}},{"type":"Feature","geometry":{"type":"Point","coordinates":[24.74146,42.147246]},"properties":{"lines":"6, 12, 16, 18, 116","color":"#0059a9","mode":"bus","arr":["6","12","16","18","116"],"angle":9.6,"mi":7}},{"type":"Feature","geometry":{"type":"Point","coordinates":[24.742014,42.146122]},"properties":{"lines":"6, 12, 16, 18, 116","color":"#0059a9","mode":"bus","arr":["6","12","16","18","116"],"angle":86.2,"mi":2}},{"type":"Feature","geometry":{"type":"Point","coordinates":[24.74158,42.146414]},"properties":{"lines":"6, 12, 16, 18, 116","color":"#0059a9","mode":"bus","arr":["6","12","16","18","116"],"angle":-3.9,"mi":4}},{"type":"Feature","geometry":{"type":"Point","coordinates":[24.741655,42.145143]},"properties":{"lines":"6, 12, 16, 18, 116","color":"#0059a9","mode":"bus","arr":["6","12","16","18","116"],"angle":-2.9}},{"type":"Feature","geometry":{"type":"Point","coordinates":[24.745309,42.151103]},"properties":{"lines":"6, 11, 15, 20, 21, 22, 37, 44, 93, 99, 116","color":"#0059a9","mode":"bus","arr":["6","11","15","20","21","22","37","44","93","99","116"],"angle":-20.2}},{"type":"Feature","geometry":{"type":"Point","coordinates":[24.741899,42.149648]},"properties":{"lines":"6, 11, 15, 20, 21, 22, 37, 44, 93, 99, 116","color":"#0059a9","mode":"bus","arr":["6","11","15","20","21","22","37","44","93","99","116"],"angle":-27.8,"extra":1,"ei":0,"side":-1}},{"type":"Feature","geometry":{"type":"Point","coordinates":[24.74898,42.151395]},"properties":{"lines":"6, 11, 15, 20, 21, 22, 37, 44, 93, 99, 116","color":"#0059a9","mode":"bus","arr":["6","11","15","20","21","22","37","44","93","99","116"],"angle":-10,"extra":1,"ei":1,"side":-1}},{"type":"Feature","geometry":{"type":"Point","coordinates":[24.749835,42.15159]},"properties":{"lines":"6, 15, 21, 22, 116","color":"#0059a9","mode":"bus","arr":["6","15","21","22","116"],"angle":-25.3}},{"type":"Feature","geometry":{"type":"Point","coordinates":[24.75668,42.15208]},"properties":{"lines":"6, 21, 22, 25, 26, 116","color":"#0059a9","mode":"bus","arr":["6","21","22","25","26","116"],"angle":-20.1,"side":-1}},{"type":"Feature","geometry":{"type":"Point","coordinates":[24.751545,42.152202]},"properties":{"lines":"6, 21, 22, 25, 26, 116","color":"#0059a9","mode":"bus","arr":["6","21","22","25","26","116"],"angle":-15.5,"extra":1,"ei":0,"side":-1}},{"type":"Feature","geometry":{"type":"Point","coordinates":[24.753937,42.151735]},"properties":{"lines":"6, 21, 22, 25, 26, 116","color":"#0059a9","mode":"bus","arr":["6","21","22","25","26","116"],"angle":15.4,"extra":1,"ei":1,"side":-1}},{"type":"Feature","geometry":{"type":"Point","coordinates":[24.758776,42.152649]},"properties":{"lines":"6, 21, 22, 25, 26, 116","color":"#0059a9","mode":"bus","arr":["6","21","22","25","26","116"],"angle":-20.4,"extra":1,"ei":2,"side":-1}},{"type":"Feature","geometry":{"type":"Point","coordinates":[24.761255,42.153015]},"properties":{"lines":"6, 21, 22, 25, 26, 116","color":"#0059a9","mode":"bus","arr":["6","21","22","25","26","116"],"angle":-2.4,"extra":1,"ei":3,"side":-1}},{"type":"Feature","geometry":{"type":"Point","coordinates":[24.767174,42.152769]},"properties":{"lines":"6, 22, 26, 116","color":"#0059a9","mode":"bus","arr":["6","22","26","116"],"angle":-1.6,"side":-1}},{"type":"Feature","geometry":{"type":"Point","coordinates":[24.764658,42.152917]},"properties":{"lines":"6, 22, 26, 116","color":"#0059a9","mode":"bus","arr":["6","22","26","116"],"angle":9.6,"extra":1,"ei":0,"side":-1}},{"type":"Feature","geometry":{"type":"Point","coordinates":[24.769733,42.152815]},"properties":{"lines":"6, 22, 26, 116","color":"#0059a9","mode":"bus","arr":["6","22","26","116"],"angle":-1.4,"extra":1,"ei":1,"side":-1}},{"type":"Feature","geometry":{"type":"Point","coordinates":[24.774575,42.151349]},"properties":{"lines":"6, 22, 26","color":"#0059a9","mode":"bus","arr":["6","22","26"],"angle":36.6}},{"type":"Feature","geometry":{"type":"Point","coordinates":[24.7768,42.15013]},"properties":{"lines":"6, 22, 26","color":"#0059a9","mode":"bus","arr":["6","22","26"],"angle":37.4,"extra":1,"ei":0}},{"type":"Feature","geometry":{"type":"Point","coordinates":[24.772697,42.152368]},"properties":{"lines":"6, 22, 26","color":"#0059a9","mode":"bus","arr":["6","22","26"],"angle":36.1,"extra":1,"ei":1}},{"type":"Feature","geometry":{"type":"Point","coordinates":[24.772388,42.151538]},"properties":{"lines":"6, 22, 26","color":"#0059a9","mode":"bus","arr":["6","22","26"],"angle":-43.6,"mi":1}},{"type":"Feature","geometry":{"type":"Point","coordinates":[24.777357,42.149087]},"properties":{"lines":"6, 22, 26","color":"#0059a9","mode":"bus","arr":["6","22","26"],"angle":46.9,"mi":2}},{"type":"Feature","geometry":{"type":"Point","coordinates":[24.778067,42.149262]},"properties":{"lines":"6, 21, 22, 25, 26, 36, 66, 93","color":"#0059a9","mode":"bus","arr":["6","21","22","25","26","36","66","93"],"angle":4.2}},{"type":"Feature","geometry":{"type":"Point","coordinates":[24.782831,42.148634]},"properties":{"lines":"6, 21, 22, 26, 36, 66","color":"#0059a9","mode":"bus","arr":["6","21","22","26","36","66"],"angle":0.1,"mi":2}},{"type":"Feature","geometry":{"type":"Point","coordinates":[24.779967,42.149133]},"properties":{"lines":"6, 21, 22, 26, 36, 66","color":"#0059a9","mode":"bus","arr":["6","21","22","26","36","66"],"angle":6.9,"mi":6}},{"type":"Feature","geometry":{"type":"Point","coordinates":[24.785643,42.148507]},"properties":{"lines":"6, 21, 22, 26, 36, 66","color":"#0059a9","mode":"bus","arr":["6","21","22","26","36","66"],"angle":4,"extra":1,"ei":0}},{"type":"Feature","geometry":{"type":"Point","coordinates":[24.786562,42.149853]},"properties":{"lines":"6, 21, 26, 36, 66","color":"#0059a9","mode":"bus","arr":["6","21","26","36","66"],"angle":-84.9}},{"type":"Feature","geometry":{"type":"Point","coordinates":[24.786449,42.149022]},"properties":{"lines":"6, 21, 22, 26, 36, 66","color":"#0059a9","mode":"bus","arr":["6","21","22","26","36","66"],"angle":-84.3,"side":-1,"mi":5}},{"type":"Feature","geometry":{"type":"Point","coordinates":[24.787698,42.150227]},"properties":{"lines":"6, 21","color":"#0059a9","mode":"bus","arr":["6","21"],"angle":4.5}},{"type":"Feature","geometry":{"type":"Point","coordinates":[24.789123,42.151259]},"properties":{"lines":"6, 21","color":"#0059a9","mode":"bus","arr":["6","21"],"angle":-85.9,"mi":1}},{"type":"Feature","geometry":{"type":"Point","coordinates":[24.790157,42.155463]},"properties":{"lines":"6, 26, 36","color":"#0059a9","mode":"bus","arr":["6","26","36"],"angle":-70.5,"mi":2}},{"type":"Feature","geometry":{"type":"Point","coordinates":[24.789574,42.153412]},"properties":{"lines":"6, 26, 36","color":"#0059a9","mode":"bus","arr":["6","26","36"],"angle":-84.6,"extra":1,"ei":0}},{"type":"Feature","geometry":{"type":"Point","coordinates":[24.790298,42.156913]},"properties":{"lines":"6, 26, 36","color":"#0059a9","mode":"bus","arr":["6","26","36"],"angle":25.5,"extra":1,"ei":1}},{"type":"Feature","geometry":{"type":"Point","coordinates":[24.788946,42.158239]},"properties":{"lines":"6, 26, 36","color":"#0059a9","mode":"bus","arr":["6","26","36"],"angle":-69.3,"mi":1}},{"type":"Feature","geometry":{"type":"Point","coordinates":[24.787716,42.159364]},"properties":{"lines":"6, 26, 36","color":"#0059a9","mode":"bus","arr":["6","26","36"],"angle":11.2}},{"type":"Feature","geometry":{"type":"Point","coordinates":[24.78425,42.159668]},"properties":{"lines":"6, 26, 36, 116","color":"#0059a9","mode":"bus","arr":["6","26","36","116"],"angle":3.4}},{"type":"Feature","geometry":{"type":"Point","coordinates":[24.781833,42.159764]},"properties":{"lines":"6, 26, 36, 116","color":"#0059a9","mode":"bus","arr":["6","26","36","116"],"angle":2.2,"mi":1}},{"type":"Feature","geometry":{"type":"Point","coordinates":[24.781458,42.159445]},"properties":{"lines":"6, 26, 36","color":"#0059a9","mode":"bus","arr":["6","26","36"],"angle":-4.9,"mi":3}},{"type":"Feature","geometry":{"type":"Point","coordinates":[24.782778,42.149633]},"properties":{"lines":"6, 21, 22, 26, 36, 66","color":"#0059a9","mode":"bus","arr":["6","21","22","26","36","66"],"angle":5.7,"mi":1}},{"type":"Feature","geometry":{"type":"Point","coordinates":[24.785356,42.14897]},"properties":{"lines":"6, 21, 22, 26, 36, 66","color":"#0059a9","mode":"bus","arr":["6","21","22","26","36","66"],"angle":10.1,"mi":4}},{"type":"Feature","geometry":{"type":"Point","coordinates":[24.78387,42.149304]},"properties":{"lines":"6, 21, 22, 26, 36, 66","color":"#0059a9","mode":"bus","arr":["6","21","22","26","36","66"],"angle":-85}},{"type":"Feature","geometry":{"type":"Point","coordinates":[24.781316,42.149378]},"properties":{"lines":"6, 21, 22, 26, 36, 66","color":"#0059a9","mode":"bus","arr":["6","21","22","26","36","66"],"angle":-54,"mi":3}},{"type":"Feature","geometry":{"type":"Point","coordinates":[24.750807,42.152094]},"properties":{"lines":"6, 21, 22, 26, 116","color":"#0059a9","mode":"bus","arr":["6","21","22","26","116"],"angle":-28.2}},{"type":"Feature","geometry":{"type":"Point","coordinates":[24.740039,42.139824]},"properties":{"lines":"6","color":"#0059a9","mode":"bus","arr":["6"],"angle":-43.1}},{"type":"Feature","geometry":{"type":"Point","coordinates":[24.736084,42.14026]},"properties":{"lines":"6, 17, 24, 113, 222","color":"#0059a9","mode":"bus","arr":["6","17","24","113","222"],"angle":36.3}},{"type":"Feature","geometry":{"type":"Point","coordinates":[24.737541,42.139466]},"properties":{"lines":"6, 17, 24, 113, 222","color":"#0059a9","mode":"bus","arr":["6","17","24","113","222"],"angle":35.9,"extra":1,"ei":0}},{"type":"Feature","geometry":{"type":"Point","coordinates":[24.71587,42.135529]},"properties":{"lines":"6, 10, 15, 24, 37, 66","color":"#0059a9","mode":"bus","arr":["6","10","15","24","37","66"],"angle":80.1,"mi":1}},{"type":"Feature","geometry":{"type":"Point","coordinates":[24.716085,42.134202]},"properties":{"lines":"6, 10, 15, 24, 37, 66, 222","color":"#0059a9","mode":"bus","arr":["6","10","15","24","37","66","222"],"angle":79.5,"side":-1}},{"type":"Feature","geometry":{"type":"Point","coordinates":[24.716631,42.131999]},"properties":{"lines":"6, 10, 12, 15, 24, 26, 29, 37, 66, 222","color":"#0059a9","mode":"bus","arr":["6","10","12","15","24","26","29","37","66","222"],"angle":79.6,"side":-1,"mi":4}},{"type":"Feature","geometry":{"type":"Point","coordinates":[24.708756,42.130713]},"properties":{"lines":"6, 10, 12, 15, 24, 26, 29, 37, 66, 222","color":"#0059a9","mode":"bus","arr":["6","10","12","15","24","26","29","37","66","222"],"angle":-25.1}},{"type":"Feature","geometry":{"type":"Point","coordinates":[24.712998,42.131413]},"properties":{"lines":"6, 10, 12, 15, 24, 26, 29, 37, 66, 222","color":"#0059a9","mode":"bus","arr":["6","10","12","15","24","26","29","37","66","222"],"angle":-16.8,"mi":2}},{"type":"Feature","geometry":{"type":"Point","coordinates":[24.708767,42.129867]},"properties":{"lines":"6, 10, 12, 15, 24, 26, 29, 37, 66, 222","color":"#0059a9","mode":"bus","arr":["6","10","12","15","24","26","29","37","66","222"],"angle":77.2,"mi":1}},{"type":"Feature","geometry":{"type":"Point","coordinates":[24.715325,42.132057]},"properties":{"lines":"6, 10, 12, 15, 24, 26, 29, 37, 66, 222","color":"#0059a9","mode":"bus","arr":["6","10","12","15","24","26","29","37","66","222"],"angle":-18.7,"extra":1,"ei":0}},{"type":"Feature","geometry":{"type":"Point","coordinates":[24.710519,42.130897]},"properties":{"lines":"6, 10, 12, 15, 24, 26, 29, 37, 66, 222","color":"#0059a9","mode":"bus","arr":["6","10","12","15","24","26","29","37","66","222"],"angle":-14.1,"extra":1,"ei":1}},{"type":"Feature","geometry":{"type":"Point","coordinates":[24.706577,42.128953]},"properties":{"lines":"6, 10, 12, 15, 24, 26, 29, 37, 66, 222","color":"#0059a9","mode":"bus","arr":["6","10","12","15","24","26","29","37","66","222"],"angle":-14.4,"mi":3}},{"type":"Feature","geometry":{"type":"Point","coordinates":[24.703587,42.13046]},"properties":{"lines":"6, 15, 24, 66, 222","color":"#0059a9","mode":"bus","arr":["6","15","24","66","222"],"angle":76.7,"mi":1}},{"type":"Feature","geometry":{"type":"Point","coordinates":[24.775196,42.166016]},"properties":{"lines":"7","color":"#0059a9","mode":"bus","arr":["7"],"angle":-82.5,"mi":3}},{"type":"Feature","geometry":{"type":"Point","coordinates":[24.772883,42.164097]},"properties":{"lines":"7","color":"#0059a9","mode":"bus","arr":["7"],"angle":-13.7}},{"type":"Feature","geometry":{"type":"Point","coordinates":[24.773491,42.163942]},"properties":{"lines":"7","color":"#0059a9","mode":"bus","arr":["7"],"angle":45.8,"mi":1}},{"type":"Feature","geometry":{"type":"Point","coordinates":[24.771608,42.163341]},"properties":{"lines":"7","color":"#0059a9","mode":"bus","arr":["7"],"angle":-37,"mi":2}},{"type":"Feature","geometry":{"type":"Point","coordinates":[24.767554,42.160982]},"properties":{"lines":"7, 27","color":"#0059a9","mode":"bus","arr":["7","27"],"angle":85.3,"mi":1}},{"type":"Feature","geometry":{"type":"Point","coordinates":[24.76916,42.161892]},"properties":{"lines":"7, 27","color":"#0059a9","mode":"bus","arr":["7","27"],"angle":-38.4,"mi":4}},{"type":"Feature","geometry":{"type":"Point","coordinates":[24.76618,42.160375]},"properties":{"lines":"7, 27","color":"#0059a9","mode":"bus","arr":["7","27"],"angle":-17.3,"extra":1,"ei":0}},{"type":"Feature","geometry":{"type":"Point","coordinates":[24.76216,42.160002]},"properties":{"lines":"7, 27","color":"#0059a9","mode":"bus","arr":["7","27"],"angle":-7.1}},{"type":"Feature","geometry":{"type":"Point","coordinates":[24.7544,42.159381]},"properties":{"lines":"7, 16, 27","color":"#0059a9","mode":"bus","arr":["7","16","27"],"angle":-1.7}},{"type":"Feature","geometry":{"type":"Point","coordinates":[24.758596,42.159525]},"properties":{"lines":"7, 16, 27","color":"#0059a9","mode":"bus","arr":["7","16","27"],"angle":-9.8,"extra":1,"ei":0}},{"type":"Feature","geometry":{"type":"Point","coordinates":[24.756058,42.159416]},"properties":{"lines":"7, 16, 27","color":"#0059a9","mode":"bus","arr":["7","16","27"],"angle":-1.2,"extra":1,"ei":1}},{"type":"Feature","geometry":{"type":"Point","coordinates":[24.750964,42.159319]},"properties":{"lines":"7, 16, 27","color":"#0059a9","mode":"bus","arr":["7","16","27"],"angle":-1,"extra":1,"ei":2}},{"type":"Feature","geometry":{"type":"Point","coordinates":[24.75772,42.159627]},"properties":{"lines":"7, 27","color":"#0059a9","mode":"bus","arr":["7","27"],"angle":-3,"mi":2}},{"type":"Feature","geometry":{"type":"Point","coordinates":[24.759542,42.159811]},"properties":{"lines":"7, 16, 27","color":"#0059a9","mode":"bus","arr":["7","16","27"],"angle":-11.4,"mi":1}},{"type":"Feature","geometry":{"type":"Point","coordinates":[24.760066,42.161802]},"properties":{"lines":"16","color":"#0059a9","mode":"bus","arr":["16"],"angle":88.5,"mi":3}},{"type":"Feature","geometry":{"type":"Point","coordinates":[24.745283,42.135357]},"properties":{"lines":"7, 18, 20, 26, 29","color":"#0059a9","mode":"bus","arr":["7","18","20","26","29"],"angle":-28.3}},{"type":"Feature","geometry":{"type":"Point","coordinates":[24.742131,42.135222]},"properties":{"lines":"7, 20, 26, 29","color":"#0059a9","mode":"bus","arr":["7","20","26","29"],"angle":-14.3}},{"type":"Feature","geometry":{"type":"Point","coordinates":[24.734817,42.133816]},"properties":{"lines":"7, 12, 16, 17, 20, 24, 26, 29, 113, 116, 222","color":"#0059a9","mode":"bus","arr":["7","12","16","17","20","24","26","29","113","116","222"],"angle":-13.9}},{"type":"Feature","geometry":{"type":"Point","coordinates":[24.740369,42.134856]},"properties":{"lines":"7, 12, 16, 17, 20, 24, 26, 29, 113, 116, 222","color":"#0059a9","mode":"bus","arr":["7","12","16","17","20","24","26","29","113","116","222"],"angle":-14,"extra":1,"ei":0}},{"type":"Feature","geometry":{"type":"Point","coordinates":[24.737897,42.1344]},"properties":{"lines":"7, 12, 16, 17, 20, 24, 26, 29, 113, 116, 222","color":"#0059a9","mode":"bus","arr":["7","12","16","17","20","24","26","29","113","116","222"],"angle":-14.3,"extra":1,"ei":1}},{"type":"Feature","geometry":{"type":"Point","coordinates":[24.732951,42.133495]},"properties":{"lines":"7, 12, 16, 17, 20, 24, 26, 29, 113, 116, 222","color":"#0059a9","mode":"bus","arr":["7","12","16","17","20","24","26","29","113","116","222"],"angle":-12.5,"extra":1,"ei":2}},{"type":"Feature","geometry":{"type":"Point","coordinates":[24.730427,42.133368]},"properties":{"lines":"7, 12, 16, 17, 20, 24, 26, 29, 113, 116, 222","color":"#0059a9","mode":"bus","arr":["7","12","16","17","20","24","26","29","113","116","222"],"angle":0.8,"extra":1,"ei":3}},{"type":"Feature","geometry":{"type":"Point","coordinates":[24.726011,42.132657]},"properties":{"lines":"7, 16, 17, 20, 24, 113, 116","color":"#0059a9","mode":"bus","arr":["7","16","17","20","24","113","116"],"angle":-22.2,"mi":1}},{"type":"Feature","geometry":{"type":"Point","coordinates":[24.724648,42.13181]},"properties":{"lines":"7, 16, 17, 20, 24, 113, 116","color":"#0059a9","mode":"bus","arr":["7","16","17","20","24","113","116"],"angle":-55.9,"extra":1,"ei":0}},{"type":"Feature","geometry":{"type":"Point","coordinates":[24.725062,42.131965]},"properties":{"lines":"7, 16, 17, 20, 24, 113, 116","color":"#0059a9","mode":"bus","arr":["7","16","17","20","24","113","116"],"angle":-57.6,"side":-1}},{"type":"Feature","geometry":{"type":"Point","coordinates":[24.723929,42.130862]},"properties":{"lines":"7, 16, 17, 20, 24, 113, 116","color":"#0059a9","mode":"bus","arr":["7","16","17","20","24","113","116"],"angle":-60.8,"extra":1,"ei":0}},{"type":"Feature","geometry":{"type":"Point","coordinates":[24.722659,42.129225]},"properties":{"lines":"7, 16, 17, 20, 24, 113, 116","color":"#0059a9","mode":"bus","arr":["7","16","17","20","24","113","116"],"angle":-60.4,"extra":1,"ei":1}},{"type":"Feature","geometry":{"type":"Point","coordinates":[24.726636,42.132723]},"properties":{"lines":"7, 16, 17, 20, 24, 113, 116","color":"#0059a9","mode":"bus","arr":["7","16","17","20","24","113","116"],"angle":-18.2,"extra":1,"ei":0,"side":-1}},{"type":"Feature","geometry":{"type":"Point","coordinates":[24.728111,42.127568]},"properties":{"lines":"7, 16, 17, 24, 27, 116","color":"#0059a9","mode":"bus","arr":["7","16","17","24","27","116"],"angle":17,"side":-1}},{"type":"Feature","geometry":{"type":"Point","coordinates":[24.724023,42.128657]},"properties":{"lines":"7, 16, 17, 24, 27, 116","color":"#0059a9","mode":"bus","arr":["7","16","17","24","27","116"],"angle":20.6,"extra":1,"ei":0,"side":-1}},{"type":"Feature","geometry":{"type":"Point","coordinates":[24.726408,42.127994]},"properties":{"lines":"7, 16, 17, 24, 27, 116","color":"#0059a9","mode":"bus","arr":["7","16","17","24","27","116"],"angle":19.8,"extra":1,"ei":1,"side":-1}},{"type":"Feature","geometry":{"type":"Point","coordinates":[24.731276,42.126883]},"properties":{"lines":"7, 16, 17, 24, 27, 116","color":"#0059a9","mode":"bus","arr":["7","16","17","24","27","116"],"angle":16,"extra":1,"ei":2,"side":-1}},{"type":"Feature","geometry":{"type":"Point","coordinates":[24.736261,42.125594]},"properties":{"lines":"7, 17, 24, 27, 36, 116","color":"#0059a9","mode":"bus","arr":["7","17","24","27","36","116"],"angle":23.4}},{"type":"Feature","geometry":{"type":"Point","coordinates":[24.734661,42.125998]},"properties":{"lines":"7, 17, 24, 27, 36, 116","color":"#0059a9","mode":"bus","arr":["7","17","24","27","36","116"],"angle":23.4,"extra":1,"ei":0,"side":-1}},{"type":"Feature","geometry":{"type":"Point","coordinates":[24.737811,42.125091]},"properties":{"lines":"7, 17, 24, 27, 36, 116","color":"#0059a9","mode":"bus","arr":["7","17","24","27","36","116"],"angle":23.5,"extra":1,"ei":0}},{"type":"Feature","geometry":{"type":"Point","coordinates":[24.733866,42.116644]},"properties":{"lines":"7","color":"#0059a9","mode":"bus","arr":["7"],"angle":-55.3}},{"type":"Feature","geometry":{"type":"Point","coordinates":[24.735399,42.11861]},"properties":{"lines":"7","color":"#0059a9","mode":"bus","arr":["7"],"angle":-73.4,"extra":1,"ei":0}},{"type":"Feature","geometry":{"type":"Point","coordinates":[24.732928,42.115346]},"properties":{"lines":"7","color":"#0059a9","mode":"bus","arr":["7"],"angle":-69.9,"extra":1,"ei":1}},{"type":"Feature","geometry":{"type":"Point","coordinates":[24.730062,42.109881]},"properties":{"lines":"7, 113","color":"#0059a9","mode":"bus","arr":["7","113"],"angle":-68.7,"mi":2}},{"type":"Feature","geometry":{"type":"Point","coordinates":[24.728783,42.107077]},"properties":{"lines":"7, 113","color":"#0059a9","mode":"bus","arr":["7","113"],"angle":-73.1,"extra":1,"ei":0}},{"type":"Feature","geometry":{"type":"Point","coordinates":[24.731405,42.112396]},"properties":{"lines":"7, 113","color":"#0059a9","mode":"bus","arr":["7","113"],"angle":-67.9,"extra":1,"ei":1}},{"type":"Feature","geometry":{"type":"Point","coordinates":[24.740236,42.112494]},"properties":{"lines":"7, 113","color":"#0059a9","mode":"bus","arr":["7","113"],"angle":85.2,"mi":1}},{"type":"Feature","geometry":{"type":"Point","coordinates":[24.735957,42.112547]},"properties":{"lines":"7, 113","color":"#0059a9","mode":"bus","arr":["7","113"],"angle":2.8}},{"type":"Feature","geometry":{"type":"Point","coordinates":[24.733455,42.113133]},"properties":{"lines":"7, 113","color":"#0059a9","mode":"bus","arr":["7","113"],"angle":21.3,"extra":1,"ei":0}},{"type":"Feature","geometry":{"type":"Point","coordinates":[24.73841,42.112458]},"properties":{"lines":"7, 113","color":"#0059a9","mode":"bus","arr":["7","113"],"angle":2.3,"extra":1,"ei":1}},{"type":"Feature","geometry":{"type":"Point","coordinates":[24.742162,42.135097]},"properties":{"lines":"7, 12, 16, 17, 18, 20, 24, 26, 29, 113, 116, 222","color":"#0059a9","mode":"bus","arr":["7","12","16","17","18","20","24","26","29","113","116","222"],"angle":-17.8,"side":-1}},{"type":"Feature","geometry":{"type":"Point","coordinates":[24.756792,42.159302]},"properties":{"lines":"7, 27","color":"#0059a9","mode":"bus","arr":["7","27"],"angle":-1.4,"side":-1,"mi":3}},{"type":"Feature","geometry":{"type":"Point","coordinates":[24.75024,42.159202]},"properties":{"lines":"7, 27","color":"#0059a9","mode":"bus","arr":["7","27"],"angle":-1.2,"extra":1,"ei":0,"side":-1}},{"type":"Feature","geometry":{"type":"Point","coordinates":[24.752786,42.159249]},"properties":{"lines":"7, 27","color":"#0059a9","mode":"bus","arr":["7","27"],"angle":-1.6,"extra":1,"ei":1,"side":-1}},{"type":"Feature","geometry":{"type":"Point","coordinates":[24.760383,42.159666]},"properties":{"lines":"7, 27","color":"#0059a9","mode":"bus","arr":["7","27"],"angle":-11.7,"extra":1,"ei":2,"side":-1}},{"type":"Feature","geometry":{"type":"Point","coordinates":[24.7629,42.159953]},"properties":{"lines":"7, 27","color":"#0059a9","mode":"bus","arr":["7","27"],"angle":-7.3,"extra":1,"ei":3,"side":-1}},{"type":"Feature","geometry":{"type":"Point","coordinates":[24.776955,42.132324]},"properties":{"lines":"9, 21, 25, 29, 66","color":"#0059a9","mode":"bus","arr":["9","21","25","29","66"],"angle":-26,"mi":1}},{"type":"Feature","geometry":{"type":"Point","coordinates":[24.775219,42.133627]},"properties":{"lines":"9, 10, 21, 25, 29, 66, 99","color":"#0059a9","mode":"bus","arr":["9","10","21","25","29","66","99"],"angle":-21.2,"mi":1}},{"type":"Feature","geometry":{"type":"Point","coordinates":[24.779298,42.133683]},"properties":{"lines":"9, 10, 21, 25, 29, 66, 99","color":"#0059a9","mode":"bus","arr":["9","10","21","25","29","66","99"],"angle":1.5}},{"type":"Feature","geometry":{"type":"Point","coordinates":[24.779987,42.132524]},"properties":{"lines":"9, 10, 21, 25, 29, 66, 99","color":"#0059a9","mode":"bus","arr":["9","10","21","25","29","66","99"],"angle":-89.4,"mi":3}},{"type":"Feature","geometry":{"type":"Point","coordinates":[24.778237,42.131103]},"properties":{"lines":"9, 21, 25, 29, 66","color":"#0059a9","mode":"bus","arr":["9","21","25","29","66"],"angle":-11.6}},{"type":"Feature","geometry":{"type":"Point","coordinates":[24.776457,42.130758]},"properties":{"lines":"9, 21, 25, 29, 66","color":"#0059a9","mode":"bus","arr":["9","21","25","29","66"],"angle":-19.8,"extra":1,"ei":0}},{"type":"Feature","geometry":{"type":"Point","coordinates":[24.776982,42.12924]},"properties":{"lines":"9, 21, 25, 29, 66","color":"#0059a9","mode":"bus","arr":["9","21","25","29","66"],"angle":66.5,"mi":2}},{"type":"Feature","geometry":{"type":"Point","coordinates":[24.791678,42.142956]},"properties":{"lines":"9, 18, 24, 29","color":"#0059a9","mode":"bus","arr":["9","18","24","29"],"angle":17.1}},{"type":"Feature","geometry":{"type":"Point","coordinates":[24.79432,42.141409]},"properties":{"lines":"9, 18, 24, 29","color":"#0059a9","mode":"bus","arr":["9","18","24","29"],"angle":58,"extra":1,"ei":0}},{"type":"Feature","geometry":{"type":"Point","coordinates":[24.788572,42.141578]},"properties":{"lines":"9, 18, 24, 29","color":"#0059a9","mode":"bus","arr":["9","18","24","29"],"angle":-49.5,"extra":1,"ei":1}},{"type":"Feature","geometry":{"type":"Point","coordinates":[24.786812,42.142215]},"properties":{"lines":"9, 18, 24, 25, 29, 44, 93","color":"#0059a9","mode":"bus","arr":["9","18","24","25","29","44","93"],"angle":46.3}},{"type":"Feature","geometry":{"type":"Point","coordinates":[24.774588,42.139254]},"properties":{"lines":"9, 18, 24, 29, 44","color":"#0059a9","mode":"bus","arr":["9","18","24","29","44"],"angle":-26.4,"side":-1}},{"type":"Feature","geometry":{"type":"Point","coordinates":[24.78423,42.142999]},"properties":{"lines":"9, 18, 24, 29, 44","color":"#0059a9","mode":"bus","arr":["9","18","24","29","44"],"angle":-30.3,"extra":1,"ei":0}},{"type":"Feature","geometry":{"type":"Point","coordinates":[24.781977,42.142117]},"properties":{"lines":"9, 18, 24, 29, 44","color":"#0059a9","mode":"bus","arr":["9","18","24","29","44"],"angle":-26.7,"extra":1,"ei":1}},{"type":"Feature","geometry":{"type":"Point","coordinates":[24.779702,42.141267]},"properties":{"lines":"9, 18, 24, 29, 44","color":"#0059a9","mode":"bus","arr":["9","18","24","29","44"],"angle":-26.7,"extra":1,"ei":2}},{"type":"Feature","geometry":{"type":"Point","coordinates":[24.777426,42.140419]},"properties":{"lines":"9, 18, 24, 29, 44","color":"#0059a9","mode":"bus","arr":["9","18","24","29","44"],"angle":-26.7,"extra":1,"ei":3}},{"type":"Feature","geometry":{"type":"Point","coordinates":[24.772859,42.138745]},"properties":{"lines":"9, 18, 24, 29, 44","color":"#0059a9","mode":"bus","arr":["9","18","24","29","44"],"angle":-25.3,"extra":1,"ei":4}},{"type":"Feature","geometry":{"type":"Point","coordinates":[24.770554,42.137942]},"properties":{"lines":"9, 18, 24, 29, 44","color":"#0059a9","mode":"bus","arr":["9","18","24","29","44"],"angle":-25.2,"extra":1,"ei":5}},{"type":"Feature","geometry":{"type":"Point","coordinates":[24.768246,42.137142]},"properties":{"lines":"9, 18, 24, 29, 44","color":"#0059a9","mode":"bus","arr":["9","18","24","29","44"],"angle":-24.7,"extra":1,"ei":6}},{"type":"Feature","geometry":{"type":"Point","coordinates":[24.765929,42.136357]},"properties":{"lines":"9, 18, 24, 29, 44","color":"#0059a9","mode":"bus","arr":["9","18","24","29","44"],"angle":-24.1,"extra":1,"ei":7}},{"type":"Feature","geometry":{"type":"Point","coordinates":[24.763297,42.135804]},"properties":{"lines":"9, 10, 18, 29, 44, 99","color":"#0059a9","mode":"bus","arr":["9","10","18","29","44","99"],"angle":65,"side":-1}},{"type":"Feature","geometry":{"type":"Point","coordinates":[24.763096,42.138551]},"properties":{"lines":"9, 10, 36","color":"#0059a9","mode":"bus","arr":["9","10","36"],"angle":-89.1,"side":-1}},{"type":"Feature","geometry":{"type":"Point","coordinates":[24.763067,42.137142]},"properties":{"lines":"9, 10, 36","color":"#0059a9","mode":"bus","arr":["9","10","36"],"angle":-89.5,"extra":1,"ei":0,"side":-1}},{"type":"Feature","geometry":{"type":"Point","coordinates":[24.762937,42.139925]},"properties":{"lines":"9, 10, 36","color":"#0059a9","mode":"bus","arr":["9","10","36"],"angle":-88.8,"extra":1,"ei":0}},{"type":"Feature","geometry":{"type":"Point","coordinates":[24.759848,42.140321]},"properties":{"lines":"9","color":"#0059a9","mode":"bus","arr":["9"],"angle":-14.3}},{"type":"Feature","geometry":{"type":"Point","coordinates":[24.761932,42.140692]},"properties":{"lines":"9","color":"#0059a9","mode":"bus","arr":["9"],"angle":-12.9,"extra":1,"ei":0}},{"type":"Feature","geometry":{"type":"Point","coordinates":[24.756983,42.139797]},"properties":{"lines":"9","color":"#0059a9","mode":"bus","arr":["9"],"angle":-12.3,"extra":1,"ei":1}},{"type":"Feature","geometry":{"type":"Point","coordinates":[24.755764,42.140914]},"properties":{"lines":"9","color":"#0059a9","mode":"bus","arr":["9"],"angle":75.6,"mi":1}},{"type":"Feature","geometry":{"type":"Point","coordinates":[24.753553,42.141839]},"properties":{"lines":"9, 10, 66, 93","color":"#0059a9","mode":"bus","arr":["9","10","66","93"],"angle":-11.2,"mi":2}},{"type":"Feature","geometry":{"type":"Point","coordinates":[24.749739,42.164707]},"properties":{"lines":"9, 15","color":"#0059a9","mode":"bus","arr":["9","15"],"angle":-58.7}},{"type":"Feature","geometry":{"type":"Point","coordinates":[24.750754,42.165983]},"properties":{"lines":"9, 15","color":"#0059a9","mode":"bus","arr":["9","15"],"angle":-59.8,"extra":1,"ei":0}},{"type":"Feature","geometry":{"type":"Point","coordinates":[24.747559,42.163191]},"properties":{"lines":"9, 15","color":"#0059a9","mode":"bus","arr":["9","15"],"angle":-15.2,"extra":1,"ei":1}},{"type":"Feature","geometry":{"type":"Point","coordinates":[24.754786,42.171888]},"properties":{"lines":"9, 12, 15","color":"#0059a9","mode":"bus","arr":["9","12","15"],"angle":-62.7}},{"type":"Feature","geometry":{"type":"Point","coordinates":[24.751945,42.167652]},"properties":{"lines":"9, 12, 15","color":"#0059a9","mode":"bus","arr":["9","12","15"],"angle":-64.1,"extra":1,"ei":0}},{"type":"Feature","geometry":{"type":"Point","coordinates":[24.753078,42.169343]},"properties":{"lines":"9, 12, 15","color":"#0059a9","mode":"bus","arr":["9","12","15"],"angle":-64.2,"extra":1,"ei":1}},{"type":"Feature","geometry":{"type":"Point","coordinates":[24.756517,42.174402]},"properties":{"lines":"9, 12, 15","color":"#0059a9","mode":"bus","arr":["9","12","15"],"angle":-60.8,"extra":1,"ei":2}},{"type":"Feature","geometry":{"type":"Point","coordinates":[24.758094,42.175877]},"properties":{"lines":"9, 12, 15","color":"#0059a9","mode":"bus","arr":["9","12","15"],"angle":-47.9,"extra":1,"ei":3}},{"type":"Feature","geometry":{"type":"Point","coordinates":[24.742849,42.162054]},"properties":{"lines":"9, 15, 25","color":"#0059a9","mode":"bus","arr":["9","15","25"],"angle":-73.6}},{"type":"Feature","geometry":{"type":"Point","coordinates":[24.744101,42.161102]},"properties":{"lines":"9, 15, 25","color":"#0059a9","mode":"bus","arr":["9","15","25"],"angle":16.2,"mi":1}},{"type":"Feature","geometry":{"type":"Point","coordinates":[24.752805,42.143612]},"properties":{"lines":"9, 10, 66, 93","color":"#0059a9","mode":"bus","arr":["9","10","66","93"],"angle":-27.4,"side":-1,"mi":1}},{"type":"Feature","geometry":{"type":"Point","coordinates":[24.758452,42.146004]},"properties":{"lines":"10, 66, 93","color":"#0059a9","mode":"bus","arr":["10","66","93"],"angle":-22.3,"side":-1}},{"type":"Feature","geometry":{"type":"Point","coordinates":[24.755238,42.144962]},"properties":{"lines":"10, 66, 93","color":"#0059a9","mode":"bus","arr":["10","66","93"],"angle":-23.6,"extra":1,"ei":0,"side":-1}},{"type":"Feature","geometry":{"type":"Point","coordinates":[24.75998,42.146315]},"properties":{"lines":"10, 66, 93","color":"#0059a9","mode":"bus","arr":["10","66","93"],"angle":-13.2,"extra":1,"ei":1,"side":-1}},{"type":"Feature","geometry":{"type":"Point","coordinates":[24.76246,42.146745]},"properties":{"lines":"10, 66, 93","color":"#0059a9","mode":"bus","arr":["10","66","93"],"angle":-13.2,"extra":1,"ei":2,"side":-1}},{"type":"Feature","geometry":{"type":"Point","coordinates":[24.754407,42.144437]},"properties":{"lines":"9, 10, 66","color":"#0059a9","mode":"bus","arr":["9","10","66"],"angle":26,"side":-1}},{"type":"Feature","geometry":{"type":"Point","coordinates":[24.754988,42.143209]},"properties":{"lines":"9, 10, 66, 93","color":"#0059a9","mode":"bus","arr":["9","10","66","93"],"angle":76.5}},{"type":"Feature","geometry":{"type":"Point","coordinates":[24.762981,42.136372]},"properties":{"lines":"9, 10","color":"#0059a9","mode":"bus","arr":["9","10"],"angle":72.7}},{"type":"Feature","geometry":{"type":"Point","coordinates":[24.775295,42.132009]},"properties":{"lines":"9, 10, 21, 25, 29, 66, 99","color":"#0059a9","mode":"bus","arr":["9","10","21","25","29","66","99"],"angle":64.2,"mi":2}},{"type":"Feature","geometry":{"type":"Point","coordinates":[24.774548,42.133223]},"properties":{"lines":"9, 10, 21, 25, 29, 66, 99","color":"#0059a9","mode":"bus","arr":["9","10","21","25","29","66","99"],"angle":64.8,"extra":1,"ei":0,"side":-1}},{"type":"Feature","geometry":{"type":"Point","coordinates":[24.701922,42.128085]},"properties":{"lines":"10, 12, 26, 29, 37","color":"#0059a9","mode":"bus","arr":["10","12","26","29","37"],"angle":4.2,"mi":2}},{"type":"Feature","geometry":{"type":"Point","coordinates":[24.706583,42.128731]},"properties":{"lines":"10, 12, 26, 29, 37","color":"#0059a9","mode":"bus","arr":["10","12","26","29","37"],"angle":79.3}},{"type":"Feature","geometry":{"type":"Point","coordinates":[24.703174,42.12829]},"properties":{"lines":"10, 12, 26, 29, 37","color":"#0059a9","mode":"bus","arr":["10","12","26","29","37"],"angle":-15.4,"mi":1}},{"type":"Feature","geometry":{"type":"Point","coordinates":[24.708892,42.13058]},"properties":{"lines":"10, 12, 26, 29, 37","color":"#0059a9","mode":"bus","arr":["10","12","26","29","37"],"angle":-26.4,"side":-1,"mi":3}},{"type":"Feature","geometry":{"type":"Point","coordinates":[24.719315,42.139907]},"properties":{"lines":"10, 15","color":"#0059a9","mode":"bus","arr":["10","15"],"angle":68.7}},{"type":"Feature","geometry":{"type":"Point","coordinates":[24.719907,42.138775]},"properties":{"lines":"10, 15","color":"#0059a9","mode":"bus","arr":["10","15"],"angle":68.8,"extra":1,"ei":0}},{"type":"Feature","geometry":{"type":"Point","coordinates":[24.729513,42.143215]},"properties":{"lines":"10, 15","color":"#0059a9","mode":"bus","arr":["10","15"],"angle":-1.5,"mi":3}},{"type":"Feature","geometry":{"type":"Point","coordinates":[24.71977,42.142562]},"properties":{"lines":"10, 15","color":"#0059a9","mode":"bus","arr":["10","15"],"angle":-30,"mi":1}},{"type":"Feature","geometry":{"type":"Point","coordinates":[24.72768,42.143175]},"properties":{"lines":"10, 15","color":"#0059a9","mode":"bus","arr":["10","15"],"angle":-1.9,"extra":1,"ei":0}},{"type":"Feature","geometry":{"type":"Point","coordinates":[24.723901,42.143052]},"properties":{"lines":"10, 15, 17","color":"#0059a9","mode":"bus","arr":["10","15","17"],"angle":-3}},{"type":"Feature","geometry":{"type":"Point","coordinates":[24.732949,42.142745]},"properties":{"lines":"10, 17, 113, 222","color":"#0059a9","mode":"bus","arr":["10","17","113","222"],"angle":66.3}},{"type":"Feature","geometry":{"type":"Point","coordinates":[24.745378,42.142779]},"properties":{"lines":"10, 66","color":"#0059a9","mode":"bus","arr":["10","66"],"angle":-62.8,"mi":1}},{"type":"Feature","geometry":{"type":"Point","coordinates":[24.743513,42.142428]},"properties":{"lines":"10, 66","color":"#0059a9","mode":"bus","arr":["10","66"],"angle":-14.2,"mi":4}},{"type":"Feature","geometry":{"type":"Point","coordinates":[24.750005,42.143028]},"properties":{"lines":"10, 66","color":"#0059a9","mode":"bus","arr":["10","66"],"angle":-7.8,"extra":1,"ei":0}},{"type":"Feature","geometry":{"type":"Point","coordinates":[24.747489,42.143106]},"properties":{"lines":"10, 66","color":"#0059a9","mode":"bus","arr":["10","66"],"angle":6.2,"extra":1,"ei":1}},{"type":"Feature","geometry":{"type":"Point","coordinates":[24.752929,42.144002]},"properties":{"lines":"10, 66","color":"#0059a9","mode":"bus","arr":["10","66"],"angle":-16.8,"mi":2}},{"type":"Feature","geometry":{"type":"Point","coordinates":[24.751165,42.143486]},"properties":{"lines":"10, 66","color":"#0059a9","mode":"bus","arr":["10","66"],"angle":-29.9,"extra":1,"ei":0}},{"type":"Feature","geometry":{"type":"Point","coordinates":[24.752133,42.145106]},"properties":{"lines":"10, 66","color":"#0059a9","mode":"bus","arr":["10","66"],"angle":-7.2}},{"type":"Feature","geometry":{"type":"Point","coordinates":[24.75319,42.145306]},"properties":{"lines":"10, 66","color":"#0059a9","mode":"bus","arr":["10","66"],"angle":-10.8,"mi":3}},{"type":"Feature","geometry":{"type":"Point","coordinates":[24.754141,42.145348]},"properties":{"lines":"10, 66","color":"#0059a9","mode":"bus","arr":["10","66"],"angle":14.6,"mi":5}},{"type":"Feature","geometry":{"type":"Point","coordinates":[24.754436,42.145063]},"properties":{"lines":"10, 66","color":"#0059a9","mode":"bus","arr":["10","66"],"angle":77.5,"side":-1,"mi":6}},{"type":"Feature","geometry":{"type":"Point","coordinates":[24.76305,42.143858]},"properties":{"lines":"10, 36","color":"#0059a9","mode":"bus","arr":["10","36"],"angle":-88.7}},{"type":"Feature","geometry":{"type":"Point","coordinates":[24.763081,42.145904]},"properties":{"lines":"10, 36","color":"#0059a9","mode":"bus","arr":["10","36"],"angle":-89.7,"extra":1,"ei":0}},{"type":"Feature","geometry":{"type":"Point","coordinates":[24.763008,42.142127]},"properties":{"lines":"10, 36","color":"#0059a9","mode":"bus","arr":["10","36"],"angle":-88.9,"extra":1,"ei":1}},{"type":"Feature","geometry":{"type":"Point","coordinates":[24.765525,42.133183]},"properties":{"lines":"10, 17, 99","color":"#0059a9","mode":"bus","arr":["10","17","99"],"angle":54.7}},{"type":"Feature","geometry":{"type":"Point","coordinates":[24.764116,42.134601]},"properties":{"lines":"10, 17, 99","color":"#0059a9","mode":"bus","arr":["10","17","99"],"angle":63.5,"extra":1,"ei":0,"side":-1}},{"type":"Feature","geometry":{"type":"Point","coordinates":[24.766905,42.131446]},"properties":{"lines":"10, 17, 99","color":"#0059a9","mode":"bus","arr":["10","17","99"],"angle":59.2,"extra":1,"ei":1,"side":-1}},{"type":"Feature","geometry":{"type":"Point","coordinates":[24.774148,42.12961]},"properties":{"lines":"10, 99","color":"#0059a9","mode":"bus","arr":["10","99"],"angle":-36.8,"mi":1}},{"type":"Feature","geometry":{"type":"Point","coordinates":[24.775643,42.130083]},"properties":{"lines":"10, 99","color":"#0059a9","mode":"bus","arr":["10","99"],"angle":-27.8,"extra":1,"ei":0,"side":-1}},{"type":"Feature","geometry":{"type":"Point","coordinates":[24.772877,42.128904]},"properties":{"lines":"10, 99","color":"#0059a9","mode":"bus","arr":["10","99"],"angle":-36.8,"extra":1,"ei":0}},{"type":"Feature","geometry":{"type":"Point","coordinates":[24.777317,42.133698]},"properties":{"lines":"10, 99","color":"#0059a9","mode":"bus","arr":["10","99"],"angle":0.5,"mi":2}},{"type":"Feature","geometry":{"type":"Point","coordinates":[24.780565,42.129994]},"properties":{"lines":"10, 99","color":"#0059a9","mode":"bus","arr":["10","99"],"angle":79.7,"mi":3}},{"type":"Feature","geometry":{"type":"Point","coordinates":[24.780899,42.128611]},"properties":{"lines":"10, 99","color":"#0059a9","mode":"bus","arr":["10","99"],"angle":78.3,"extra":1,"ei":0}},{"type":"Feature","geometry":{"type":"Point","coordinates":[24.799698,42.144983]},"properties":{"lines":"10, 17, 21, 66","color":"#0059a9","mode":"bus","arr":["10","17","21","66"],"angle":-37.7,"mi":3}},{"type":"Feature","geometry":{"type":"Point","coordinates":[24.801948,42.144607]},"properties":{"lines":"10, 17, 21, 66","color":"#0059a9","mode":"bus","arr":["10","17","21","66"],"angle":49.6}},{"type":"Feature","geometry":{"type":"Point","coordinates":[24.803508,42.142289]},"properties":{"lines":"10, 17, 21, 66","color":"#0059a9","mode":"bus","arr":["10","17","21","66"],"angle":-77.4,"mi":1}},{"type":"Feature","geometry":{"type":"Point","coordinates":[24.803094,42.140913]},"properties":{"lines":"10, 17, 21, 66","color":"#0059a9","mode":"bus","arr":["10","17","21","66"],"angle":-77.5,"extra":1,"ei":0}},{"type":"Feature","geometry":{"type":"Point","coordinates":[24.77569,42.131238]},"properties":{"lines":"10, 99","color":"#0059a9","mode":"bus","arr":["10","99"],"angle":71.4,"side":-1}},{"type":"Feature","geometry":{"type":"Point","coordinates":[24.73427,42.141802]},"properties":{"lines":"10, 66","color":"#0059a9","mode":"bus","arr":["10","66"],"angle":-6.4,"mi":7}},{"type":"Feature","geometry":{"type":"Point","coordinates":[24.72017,42.138006]},"properties":{"lines":"10, 15","color":"#0059a9","mode":"bus","arr":["10","15"],"angle":-73.2,"mi":2}},{"type":"Feature","geometry":{"type":"Point","coordinates":[24.761063,42.103348]},"properties":{"lines":"11, 116","color":"#0059a9","mode":"bus","arr":["11","116"],"angle":84.3,"mi":1}},{"type":"Feature","geometry":{"type":"Point","coordinates":[24.761402,42.105563]},"properties":{"lines":"11, 116","color":"#0059a9","mode":"bus","arr":["11","116"],"angle":76}},{"type":"Feature","geometry":{"type":"Point","coordinates":[24.759569,42.110986]},"properties":{"lines":"11, 116","color":"#0059a9","mode":"bus","arr":["11","116"],"angle":84.7,"side":-1,"mi":2}},{"type":"Feature","geometry":{"type":"Point","coordinates":[24.760199,42.107204]},"properties":{"lines":"11, 116","color":"#0059a9","mode":"bus","arr":["11","116"],"angle":83.6,"extra":1,"ei":0}},{"type":"Feature","geometry":{"type":"Point","coordinates":[24.759943,42.109083]},"properties":{"lines":"11, 116","color":"#0059a9","mode":"bus","arr":["11","116"],"angle":84.4,"extra":1,"ei":1}},{"type":"Feature","geometry":{"type":"Point","coordinates":[24.759481,42.112845]},"properties":{"lines":"11, 116","color":"#0059a9","mode":"bus","arr":["11","116"],"angle":84.8,"extra":1,"ei":2}},{"type":"Feature","geometry":{"type":"Point","coordinates":[24.759231,42.114724]},"properties":{"lines":"11, 116","color":"#0059a9","mode":"bus","arr":["11","116"],"angle":85.4,"extra":1,"ei":3}},{"type":"Feature","geometry":{"type":"Point","coordinates":[24.759036,42.116607]},"properties":{"lines":"11, 116","color":"#0059a9","mode":"bus","arr":["11","116"],"angle":85.6,"extra":1,"ei":4}},{"type":"Feature","geometry":{"type":"Point","coordinates":[24.75885,42.118491]},"properties":{"lines":"11, 116","color":"#0059a9","mode":"bus","arr":["11","116"],"angle":85.8,"extra":1,"ei":5}},{"type":"Feature","geometry":{"type":"Point","coordinates":[24.760392,42.104794]},"properties":{"lines":"11, 116","color":"#0059a9","mode":"bus","arr":["11","116"],"angle":85.5,"extra":1,"ei":0,"side":-1}},{"type":"Feature","geometry":{"type":"Point","coordinates":[24.757124,42.118928]},"properties":{"lines":"11, 17, 24, 37, 116","color":"#0059a9","mode":"bus","arr":["11","17","24","37","116"],"angle":-5.4}},{"type":"Feature","geometry":{"type":"Point","coordinates":[24.751687,42.118911]},"properties":{"lines":"11","color":"#0059a9","mode":"bus","arr":["11"],"angle":-3.2,"mi":4}},{"type":"Feature","geometry":{"type":"Point","coordinates":[24.754605,42.119086]},"properties":{"lines":"11","color":"#0059a9","mode":"bus","arr":["11"],"angle":-5.2,"extra":1,"ei":0}},{"type":"Feature","geometry":{"type":"Point","coordinates":[24.749523,42.118823]},"properties":{"lines":"11","color":"#0059a9","mode":"bus","arr":["11"],"angle":-4,"extra":1,"ei":1}},{"type":"Feature","geometry":{"type":"Point","coordinates":[24.747595,42.12081]},"properties":{"lines":"11","color":"#0059a9","mode":"bus","arr":["11"],"angle":-88,"mi":1}},{"type":"Feature","geometry":{"type":"Point","coordinates":[24.748111,42.128213]},"properties":{"lines":"11","color":"#0059a9","mode":"bus","arr":["11"],"angle":-86.2,"mi":2}},{"type":"Feature","geometry":{"type":"Point","coordinates":[24.750011,42.122449]},"properties":{"lines":"11, 17, 24, 36, 116","color":"#0059a9","mode":"bus","arr":["11","17","24","36","116"],"angle":6,"side":-1}},{"type":"Feature","geometry":{"type":"Point","coordinates":[24.752289,42.124166]},"properties":{"lines":"11, 36","color":"#0059a9","mode":"bus","arr":["11","36"],"angle":88.2}},{"type":"Feature","geometry":{"type":"Point","coordinates":[24.752218,42.125465]},"properties":{"lines":"11, 36","color":"#0059a9","mode":"bus","arr":["11","36"],"angle":89.7,"extra":1,"ei":0}},{"type":"Feature","geometry":{"type":"Point","coordinates":[24.752217,42.125904]},"properties":{"lines":"11","color":"#0059a9","mode":"bus","arr":["11"],"angle":89.9}},{"type":"Feature","geometry":{"type":"Point","coordinates":[24.749356,42.126239]},"properties":{"lines":"11, 36, 37","color":"#0059a9","mode":"bus","arr":["11","36","37"],"angle":3.4}},{"type":"Feature","geometry":{"type":"Point","coordinates":[24.750945,42.126168]},"properties":{"lines":"11, 36, 37","color":"#0059a9","mode":"bus","arr":["11","36","37"],"angle":3.4,"extra":1,"ei":0}},{"type":"Feature","geometry":{"type":"Point","coordinates":[24.746247,42.130223]},"properties":{"lines":"11, 37","color":"#0059a9","mode":"bus","arr":["11","37"],"angle":4.3}},{"type":"Feature","geometry":{"type":"Point","coordinates":[24.744501,42.130326]},"properties":{"lines":"11, 37","color":"#0059a9","mode":"bus","arr":["11","37"],"angle":5.3,"extra":1,"ei":0}},{"type":"Feature","geometry":{"type":"Point","coordinates":[24.739604,42.15099]},"properties":{"lines":"11, 12, 16, 18, 20, 21","color":"#0059a9","mode":"bus","arr":["11","12","16","18","20","21"],"angle":62.9,"side":-1,"mi":3}},{"type":"Feature","geometry":{"type":"Point","coordinates":[24.738533,42.155821]},"properties":{"lines":"11, 12, 16, 18, 20, 21","color":"#0059a9","mode":"bus","arr":["11","12","16","18","20","21"],"angle":89.8,"side":-1}},{"type":"Feature","geometry":{"type":"Point","coordinates":[24.738696,42.153528]},"properties":{"lines":"11, 12, 16, 18, 20, 21","color":"#0059a9","mode":"bus","arr":["11","12","16","18","20","21"],"angle":89.6,"extra":1,"ei":0}},{"type":"Feature","geometry":{"type":"Point","coordinates":[24.738047,42.15883]},"properties":{"lines":"11, 12, 16, 18, 20, 21","color":"#0059a9","mode":"bus","arr":["11","12","16","18","20","21"],"angle":82.6,"extra":1,"ei":0}},{"type":"Feature","geometry":{"type":"Point","coordinates":[24.73922,42.156096]},"properties":{"lines":"11, 12, 16, 18, 20, 21","color":"#0059a9","mode":"bus","arr":["11","12","16","18","20","21"],"angle":-37.8,"mi":1}},{"type":"Feature","geometry":{"type":"Point","coordinates":[24.739241,42.156537]},"properties":{"lines":"11, 12, 16, 18, 20, 21","color":"#0059a9","mode":"bus","arr":["11","12","16","18","20","21"],"angle":-39.3,"mi":2}},{"type":"Feature","geometry":{"type":"Point","coordinates":[24.72425,42.157647]},"properties":{"lines":"11, 44, 113, 222","color":"#0059a9","mode":"bus","arr":["11","44","113","222"],"angle":75.8,"mi":2}},{"type":"Feature","geometry":{"type":"Point","coordinates":[24.726627,42.158393]},"properties":{"lines":"11, 44, 113, 222","color":"#0059a9","mode":"bus","arr":["11","44","113","222"],"angle":-12.6}},{"type":"Feature","geometry":{"type":"Point","coordinates":[24.721735,42.16072]},"properties":{"lines":"11, 113","color":"#0059a9","mode":"bus","arr":["11","113"],"angle":-41.1}},{"type":"Feature","geometry":{"type":"Point","coordinates":[24.725485,42.163135]},"properties":{"lines":"11, 113","color":"#0059a9","mode":"bus","arr":["11","113"],"angle":-41.3,"extra":1,"ei":0}},{"type":"Feature","geometry":{"type":"Point","coordinates":[24.723564,42.161894]},"properties":{"lines":"11, 113","color":"#0059a9","mode":"bus","arr":["11","113"],"angle":-40.8,"extra":1,"ei":1}},{"type":"Feature","geometry":{"type":"Point","coordinates":[24.720222,42.159207]},"properties":{"lines":"11, 113","color":"#0059a9","mode":"bus","arr":["11","113"],"angle":84.3,"extra":1,"ei":2}},{"type":"Feature","geometry":{"type":"Point","coordinates":[24.720618,42.157342]},"properties":{"lines":"11, 113","color":"#0059a9","mode":"bus","arr":["11","113"],"angle":79.7,"extra":1,"ei":3}},{"type":"Feature","geometry":{"type":"Point","coordinates":[24.722232,42.167228]},"properties":{"lines":"11, 93, 113","color":"#0059a9","mode":"bus","arr":["11","93","113"],"angle":48.5,"side":-1,"mi":1}},{"type":"Feature","geometry":{"type":"Point","coordinates":[24.725786,42.164422]},"properties":{"lines":"11, 93, 113","color":"#0059a9","mode":"bus","arr":["11","93","113"],"angle":44.5}},{"type":"Feature","geometry":{"type":"Point","coordinates":[24.723833,42.165987]},"properties":{"lines":"11, 93, 113","color":"#0059a9","mode":"bus","arr":["11","93","113"],"angle":49.8,"extra":1,"ei":0}},{"type":"Feature","geometry":{"type":"Point","coordinates":[24.720521,42.168857]},"properties":{"lines":"11, 93, 113","color":"#0059a9","mode":"bus","arr":["11","93","113"],"angle":48.7,"extra":1,"ei":1}},{"type":"Feature","geometry":{"type":"Point","coordinates":[24.725618,42.16435]},"properties":{"lines":"11, 93","color":"#0059a9","mode":"bus","arr":["11","93"],"angle":43.8,"side":-1}},{"type":"Feature","geometry":{"type":"Point","coordinates":[24.75001,42.151446]},"properties":{"lines":"11, 20, 37, 44, 93, 99","color":"#0059a9","mode":"bus","arr":["11","20","37","44","93","99"],"angle":39.4,"side":-1}},{"type":"Feature","geometry":{"type":"Point","coordinates":[24.746673,42.128278]},"properties":{"lines":"11","color":"#0059a9","mode":"bus","arr":["11"],"angle":-88.1,"mi":3}},{"type":"Feature","geometry":{"type":"Point","coordinates":[24.757507,42.118842]},"properties":{"lines":"11, 17, 24, 116","color":"#0059a9","mode":"bus","arr":["11","17","24","116"],"angle":-3.8,"side":-1}},{"type":"Feature","geometry":{"type":"Point","coordinates":[24.717427,42.131755]},"properties":{"lines":"12, 26, 29","color":"#0059a9","mode":"bus","arr":["12","26","29"],"angle":-3.3,"side":-1}},{"type":"Feature","geometry":{"type":"Point","coordinates":[24.722425,42.132201]},"properties":{"lines":"12, 26, 29, 222","color":"#0059a9","mode":"bus","arr":["12","26","29","222"],"angle":-5.1}},{"type":"Feature","geometry":{"type":"Point","coordinates":[24.719296,42.131846]},"properties":{"lines":"12, 26, 29, 222","color":"#0059a9","mode":"bus","arr":["12","26","29","222"],"angle":-4,"extra":1,"ei":0,"side":-1}},{"type":"Feature","geometry":{"type":"Point","coordinates":[24.724374,42.132149]},"properties":{"lines":"12, 26, 29, 222","color":"#0059a9","mode":"bus","arr":["12","26","29","222"],"angle":-5.7,"extra":1,"ei":1,"side":-1}},{"type":"Feature","geometry":{"type":"Point","coordinates":[24.726825,42.132643]},"properties":{"lines":"12, 26, 29, 222","color":"#0059a9","mode":"bus","arr":["12","26","29","222"],"angle":-19.9,"extra":1,"ei":2,"side":-1}},{"type":"Feature","geometry":{"type":"Point","coordinates":[24.741717,42.135419]},"properties":{"lines":"12, 16, 17, 24, 113, 116, 222","color":"#0059a9","mode":"bus","arr":["12","16","17","24","113","116","222"],"angle":-76.3}},{"type":"Feature","geometry":{"type":"Point","coordinates":[24.742514,42.135712]},"properties":{"lines":"12, 16, 17, 18, 24, 113, 116, 222","color":"#0059a9","mode":"bus","arr":["12","16","17","18","24","113","116","222"],"angle":87.4}},{"type":"Feature","geometry":{"type":"Point","coordinates":[24.74195,42.139167]},"properties":{"lines":"12, 16, 18, 116","color":"#0059a9","mode":"bus","arr":["12","16","18","116"],"angle":85}},{"type":"Feature","geometry":{"type":"Point","coordinates":[24.742172,42.137191]},"properties":{"lines":"12, 16, 18, 116","color":"#0059a9","mode":"bus","arr":["12","16","18","116"],"angle":85.1,"extra":1,"ei":0}},{"type":"Feature","geometry":{"type":"Point","coordinates":[24.741731,42.140954]},"properties":{"lines":"12, 16, 18, 116","color":"#0059a9","mode":"bus","arr":["12","16","18","116"],"angle":84.5,"extra":1,"ei":1}},{"type":"Feature","geometry":{"type":"Point","coordinates":[24.73746,42.16238]},"properties":{"lines":"12, 21, 99","color":"#0059a9","mode":"bus","arr":["12","21","99"],"angle":84.3,"mi":2}},{"type":"Feature","geometry":{"type":"Point","coordinates":[24.73783,42.160105]},"properties":{"lines":"12, 21, 99","color":"#0059a9","mode":"bus","arr":["12","21","99"],"angle":83.1,"extra":1,"ei":0}},{"type":"Feature","geometry":{"type":"Point","coordinates":[24.737274,42.163859]},"properties":{"lines":"12, 21, 99","color":"#0059a9","mode":"bus","arr":["12","21","99"],"angle":84.6,"extra":1,"ei":1}},{"type":"Feature","geometry":{"type":"Point","coordinates":[24.739305,42.16655]},"properties":{"lines":"12, 21, 99","color":"#0059a9","mode":"bus","arr":["12","21","99"],"angle":-26.2}},{"type":"Feature","geometry":{"type":"Point","coordinates":[24.741091,42.167202]},"properties":{"lines":"12, 21, 99","color":"#0059a9","mode":"bus","arr":["12","21","99"],"angle":-26.2,"extra":1,"ei":0}},{"type":"Feature","geometry":{"type":"Point","coordinates":[24.736567,42.16548]},"properties":{"lines":"12, 21, 99","color":"#0059a9","mode":"bus","arr":["12","21","99"],"angle":-19.2,"extra":1,"ei":1}},{"type":"Feature","geometry":{"type":"Point","coordinates":[24.743485,42.167966]},"properties":{"lines":"12, 21, 99","color":"#0059a9","mode":"bus","arr":["12","21","99"],"angle":-34.2,"mi":3}},{"type":"Feature","geometry":{"type":"Point","coordinates":[24.747297,42.167874]},"properties":{"lines":"12","color":"#0059a9","mode":"bus","arr":["12"],"angle":17.8}},{"type":"Feature","geometry":{"type":"Point","coordinates":[24.750698,42.167069]},"properties":{"lines":"12","color":"#0059a9","mode":"bus","arr":["12"],"angle":15.2,"mi":1}},{"type":"Feature","geometry":{"type":"Point","coordinates":[24.736736,42.164434]},"properties":{"lines":"12, 21, 99","color":"#0059a9","mode":"bus","arr":["12","21","99"],"angle":81.7,"mi":1}},{"type":"Feature","geometry":{"type":"Point","coordinates":[24.731483,42.145399]},"properties":{"lines":"15, 17, 113, 222","color":"#0059a9","mode":"bus","arr":["15","17","113","222"],"angle":67}},{"type":"Feature","geometry":{"type":"Point","coordinates":[24.73214,42.1442]},"properties":{"lines":"15, 17, 113, 222","color":"#0059a9","mode":"bus","arr":["15","17","113","222"],"angle":67.9,"extra":1,"ei":0}},{"type":"Feature","geometry":{"type":"Point","coordinates":[24.735871,42.148513]},"properties":{"lines":"15, 22, 37, 44, 93, 99","color":"#0059a9","mode":"bus","arr":["15","22","37","44","93","99"],"angle":-9.6,"side":-1}},{"type":"Feature","geometry":{"type":"Point","coordinates":[24.732404,42.148053]},"properties":{"lines":"15, 22, 37, 44, 93, 99","color":"#0059a9","mode":"bus","arr":["15","22","37","44","93","99"],"angle":-10.8,"extra":1,"ei":0,"side":-1}},{"type":"Feature","geometry":{"type":"Point","coordinates":[24.739923,42.149066]},"properties":{"lines":"15, 22, 37, 44, 93, 99","color":"#0059a9","mode":"bus","arr":["15","22","37","44","93","99"],"angle":-13.5,"extra":1,"ei":1,"side":-1}},{"type":"Feature","geometry":{"type":"Point","coordinates":[24.734287,42.1484]},"properties":{"lines":"15, 22, 37, 44, 93, 99","color":"#0059a9","mode":"bus","arr":["15","22","37","44","93","99"],"angle":-10,"extra":1,"ei":0}},{"type":"Feature","geometry":{"type":"Point","coordinates":[24.732054,42.123996]},"properties":{"lines":"16, 36","color":"#0059a9","mode":"bus","arr":["16","36"],"angle":-63.6}},{"type":"Feature","geometry":{"type":"Point","coordinates":[24.730984,42.122431]},"properties":{"lines":"16, 36","color":"#0059a9","mode":"bus","arr":["16","36"],"angle":-62.8,"extra":1,"ei":0}},{"type":"Feature","geometry":{"type":"Point","coordinates":[24.733172,42.12584]},"properties":{"lines":"16, 36","color":"#0059a9","mode":"bus","arr":["16","36"],"angle":-65.9,"extra":1,"ei":1}},{"type":"Feature","geometry":{"type":"Point","coordinates":[24.752067,42.163318]},"properties":{"lines":"16","color":"#0059a9","mode":"bus","arr":["16"],"angle":0,"mi":5}},{"type":"Feature","geometry":{"type":"Point","coordinates":[24.749128,42.163191]},"properties":{"lines":"16","color":"#0059a9","mode":"bus","arr":["16"],"angle":-7.1,"extra":1,"ei":0}},{"type":"Feature","geometry":{"type":"Point","coordinates":[24.754214,42.163325]},"properties":{"lines":"16","color":"#0059a9","mode":"bus","arr":["16"],"angle":-0.3,"extra":1,"ei":1}},{"type":"Feature","geometry":{"type":"Point","coordinates":[24.75628,42.163131]},"properties":{"lines":"16","color":"#0059a9","mode":"bus","arr":["16"],"angle":-88.1,"mi":1}},{"type":"Feature","geometry":{"type":"Point","coordinates":[24.758061,42.162552]},"properties":{"lines":"16","color":"#0059a9","mode":"bus","arr":["16"],"angle":22.4}},{"type":"Feature","geometry":{"type":"Point","coordinates":[24.759802,42.161526]},"properties":{"lines":"16","color":"#0059a9","mode":"bus","arr":["16"],"angle":-0.4,"mi":2}},{"type":"Feature","geometry":{"type":"Point","coordinates":[24.759254,42.16069]},"properties":{"lines":"16","color":"#0059a9","mode":"bus","arr":["16"],"angle":-77.8,"mi":4}},{"type":"Feature","geometry":{"type":"Point","coordinates":[24.702463,42.139223]},"properties":{"lines":"17","color":"#0059a9","mode":"bus","arr":["17"],"angle":-68.2}},{"type":"Feature","geometry":{"type":"Point","coordinates":[24.690786,42.131713]},"properties":{"lines":"17","color":"#0059a9","mode":"bus","arr":["17"],"angle":-66.6,"extra":1,"ei":0}},{"type":"Feature","geometry":{"type":"Point","coordinates":[24.692726,42.13291]},"properties":{"lines":"17","color":"#0059a9","mode":"bus","arr":["17"],"angle":-37.2,"extra":1,"ei":1}},{"type":"Feature","geometry":{"type":"Point","coordinates":[24.69475,42.134057]},"properties":{"lines":"17","color":"#0059a9","mode":"bus","arr":["17"],"angle":-38.1,"extra":1,"ei":2}},{"type":"Feature","geometry":{"type":"Point","coordinates":[24.696741,42.135234]},"properties":{"lines":"17","color":"#0059a9","mode":"bus","arr":["17"],"angle":-37.5,"extra":1,"ei":3}},{"type":"Feature","geometry":{"type":"Point","coordinates":[24.698761,42.136385]},"properties":{"lines":"17","color":"#0059a9","mode":"bus","arr":["17"],"angle":-38.2,"extra":1,"ei":4}},{"type":"Feature","geometry":{"type":"Point","coordinates":[24.70075,42.137565]},"properties":{"lines":"17","color":"#0059a9","mode":"bus","arr":["17"],"angle":-38.3,"extra":1,"ei":5}},{"type":"Feature","geometry":{"type":"Point","coordinates":[24.703661,42.140543]},"properties":{"lines":"17","color":"#0059a9","mode":"bus","arr":["17"],"angle":-39.3,"extra":1,"ei":6}},{"type":"Feature","geometry":{"type":"Point","coordinates":[24.7058,42.141556]},"properties":{"lines":"17","color":"#0059a9","mode":"bus","arr":["17"],"angle":-29.3,"extra":1,"ei":7}},{"type":"Feature","geometry":{"type":"Point","coordinates":[24.707915,42.142598]},"properties":{"lines":"17","color":"#0059a9","mode":"bus","arr":["17"],"angle":-40.9,"extra":1,"ei":8}},{"type":"Feature","geometry":{"type":"Point","coordinates":[24.709986,42.143667]},"properties":{"lines":"17","color":"#0059a9","mode":"bus","arr":["17"],"angle":-18.6,"extra":1,"ei":9}},{"type":"Feature","geometry":{"type":"Point","coordinates":[24.712414,42.144239]},"properties":{"lines":"17","color":"#0059a9","mode":"bus","arr":["17"],"angle":-17.1,"extra":1,"ei":10}},{"type":"Feature","geometry":{"type":"Point","coordinates":[24.714849,42.144791]},"properties":{"lines":"17","color":"#0059a9","mode":"bus","arr":["17"],"angle":-13.2,"extra":1,"ei":11}},{"type":"Feature","geometry":{"type":"Point","coordinates":[24.717957,42.14445]},"properties":{"lines":"17","color":"#0059a9","mode":"bus","arr":["17"],"angle":37,"mi":2}},{"type":"Feature","geometry":{"type":"Point","coordinates":[24.722636,42.144215]},"properties":{"lines":"17","color":"#0059a9","mode":"bus","arr":["17"],"angle":-2.1,"mi":1}},{"type":"Feature","geometry":{"type":"Point","coordinates":[24.720249,42.144119]},"properties":{"lines":"17","color":"#0059a9","mode":"bus","arr":["17"],"angle":-3.2,"extra":1,"ei":0}},{"type":"Feature","geometry":{"type":"Point","coordinates":[24.725337,42.144311]},"properties":{"lines":"17","color":"#0059a9","mode":"bus","arr":["17"],"angle":-2.7,"extra":1,"ei":1}},{"type":"Feature","geometry":{"type":"Point","coordinates":[24.721382,42.143558]},"properties":{"lines":"17","color":"#0059a9","mode":"bus","arr":["17"],"angle":89.3}},{"type":"Feature","geometry":{"type":"Point","coordinates":[24.724475,42.148008]},"properties":{"lines":"17, 37","color":"#0059a9","mode":"bus","arr":["17","37"],"angle":58.4,"mi":4}},{"type":"Feature","geometry":{"type":"Point","coordinates":[24.726348,42.144075]},"properties":{"lines":"17, 37","color":"#0059a9","mode":"bus","arr":["17","37"],"angle":84.1,"extra":1,"ei":0}},{"type":"Feature","geometry":{"type":"Point","coordinates":[24.725721,42.145903]},"properties":{"lines":"17, 37","color":"#0059a9","mode":"bus","arr":["17","37"],"angle":74.4,"extra":1,"ei":1}},{"type":"Feature","geometry":{"type":"Point","coordinates":[24.72352,42.149282]},"properties":{"lines":"17, 37","color":"#0059a9","mode":"bus","arr":["17","37"],"angle":62.4,"extra":1,"ei":2,"side":-1}},{"type":"Feature","geometry":{"type":"Point","coordinates":[24.722628,42.151041]},"properties":{"lines":"17, 37","color":"#0059a9","mode":"bus","arr":["17","37"],"angle":75.8,"extra":1,"ei":3}},{"type":"Feature","geometry":{"type":"Point","coordinates":[24.728305,42.152708]},"properties":{"lines":"17, 37","color":"#0059a9","mode":"bus","arr":["17","37"],"angle":0,"mi":1}},{"type":"Feature","geometry":{"type":"Point","coordinates":[24.723612,42.152696]},"properties":{"lines":"17, 37","color":"#0059a9","mode":"bus","arr":["17","37"],"angle":-1.3,"extra":1,"ei":0}},{"type":"Feature","geometry":{"type":"Point","coordinates":[24.726159,42.152712]},"properties":{"lines":"17, 37","color":"#0059a9","mode":"bus","arr":["17","37"],"angle":0,"extra":1,"ei":1}},{"type":"Feature","geometry":{"type":"Point","coordinates":[24.731249,42.152742]},"properties":{"lines":"17, 37","color":"#0059a9","mode":"bus","arr":["17","37"],"angle":0,"extra":1,"ei":2}},{"type":"Feature","geometry":{"type":"Point","coordinates":[24.733787,42.152673]},"properties":{"lines":"17, 37","color":"#0059a9","mode":"bus","arr":["17","37"],"angle":2.5,"extra":1,"ei":3}},{"type":"Feature","geometry":{"type":"Point","coordinates":[24.729994,42.152254]},"properties":{"lines":"17, 37","color":"#0059a9","mode":"bus","arr":["17","37"],"angle":6.7}},{"type":"Feature","geometry":{"type":"Point","coordinates":[24.731022,42.150019]},"properties":{"lines":"17, 37, 44, 93, 99, 113, 222","color":"#0059a9","mode":"bus","arr":["17","37","44","93","99","113","222"],"angle":-89.8}},{"type":"Feature","geometry":{"type":"Point","coordinates":[24.736038,42.140204]},"properties":{"lines":"17, 24, 113, 222","color":"#0059a9","mode":"bus","arr":["17","24","113","222"],"angle":36.5,"side":-1}},{"type":"Feature","geometry":{"type":"Point","coordinates":[24.740372,42.137481]},"properties":{"lines":"17, 24, 113, 222","color":"#0059a9","mode":"bus","arr":["17","24","113","222"],"angle":46.7,"mi":1}},{"type":"Feature","geometry":{"type":"Point","coordinates":[24.734624,42.140969]},"properties":{"lines":"17, 24, 113, 222","color":"#0059a9","mode":"bus","arr":["17","24","113","222"],"angle":35.5,"extra":1,"ei":0,"side":-1}},{"type":"Feature","geometry":{"type":"Point","coordinates":[24.744197,42.123351]},"properties":{"lines":"17, 24, 36, 116","color":"#0059a9","mode":"bus","arr":["17","24","36","116"],"angle":12.7,"side":-1}},{"type":"Feature","geometry":{"type":"Point","coordinates":[24.753776,42.122644]},"properties":{"lines":"17, 24, 36, 116","color":"#0059a9","mode":"bus","arr":["17","24","36","116"],"angle":-8,"side":-1,"mi":1}},{"type":"Feature","geometry":{"type":"Point","coordinates":[24.741957,42.12374]},"properties":{"lines":"17, 24, 36, 116","color":"#0059a9","mode":"bus","arr":["17","24","36","116"],"angle":13.5,"extra":1,"ei":0,"side":-1}},{"type":"Feature","geometry":{"type":"Point","coordinates":[24.746924,42.122898]},"properties":{"lines":"17, 24, 36, 116","color":"#0059a9","mode":"bus","arr":["17","24","36","116"],"angle":12.1,"extra":1,"ei":1,"side":-1}},{"type":"Feature","geometry":{"type":"Point","coordinates":[24.755566,42.120989]},"properties":{"lines":"17, 24, 37, 116","color":"#0059a9","mode":"bus","arr":["17","24","37","116"],"angle":83}},{"type":"Feature","geometry":{"type":"Point","coordinates":[24.758027,42.124874]},"properties":{"lines":"17, 24","color":"#0059a9","mode":"bus","arr":["17","24"],"angle":83.7,"mi":2}},{"type":"Feature","geometry":{"type":"Point","coordinates":[24.758674,42.119931]},"properties":{"lines":"17, 24","color":"#0059a9","mode":"bus","arr":["17","24"],"angle":84.8,"extra":1,"ei":0}},{"type":"Feature","geometry":{"type":"Point","coordinates":[24.75844,42.121811]},"properties":{"lines":"17, 24","color":"#0059a9","mode":"bus","arr":["17","24"],"angle":84.6,"extra":1,"ei":1}},{"type":"Feature","geometry":{"type":"Point","coordinates":[24.758207,42.123692]},"properties":{"lines":"17, 24","color":"#0059a9","mode":"bus","arr":["17","24"],"angle":83.7,"extra":1,"ei":2}},{"type":"Feature","geometry":{"type":"Point","coordinates":[24.757333,42.127404]},"properties":{"lines":"17, 24","color":"#0059a9","mode":"bus","arr":["17","24"],"angle":75.1,"extra":1,"ei":3}},{"type":"Feature","geometry":{"type":"Point","coordinates":[24.756185,42.12907]},"properties":{"lines":"17, 24","color":"#0059a9","mode":"bus","arr":["17","24"],"angle":56.1,"extra":1,"ei":4}},{"type":"Feature","geometry":{"type":"Point","coordinates":[24.759669,42.134442]},"properties":{"lines":"17, 24","color":"#0059a9","mode":"bus","arr":["17","24"],"angle":-22.9,"mi":1}},{"type":"Feature","geometry":{"type":"Point","coordinates":[24.755109,42.130704]},"properties":{"lines":"17, 24","color":"#0059a9","mode":"bus","arr":["17","24"],"angle":81.3}},{"type":"Feature","geometry":{"type":"Point","coordinates":[24.763121,42.135324]},"properties":{"lines":"17, 24","color":"#0059a9","mode":"bus","arr":["17","24"],"angle":-21.5,"extra":1,"ei":0,"side":-1}},{"type":"Feature","geometry":{"type":"Point","coordinates":[24.757734,42.133828]},"properties":{"lines":"17, 24","color":"#0059a9","mode":"bus","arr":["17","24"],"angle":-23.3,"extra":1,"ei":0}},{"type":"Feature","geometry":{"type":"Point","coordinates":[24.755642,42.132576]},"properties":{"lines":"17, 24, 37","color":"#0059a9","mode":"bus","arr":["17","24","37"],"angle":-57.5,"side":-1}},{"type":"Feature","geometry":{"type":"Point","coordinates":[24.756878,42.133447]},"properties":{"lines":"17, 24, 37","color":"#0059a9","mode":"bus","arr":["17","24","37"],"angle":-29,"extra":1,"ei":0}},{"type":"Feature","geometry":{"type":"Point","coordinates":[24.755041,42.13037]},"properties":{"lines":"17, 24, 37","color":"#0059a9","mode":"bus","arr":["17","24","37"],"angle":75.4,"extra":1,"ei":0,"side":-1}},{"type":"Feature","geometry":{"type":"Point","coordinates":[24.771618,42.124892]},"properties":{"lines":"17","color":"#0059a9","mode":"bus","arr":["17"],"angle":62.5,"side":-1}},{"type":"Feature","geometry":{"type":"Point","coordinates":[24.77061,42.126308]},"properties":{"lines":"17","color":"#0059a9","mode":"bus","arr":["17"],"angle":61.5,"extra":1,"ei":0,"side":-1}},{"type":"Feature","geometry":{"type":"Point","coordinates":[24.772997,42.122971]},"properties":{"lines":"17","color":"#0059a9","mode":"bus","arr":["17"],"angle":61.9,"extra":1,"ei":1}},{"type":"Feature","geometry":{"type":"Point","coordinates":[24.774623,42.123099]},"properties":{"lines":"17, 24, 44","color":"#0059a9","mode":"bus","arr":["17","24","44"],"angle":-28.8,"side":-1}},{"type":"Feature","geometry":{"type":"Point","coordinates":[24.774864,42.125157]},"properties":{"lines":"17, 93","color":"#0059a9","mode":"bus","arr":["17","93"],"angle":67.4}},{"type":"Feature","geometry":{"type":"Point","coordinates":[24.77425,42.126252]},"properties":{"lines":"17, 93","color":"#0059a9","mode":"bus","arr":["17","93"],"angle":67.4,"extra":1,"ei":0}},{"type":"Feature","geometry":{"type":"Point","coordinates":[24.779174,42.124527]},"properties":{"lines":"24, 44","color":"#0059a9","mode":"bus","arr":["24","44"],"angle":-21.6,"side":-1,"mi":6}},{"type":"Feature","geometry":{"type":"Point","coordinates":[24.773608,42.122801]},"properties":{"lines":"24, 44","color":"#0059a9","mode":"bus","arr":["24","44"],"angle":-29.3,"mi":4}},{"type":"Feature","geometry":{"type":"Point","coordinates":[24.776956,42.123886]},"properties":{"lines":"24, 44","color":"#0059a9","mode":"bus","arr":["24","44"],"angle":-21.3,"extra":1,"ei":0,"side":-1}},{"type":"Feature","geometry":{"type":"Point","coordinates":[24.781681,42.125299]},"properties":{"lines":"24, 44","color":"#0059a9","mode":"bus","arr":["24","44"],"angle":-22.6,"extra":1,"ei":1,"side":-1}},{"type":"Feature","geometry":{"type":"Point","coordinates":[24.77313,42.123535]},"properties":{"lines":"17","color":"#0059a9","mode":"bus","arr":["17"],"angle":59.8,"mi":1}},{"type":"Feature","geometry":{"type":"Point","coordinates":[24.7582,42.122454]},"properties":{"lines":"17, 24, 37","color":"#0059a9","mode":"bus","arr":["17","24","37"],"angle":84.8,"side":-1}},{"type":"Feature","geometry":{"type":"Point","coordinates":[24.757873,42.124968]},"properties":{"lines":"17, 24, 37","color":"#0059a9","mode":"bus","arr":["17","24","37"],"angle":84.1,"extra":1,"ei":0,"side":-1}},{"type":"Feature","geometry":{"type":"Point","coordinates":[24.758352,42.121207]},"properties":{"lines":"17, 24, 37","color":"#0059a9","mode":"bus","arr":["17","24","37"],"angle":84.8,"extra":1,"ei":1,"side":-1}},{"type":"Feature","geometry":{"type":"Point","coordinates":[24.758582,42.119326]},"properties":{"lines":"17, 24, 37","color":"#0059a9","mode":"bus","arr":["17","24","37"],"angle":84.8,"extra":1,"ei":2,"side":-1}},{"type":"Feature","geometry":{"type":"Point","coordinates":[24.753756,42.122759]},"properties":{"lines":"17, 24, 116","color":"#0059a9","mode":"bus","arr":["17","24","116"],"angle":-6.9}},{"type":"Feature","geometry":{"type":"Point","coordinates":[24.739894,42.124426]},"properties":{"lines":"17, 24, 27, 36, 116","color":"#0059a9","mode":"bus","arr":["17","24","27","36","116"],"angle":23.8}},{"type":"Feature","geometry":{"type":"Point","coordinates":[24.732662,42.151458]},"properties":{"lines":"17, 37","color":"#0059a9","mode":"bus","arr":["17","37"],"angle":-1.3,"mi":2}},{"type":"Feature","geometry":{"type":"Point","coordinates":[24.734275,42.152232]},"properties":{"lines":"17, 37","color":"#0059a9","mode":"bus","arr":["17","37"],"angle":88.3,"mi":3}},{"type":"Feature","geometry":{"type":"Point","coordinates":[24.687853,42.126219]},"properties":{"lines":"17","color":"#0059a9","mode":"bus","arr":["17"],"angle":3.1}},{"type":"Feature","geometry":{"type":"Point","coordinates":[24.787845,42.12275]},"properties":{"lines":"18","color":"#0059a9","mode":"bus","arr":["18"],"angle":64.7}},{"type":"Feature","geometry":{"type":"Point","coordinates":[24.786818,42.124691]},"properties":{"lines":"18","color":"#0059a9","mode":"bus","arr":["18"],"angle":-15.5,"mi":1}},{"type":"Feature","geometry":{"type":"Point","coordinates":[24.785962,42.127968]},"properties":{"lines":"18, 44, 99","color":"#0059a9","mode":"bus","arr":["18","44","99"],"angle":84.9,"side":-1}},{"type":"Feature","geometry":{"type":"Point","coordinates":[24.758973,42.136206]},"properties":{"lines":"18, 29, 36, 44, 99","color":"#0059a9","mode":"bus","arr":["18","29","36","44","99"],"angle":1.7}},{"type":"Feature","geometry":{"type":"Point","coordinates":[24.754627,42.136268]},"properties":{"lines":"18, 29, 36, 44, 99","color":"#0059a9","mode":"bus","arr":["18","29","36","44","99"],"angle":48.6,"mi":1}},{"type":"Feature","geometry":{"type":"Point","coordinates":[24.761999,42.136168]},"properties":{"lines":"18, 29, 36, 44, 99","color":"#0059a9","mode":"bus","arr":["18","29","36","44","99"],"angle":-0.9,"extra":1,"ei":0}},{"type":"Feature","geometry":{"type":"Point","coordinates":[24.756906,42.136231]},"properties":{"lines":"18, 29, 36, 44, 99","color":"#0059a9","mode":"bus","arr":["18","29","36","44","99"],"angle":1.5,"extra":1,"ei":1}},{"type":"Feature","geometry":{"type":"Point","coordinates":[24.752833,42.136214]},"properties":{"lines":"18, 29, 36, 44, 99","color":"#0059a9","mode":"bus","arr":["18","29","36","44","99"],"angle":1.3,"extra":1,"ei":0}},{"type":"Feature","geometry":{"type":"Point","coordinates":[24.752231,42.136316]},"properties":{"lines":"18, 29, 36","color":"#0059a9","mode":"bus","arr":["18","29","36"],"angle":0.5,"side":-1}},{"type":"Feature","geometry":{"type":"Point","coordinates":[24.697465,42.15451]},"properties":{"lines":"18","color":"#0059a9","mode":"bus","arr":["18"],"angle":-89.1,"mi":3}},{"type":"Feature","geometry":{"type":"Point","coordinates":[24.741857,42.135379]},"properties":{"lines":"18","color":"#0059a9","mode":"bus","arr":["18"],"angle":88.2}},{"type":"Feature","geometry":{"type":"Point","coordinates":[24.706915,42.155183]},"properties":{"lines":"18","color":"#0059a9","mode":"bus","arr":["18"],"angle":-12.9,"mi":1}},{"type":"Feature","geometry":{"type":"Point","coordinates":[24.704882,42.154573]},"properties":{"lines":"18","color":"#0059a9","mode":"bus","arr":["18"],"angle":-12.5}},{"type":"Feature","geometry":{"type":"Point","coordinates":[24.712218,42.155762]},"properties":{"lines":"18","color":"#0059a9","mode":"bus","arr":["18"],"angle":77.2,"mi":2}},{"type":"Feature","geometry":{"type":"Point","coordinates":[24.698804,42.153546]},"properties":{"lines":"18","color":"#0059a9","mode":"bus","arr":["18"],"angle":-12.6,"extra":1,"ei":0}},{"type":"Feature","geometry":{"type":"Point","coordinates":[24.701286,42.153971]},"properties":{"lines":"18","color":"#0059a9","mode":"bus","arr":["18"],"angle":-13,"extra":1,"ei":1}},{"type":"Feature","geometry":{"type":"Point","coordinates":[24.708747,42.1552]},"properties":{"lines":"18","color":"#0059a9","mode":"bus","arr":["18"],"angle":-12.3,"extra":1,"ei":2}},{"type":"Feature","geometry":{"type":"Point","coordinates":[24.721465,42.127303]},"properties":{"lines":"20, 27, 113","color":"#0059a9","mode":"bus","arr":["20","27","113"],"angle":-60.8,"side":-1}},{"type":"Feature","geometry":{"type":"Point","coordinates":[24.799664,42.146511]},"properties":{"lines":"21, 66","color":"#0059a9","mode":"bus","arr":["21","66"],"angle":-12.3,"mi":2}},{"type":"Feature","geometry":{"type":"Point","coordinates":[24.800956,42.146391]},"properties":{"lines":"21","color":"#0059a9","mode":"bus","arr":["21"],"angle":48.4}},{"type":"Feature","geometry":{"type":"Point","coordinates":[24.795163,42.148141]},"properties":{"lines":"21, 22, 66","color":"#0059a9","mode":"bus","arr":["21","22","66"],"angle":3.8,"mi":1}},{"type":"Feature","geometry":{"type":"Point","coordinates":[24.79507,42.14789]},"properties":{"lines":"21, 22, 66","color":"#0059a9","mode":"bus","arr":["21","22","66"],"angle":5.8,"side":-1}},{"type":"Feature","geometry":{"type":"Point","coordinates":[24.792905,42.148078]},"properties":{"lines":"21, 22, 66","color":"#0059a9","mode":"bus","arr":["21","22","66"],"angle":4.8,"side":-1,"mi":2}},{"type":"Feature","geometry":{"type":"Point","coordinates":[24.793245,42.149713]},"properties":{"lines":"21, 66","color":"#0059a9","mode":"bus","arr":["21","66"],"angle":-46.3}},{"type":"Feature","geometry":{"type":"Point","coordinates":[24.791585,42.1518]},"properties":{"lines":"21, 66","color":"#0059a9","mode":"bus","arr":["21","66"],"angle":3.5,"mi":1}},{"type":"Feature","geometry":{"type":"Point","coordinates":[24.770416,42.148132]},"properties":{"lines":"21, 25, 36, 66, 93","color":"#0059a9","mode":"bus","arr":["21","25","36","66","93"],"angle":-14.3,"side":-1,"mi":4}},{"type":"Feature","geometry":{"type":"Point","coordinates":[24.775916,42.14928]},"properties":{"lines":"21, 25, 36, 66, 93","color":"#0059a9","mode":"bus","arr":["21","25","36","66","93"],"angle":-6.8,"extra":1,"ei":0}},{"type":"Feature","geometry":{"type":"Point","coordinates":[24.773436,42.148852]},"properties":{"lines":"21, 25, 36, 66, 93","color":"#0059a9","mode":"bus","arr":["21","25","36","66","93"],"angle":-14.2,"extra":1,"ei":1}},{"type":"Feature","geometry":{"type":"Point","coordinates":[24.768495,42.147932]},"properties":{"lines":"21, 25, 36, 66, 93","color":"#0059a9","mode":"bus","arr":["21","25","36","66","93"],"angle":-14,"extra":1,"ei":2}},{"type":"Feature","geometry":{"type":"Point","coordinates":[24.766023,42.147476]},"properties":{"lines":"21, 25, 36, 66, 93","color":"#0059a9","mode":"bus","arr":["21","25","36","66","93"],"angle":-14,"extra":1,"ei":3}},{"type":"Feature","geometry":{"type":"Point","coordinates":[24.763536,42.147065]},"properties":{"lines":"21, 25, 36, 66, 93","color":"#0059a9","mode":"bus","arr":["21","25","36","66","93"],"angle":-12.2,"extra":1,"ei":4}},{"type":"Feature","geometry":{"type":"Point","coordinates":[24.767897,42.148836]},"properties":{"lines":"21, 25, 36, 66, 93","color":"#0059a9","mode":"bus","arr":["21","25","36","66","93"],"angle":-14.2,"mi":6}},{"type":"Feature","geometry":{"type":"Point","coordinates":[24.764993,42.148234]},"properties":{"lines":"21, 25, 36, 66, 93","color":"#0059a9","mode":"bus","arr":["21","25","36","66","93"],"angle":-53.4,"extra":1,"ei":0}},{"type":"Feature","geometry":{"type":"Point","coordinates":[24.769901,42.14921]},"properties":{"lines":"21, 25, 36, 66, 93","color":"#0059a9","mode":"bus","arr":["21","25","36","66","93"],"angle":-31.2,"extra":1,"ei":1}},{"type":"Feature","geometry":{"type":"Point","coordinates":[24.769992,42.148818]},"properties":{"lines":"21, 25, 36, 66, 93","color":"#0059a9","mode":"bus","arr":["21","25","36","66","93"],"angle":76}},{"type":"Feature","geometry":{"type":"Point","coordinates":[24.769605,42.150689]},"properties":{"lines":"21, 25, 36, 66, 93","color":"#0059a9","mode":"bus","arr":["21","25","36","66","93"],"angle":-9.2,"mi":7}},{"type":"Feature","geometry":{"type":"Point","coordinates":[24.770578,42.149569]},"properties":{"lines":"21, 25, 36, 66, 93","color":"#0059a9","mode":"bus","arr":["21","25","36","66","93"],"angle":80.2,"mi":2}},{"type":"Feature","geometry":{"type":"Point","coordinates":[24.763139,42.149946]},"properties":{"lines":"21, 25","color":"#0059a9","mode":"bus","arr":["21","25"],"angle":-88.9}},{"type":"Feature","geometry":{"type":"Point","coordinates":[24.763254,42.147963]},"properties":{"lines":"21, 25","color":"#0059a9","mode":"bus","arr":["21","25"],"angle":88.1,"extra":1,"ei":0}},{"type":"Feature","geometry":{"type":"Point","coordinates":[24.763282,42.15174]},"properties":{"lines":"21, 25","color":"#0059a9","mode":"bus","arr":["21","25"],"angle":-89.2,"extra":1,"ei":1,"side":-1}},{"type":"Feature","geometry":{"type":"Point","coordinates":[24.745538,42.167848]},"properties":{"lines":"21, 99","color":"#0059a9","mode":"bus","arr":["21","99"],"angle":32.4}},{"type":"Feature","geometry":{"type":"Point","coordinates":[24.789338,42.148162]},"properties":{"lines":"22","color":"#0059a9","mode":"bus","arr":["22"],"angle":4.9,"side":-1,"mi":9}},{"type":"Feature","geometry":{"type":"Point","coordinates":[24.787157,42.148299]},"properties":{"lines":"22","color":"#0059a9","mode":"bus","arr":["22"],"angle":-4.5,"extra":1,"ei":0,"side":-1}},{"type":"Feature","geometry":{"type":"Point","coordinates":[24.792174,42.147828]},"properties":{"lines":"22","color":"#0059a9","mode":"bus","arr":["22"],"angle":-5.4,"extra":1,"ei":1}},{"type":"Feature","geometry":{"type":"Point","coordinates":[24.804737,42.142235]},"properties":{"lines":"22","color":"#0059a9","mode":"bus","arr":["22"],"angle":-17.6,"mi":4}},{"type":"Feature","geometry":{"type":"Point","coordinates":[24.808542,42.148327]},"properties":{"lines":"22","color":"#0059a9","mode":"bus","arr":["22"],"angle":81.5,"mi":6}},{"type":"Feature","geometry":{"type":"Point","coordinates":[24.800155,42.147843]},"properties":{"lines":"22","color":"#0059a9","mode":"bus","arr":["22"],"angle":5.2,"mi":1}},{"type":"Feature","geometry":{"type":"Point","coordinates":[24.800183,42.147574]},"properties":{"lines":"22","color":"#0059a9","mode":"bus","arr":["22"],"angle":4.7,"side":-1}},{"type":"Feature","geometry":{"type":"Point","coordinates":[24.80811,42.146837]},"properties":{"lines":"22","color":"#0059a9","mode":"bus","arr":["22"],"angle":-57.3,"mi":5}},{"type":"Feature","geometry":{"type":"Point","coordinates":[24.806548,42.146614]},"properties":{"lines":"22","color":"#0059a9","mode":"bus","arr":["22"],"angle":2.9,"extra":1,"ei":0}},{"type":"Feature","geometry":{"type":"Point","coordinates":[24.724403,42.148631]},"properties":{"lines":"22","color":"#0059a9","mode":"bus","arr":["22"],"angle":57.9}},{"type":"Feature","geometry":{"type":"Point","coordinates":[24.725817,42.14682]},"properties":{"lines":"22","color":"#0059a9","mode":"bus","arr":["22"],"angle":-89.3,"mi":1}},{"type":"Feature","geometry":{"type":"Point","coordinates":[24.729755,42.147712]},"properties":{"lines":"22","color":"#0059a9","mode":"bus","arr":["22"],"angle":-9.2,"extra":1,"ei":0}},{"type":"Feature","geometry":{"type":"Point","coordinates":[24.727346,42.147129]},"properties":{"lines":"22","color":"#0059a9","mode":"bus","arr":["22"],"angle":-20.6,"extra":1,"ei":1}},{"type":"Feature","geometry":{"type":"Point","coordinates":[24.806876,42.140302]},"properties":{"lines":"22","color":"#0059a9","mode":"bus","arr":["22"],"angle":49.2,"mi":7}},{"type":"Feature","geometry":{"type":"Point","coordinates":[24.805518,42.141484]},"properties":{"lines":"22","color":"#0059a9","mode":"bus","arr":["22"],"angle":51.4,"extra":1,"ei":0}},{"type":"Feature","geometry":{"type":"Point","coordinates":[24.808832,42.138616]},"properties":{"lines":"22","color":"#0059a9","mode":"bus","arr":["22"],"angle":50.2,"extra":1,"ei":1}},{"type":"Feature","geometry":{"type":"Point","coordinates":[24.805696,42.145707]},"properties":{"lines":"22","color":"#0059a9","mode":"bus","arr":["22"],"angle":-74.5,"mi":3}},{"type":"Feature","geometry":{"type":"Point","coordinates":[24.805014,42.143562]},"properties":{"lines":"22","color":"#0059a9","mode":"bus","arr":["22"],"angle":-75.2,"extra":1,"ei":0,"side":-1}},{"type":"Feature","geometry":{"type":"Point","coordinates":[24.806487,42.147877]},"properties":{"lines":"22","color":"#0059a9","mode":"bus","arr":["22"],"angle":-74.6,"extra":1,"ei":0}},{"type":"Feature","geometry":{"type":"Point","coordinates":[24.789426,42.148428]},"properties":{"lines":"22","color":"#0059a9","mode":"bus","arr":["22"],"angle":4.7,"mi":8}},{"type":"Feature","geometry":{"type":"Point","coordinates":[24.804762,42.147483]},"properties":{"lines":"22","color":"#0059a9","mode":"bus","arr":["22"],"angle":1.2,"mi":2}},{"type":"Feature","geometry":{"type":"Point","coordinates":[24.80296,42.147574]},"properties":{"lines":"22","color":"#0059a9","mode":"bus","arr":["22"],"angle":5.8,"extra":1,"ei":0}},{"type":"Feature","geometry":{"type":"Point","coordinates":[24.791186,42.148321]},"properties":{"lines":"22","color":"#0059a9","mode":"bus","arr":["22"],"angle":4.7,"extra":1,"ei":0}},{"type":"Feature","geometry":{"type":"Point","coordinates":[24.80656,42.147455]},"properties":{"lines":"22","color":"#0059a9","mode":"bus","arr":["22"],"angle":-6.5,"extra":1,"ei":0,"side":-1}},{"type":"Feature","geometry":{"type":"Point","coordinates":[24.77837,42.117614]},"properties":{"lines":"24, 44","color":"#0059a9","mode":"bus","arr":["24","44"],"angle":44.3,"mi":5}},{"type":"Feature","geometry":{"type":"Point","coordinates":[24.775775,42.119565]},"properties":{"lines":"24, 44","color":"#0059a9","mode":"bus","arr":["24","44"],"angle":73.8,"mi":1}},{"type":"Feature","geometry":{"type":"Point","coordinates":[24.775357,42.120418]},"properties":{"lines":"24, 44","color":"#0059a9","mode":"bus","arr":["24","44"],"angle":19.9}},{"type":"Feature","geometry":{"type":"Point","coordinates":[24.774863,42.119169]},"properties":{"lines":"24, 44","color":"#0059a9","mode":"bus","arr":["24","44"],"angle":63.8,"mi":3}},{"type":"Feature","geometry":{"type":"Point","coordinates":[24.773925,42.121541]},"properties":{"lines":"24, 44","color":"#0059a9","mode":"bus","arr":["24","44"],"angle":65.1,"side":-1,"mi":2}},{"type":"Feature","geometry":{"type":"Point","coordinates":[24.781691,42.127126]},"properties":{"lines":"24, 93","color":"#0059a9","mode":"bus","arr":["24","93"],"angle":67.7}},{"type":"Feature","geometry":{"type":"Point","coordinates":[24.781066,42.128296]},"properties":{"lines":"24, 93","color":"#0059a9","mode":"bus","arr":["24","93"],"angle":68.1,"extra":1,"ei":0}},{"type":"Feature","geometry":{"type":"Point","coordinates":[24.779108,42.124646]},"properties":{"lines":"24, 44, 93","color":"#0059a9","mode":"bus","arr":["24","44","93"],"angle":-21.9}},{"type":"Feature","geometry":{"type":"Point","coordinates":[24.781312,42.125311]},"properties":{"lines":"24, 44, 93","color":"#0059a9","mode":"bus","arr":["24","44","93"],"angle":-22.2,"extra":1,"ei":0}},{"type":"Feature","geometry":{"type":"Point","coordinates":[24.776588,42.123896]},"properties":{"lines":"24, 44, 93","color":"#0059a9","mode":"bus","arr":["24","44","93"],"angle":-21.9,"extra":1,"ei":1}},{"type":"Feature","geometry":{"type":"Point","coordinates":[24.793183,42.134631]},"properties":{"lines":"25, 93","color":"#0059a9","mode":"bus","arr":["25","93"],"angle":15.1,"side":-1}},{"type":"Feature","geometry":{"type":"Point","coordinates":[24.791521,42.137144]},"properties":{"lines":"25","color":"#0059a9","mode":"bus","arr":["25"],"angle":-84.4,"side":-1}},{"type":"Feature","geometry":{"type":"Point","coordinates":[24.791623,42.138316]},"properties":{"lines":"25","color":"#0059a9","mode":"bus","arr":["25"],"angle":83.2,"extra":1,"ei":0}},{"type":"Feature","geometry":{"type":"Point","coordinates":[24.790881,42.135868]},"properties":{"lines":"25","color":"#0059a9","mode":"bus","arr":["25"],"angle":-67.4,"extra":1,"ei":0}},{"type":"Feature","geometry":{"type":"Point","coordinates":[24.78985,42.140229]},"properties":{"lines":"25, 44, 93","color":"#0059a9","mode":"bus","arr":["25","44","93"],"angle":40.3}},{"type":"Feature","geometry":{"type":"Point","coordinates":[24.788585,42.141033]},"properties":{"lines":"25, 44, 93","color":"#0059a9","mode":"bus","arr":["25","44","93"],"angle":41.7,"extra":1,"ei":0}},{"type":"Feature","geometry":{"type":"Point","coordinates":[24.79073,42.139136]},"properties":{"lines":"25, 44, 93","color":"#0059a9","mode":"bus","arr":["25","44","93"],"angle":60.6,"extra":1,"ei":0}},{"type":"Feature","geometry":{"type":"Point","coordinates":[24.782739,42.146542]},"properties":{"lines":"25, 93","color":"#0059a9","mode":"bus","arr":["25","93"],"angle":37.5,"side":-1,"mi":3}},{"type":"Feature","geometry":{"type":"Point","coordinates":[24.785153,42.144362]},"properties":{"lines":"25, 93","color":"#0059a9","mode":"bus","arr":["25","93"],"angle":57.1,"extra":1,"ei":0}},{"type":"Feature","geometry":{"type":"Point","coordinates":[24.779836,42.14815]},"properties":{"lines":"25, 93","color":"#0059a9","mode":"bus","arr":["25","93"],"angle":37.9,"extra":1,"ei":0,"side":-1}},{"type":"Feature","geometry":{"type":"Point","coordinates":[24.780336,42.148423]},"properties":{"lines":"25, 93","color":"#0059a9","mode":"bus","arr":["25","93"],"angle":32.3,"mi":1}},{"type":"Feature","geometry":{"type":"Point","coordinates":[24.781034,42.148205]},"properties":{"lines":"25, 93","color":"#0059a9","mode":"bus","arr":["25","93"],"angle":70.4}},{"type":"Feature","geometry":{"type":"Point","coordinates":[24.779131,42.149032]},"properties":{"lines":"25, 93","color":"#0059a9","mode":"bus","arr":["25","93"],"angle":54.6,"mi":2}},{"type":"Feature","geometry":{"type":"Point","coordinates":[24.75065,42.152229]},"properties":{"lines":"25","color":"#0059a9","mode":"bus","arr":["25"],"angle":37.3}},{"type":"Feature","geometry":{"type":"Point","coordinates":[24.786759,42.151502]},"properties":{"lines":"26, 36, 66","color":"#0059a9","mode":"bus","arr":["26","36","66"],"angle":-84.2,"mi":1}},{"type":"Feature","geometry":{"type":"Point","coordinates":[24.78818,42.152612]},"properties":{"lines":"26, 36, 66","color":"#0059a9","mode":"bus","arr":["26","36","66"],"angle":5.3}},{"type":"Feature","geometry":{"type":"Point","coordinates":[24.771295,42.16019]},"properties":{"lines":"27","color":"#0059a9","mode":"bus","arr":["27"],"angle":64.1,"mi":2}},{"type":"Feature","geometry":{"type":"Point","coordinates":[24.770673,42.1616]},"properties":{"lines":"27","color":"#0059a9","mode":"bus","arr":["27"],"angle":62.3,"extra":1,"ei":0}},{"type":"Feature","geometry":{"type":"Point","coordinates":[24.773058,42.158314]},"properties":{"lines":"27","color":"#0059a9","mode":"bus","arr":["27"],"angle":54.4,"extra":1,"ei":1}},{"type":"Feature","geometry":{"type":"Point","coordinates":[24.769836,42.156905]},"properties":{"lines":"27","color":"#0059a9","mode":"bus","arr":["27"],"angle":-22.2,"mi":1}},{"type":"Feature","geometry":{"type":"Point","coordinates":[24.771611,42.157266]},"properties":{"lines":"27","color":"#0059a9","mode":"bus","arr":["27"],"angle":-33.3}},{"type":"Feature","geometry":{"type":"Point","coordinates":[24.769983,42.156683]},"properties":{"lines":"27","color":"#0059a9","mode":"bus","arr":["27"],"angle":-22.5,"extra":1,"ei":0,"side":-1}},{"type":"Feature","geometry":{"type":"Point","coordinates":[24.754935,42.12446]},"properties":{"lines":"36, 37","color":"#0059a9","mode":"bus","arr":["36","37"],"angle":81.6,"mi":1}},{"type":"Feature","geometry":{"type":"Point","coordinates":[24.75468,42.125716]},"properties":{"lines":"36, 37","color":"#0059a9","mode":"bus","arr":["36","37"],"angle":81.5,"extra":1,"ei":0}},{"type":"Feature","geometry":{"type":"Point","coordinates":[24.744337,42.126452]},"properties":{"lines":"36, 37","color":"#0059a9","mode":"bus","arr":["36","37"],"angle":2.6,"mi":2}},{"type":"Feature","geometry":{"type":"Point","coordinates":[24.75342,42.126059]},"properties":{"lines":"36, 37","color":"#0059a9","mode":"bus","arr":["36","37"],"angle":3.5}},{"type":"Feature","geometry":{"type":"Point","coordinates":[24.742681,42.126522]},"properties":{"lines":"36, 37","color":"#0059a9","mode":"bus","arr":["36","37"],"angle":4.3,"extra":1,"ei":0}},{"type":"Feature","geometry":{"type":"Point","coordinates":[24.762731,42.136318]},"properties":{"lines":"36","color":"#0059a9","mode":"bus","arr":["36"],"angle":-47.4}},{"type":"Feature","geometry":{"type":"Point","coordinates":[24.753063,42.125735]},"properties":{"lines":"36","color":"#0059a9","mode":"bus","arr":["36"],"angle":-3.5}},{"type":"Feature","geometry":{"type":"Point","coordinates":[24.726121,42.141063]},"properties":{"lines":"37","color":"#0059a9","mode":"bus","arr":["37"],"angle":-82.6}},{"type":"Feature","geometry":{"type":"Point","coordinates":[24.755022,42.134306]},"properties":{"lines":"37","color":"#0059a9","mode":"bus","arr":["37"],"angle":45.3,"side":-1,"mi":3}},{"type":"Feature","geometry":{"type":"Point","coordinates":[24.756087,42.133441]},"properties":{"lines":"37","color":"#0059a9","mode":"bus","arr":["37"],"angle":78.7,"extra":1,"ei":0,"side":-1}},{"type":"Feature","geometry":{"type":"Point","coordinates":[24.754727,42.13051]},"properties":{"lines":"37","color":"#0059a9","mode":"bus","arr":["37"],"angle":-86.5}},{"type":"Feature","geometry":{"type":"Point","coordinates":[24.755112,42.131664]},"properties":{"lines":"37","color":"#0059a9","mode":"bus","arr":["37"],"angle":-17.2,"extra":1,"ei":0}},{"type":"Feature","geometry":{"type":"Point","coordinates":[24.758368,42.13318]},"properties":{"lines":"37","color":"#0059a9","mode":"bus","arr":["37"],"angle":63.1,"mi":2}},{"type":"Feature","geometry":{"type":"Point","coordinates":[24.750728,42.130033]},"properties":{"lines":"37","color":"#0059a9","mode":"bus","arr":["37"],"angle":3.2,"mi":1}},{"type":"Feature","geometry":{"type":"Point","coordinates":[24.756155,42.125961]},"properties":{"lines":"37","color":"#0059a9","mode":"bus","arr":["37"],"angle":2.6,"mi":4}},{"type":"Feature","geometry":{"type":"Point","coordinates":[24.756088,42.120933]},"properties":{"lines":"37, 116","color":"#0059a9","mode":"bus","arr":["37","116"],"angle":-83.5}},{"type":"Feature","geometry":{"type":"Point","coordinates":[24.784235,42.126192]},"properties":{"lines":"44","color":"#0059a9","mode":"bus","arr":["44"],"angle":-22.3,"mi":1}},{"type":"Feature","geometry":{"type":"Point","coordinates":[24.789196,42.132251]},"properties":{"lines":"44","color":"#0059a9","mode":"bus","arr":["44"],"angle":57.3}},{"type":"Feature","geometry":{"type":"Point","coordinates":[24.788208,42.133347]},"properties":{"lines":"44","color":"#0059a9","mode":"bus","arr":["44"],"angle":55.7,"extra":1,"ei":0}},{"type":"Feature","geometry":{"type":"Point","coordinates":[24.79028,42.138471]},"properties":{"lines":"44, 93","color":"#0059a9","mode":"bus","arr":["44","93"],"angle":59.4,"mi":2}},{"type":"Feature","geometry":{"type":"Point","coordinates":[24.787654,42.133953]},"properties":{"lines":"44, 93","color":"#0059a9","mode":"bus","arr":["44","93"],"angle":56.1,"mi":1}},{"type":"Feature","geometry":{"type":"Point","coordinates":[24.789392,42.135998]},"properties":{"lines":"44, 93","color":"#0059a9","mode":"bus","arr":["44","93"],"angle":-58.8}},{"type":"Feature","geometry":{"type":"Point","coordinates":[24.788264,42.134937]},"properties":{"lines":"44, 93","color":"#0059a9","mode":"bus","arr":["44","93"],"angle":-48.6,"extra":1,"ei":0}},{"type":"Feature","geometry":{"type":"Point","coordinates":[24.731227,42.154582]},"properties":{"lines":"44, 93, 99, 113, 222","color":"#0059a9","mode":"bus","arr":["44","93","99","113","222"],"angle":89.7}},{"type":"Feature","geometry":{"type":"Point","coordinates":[24.731208,42.152099]},"properties":{"lines":"44, 93, 99, 113, 222","color":"#0059a9","mode":"bus","arr":["44","93","99","113","222"],"angle":-88.6,"extra":1,"ei":0,"side":-1}},{"type":"Feature","geometry":{"type":"Point","coordinates":[24.731182,42.155875]},"properties":{"lines":"44, 93, 99, 113, 222","color":"#0059a9","mode":"bus","arr":["44","93","99","113","222"],"angle":85.7,"extra":1,"ei":1}},{"type":"Feature","geometry":{"type":"Point","coordinates":[24.730968,42.157757]},"properties":{"lines":"44, 93, 99, 113, 222","color":"#0059a9","mode":"bus","arr":["44","93","99","113","222"],"angle":85.8,"extra":1,"ei":2}},{"type":"Feature","geometry":{"type":"Point","coordinates":[24.731076,42.153269]},"properties":{"lines":"44, 93, 99, 113, 222","color":"#0059a9","mode":"bus","arr":["44","93","99","113","222"],"angle":89.9,"extra":1,"ei":0,"side":-1}},{"type":"Feature","geometry":{"type":"Point","coordinates":[24.734449,42.166848]},"properties":{"lines":"93","color":"#0059a9","mode":"bus","arr":["93"],"angle":-25.1}},{"type":"Feature","geometry":{"type":"Point","coordinates":[24.737916,42.170354]},"properties":{"lines":"93","color":"#0059a9","mode":"bus","arr":["93"],"angle":-63.9,"extra":1,"ei":0}},{"type":"Feature","geometry":{"type":"Point","coordinates":[24.738712,42.168615]},"properties":{"lines":"93","color":"#0059a9","mode":"bus","arr":["93"],"angle":88.8,"extra":1,"ei":1}},{"type":"Feature","geometry":{"type":"Point","coordinates":[24.736703,42.167629]},"properties":{"lines":"93","color":"#0059a9","mode":"bus","arr":["93"],"angle":-25,"extra":1,"ei":2}},{"type":"Feature","geometry":{"type":"Point","coordinates":[24.732095,42.166018]},"properties":{"lines":"93","color":"#0059a9","mode":"bus","arr":["93"],"angle":-25.2,"extra":1,"ei":3}},{"type":"Feature","geometry":{"type":"Point","coordinates":[24.729797,42.165206]},"properties":{"lines":"93","color":"#0059a9","mode":"bus","arr":["93"],"angle":-29,"extra":1,"ei":4}},{"type":"Feature","geometry":{"type":"Point","coordinates":[24.727596,42.164254]},"properties":{"lines":"93","color":"#0059a9","mode":"bus","arr":["93"],"angle":-30.4,"extra":1,"ei":5}},{"type":"Feature","geometry":{"type":"Point","coordinates":[24.71729,42.171391]},"properties":{"lines":"93","color":"#0059a9","mode":"bus","arr":["93"],"angle":39.5}},{"type":"Feature","geometry":{"type":"Point","coordinates":[24.728208,42.162673]},"properties":{"lines":"93","color":"#0059a9","mode":"bus","arr":["93"],"angle":44,"mi":1}},{"type":"Feature","geometry":{"type":"Point","coordinates":[24.727063,42.163492]},"properties":{"lines":"93","color":"#0059a9","mode":"bus","arr":["93"],"angle":43.7,"extra":1,"ei":0}},{"type":"Feature","geometry":{"type":"Point","coordinates":[24.71887,42.170269]},"properties":{"lines":"93","color":"#0059a9","mode":"bus","arr":["93"],"angle":47.9,"extra":1,"ei":0}},{"type":"Feature","geometry":{"type":"Point","coordinates":[24.715063,42.172772]},"properties":{"lines":"93","color":"#0059a9","mode":"bus","arr":["93"],"angle":41,"extra":1,"ei":1}},{"type":"Feature","geometry":{"type":"Point","coordinates":[24.730298,42.159747]},"properties":{"lines":"93, 99","color":"#0059a9","mode":"bus","arr":["93","99"],"angle":77.5,"side":-1}},{"type":"Feature","geometry":{"type":"Point","coordinates":[24.789667,42.134266]},"properties":{"lines":"93","color":"#0059a9","mode":"bus","arr":["93"],"angle":-34.2,"side":-1}},{"type":"Feature","geometry":{"type":"Point","coordinates":[24.754557,42.144513]},"properties":{"lines":"93","color":"#0059a9","mode":"bus","arr":["93"],"angle":77.2}},{"type":"Feature","geometry":{"type":"Point","coordinates":[24.717135,42.171238]},"properties":{"lines":"93","color":"#0059a9","mode":"bus","arr":["93"],"angle":39.6,"side":-1,"mi":1}},{"type":"Feature","geometry":{"type":"Point","coordinates":[24.715889,42.172004]},"properties":{"lines":"93","color":"#0059a9","mode":"bus","arr":["93"],"angle":40.2,"extra":1,"ei":0,"side":-1}},{"type":"Feature","geometry":{"type":"Point","coordinates":[24.797766,42.133918]},"properties":{"lines":"99","color":"#0059a9","mode":"bus","arr":["99"],"angle":14.1,"mi":7}},{"type":"Feature","geometry":{"type":"Point","coordinates":[24.795353,42.127834]},"properties":{"lines":"99","color":"#0059a9","mode":"bus","arr":["99"],"angle":-34.7,"side":-1,"mi":9}},{"type":"Feature","geometry":{"type":"Point","coordinates":[24.799134,42.132566]},"properties":{"lines":"99","color":"#0059a9","mode":"bus","arr":["99"],"angle":-77.9,"mi":4}},{"type":"Feature","geometry":{"type":"Point","coordinates":[24.792529,42.126622]},"properties":{"lines":"99","color":"#0059a9","mode":"bus","arr":["99"],"angle":-21.5,"extra":1,"ei":0}},{"type":"Feature","geometry":{"type":"Point","coordinates":[24.790012,42.126539]},"properties":{"lines":"99","color":"#0059a9","mode":"bus","arr":["99"],"angle":4.4,"extra":1,"ei":1}},{"type":"Feature","geometry":{"type":"Point","coordinates":[24.787475,42.126708]},"properties":{"lines":"99","color":"#0059a9","mode":"bus","arr":["99"],"angle":5.7,"extra":1,"ei":2}},{"type":"Feature","geometry":{"type":"Point","coordinates":[24.796952,42.128631]},"properties":{"lines":"99","color":"#0059a9","mode":"bus","arr":["99"],"angle":-33.5,"extra":1,"ei":0}},{"type":"Feature","geometry":{"type":"Point","coordinates":[24.79857,42.130035]},"properties":{"lines":"99","color":"#0059a9","mode":"bus","arr":["99"],"angle":-71.6,"extra":1,"ei":1}},{"type":"Feature","geometry":{"type":"Point","coordinates":[24.798382,42.131541]},"properties":{"lines":"99","color":"#0059a9","mode":"bus","arr":["99"],"angle":68.8}},{"type":"Feature","geometry":{"type":"Point","coordinates":[24.797872,42.132378]},"properties":{"lines":"99","color":"#0059a9","mode":"bus","arr":["99"],"angle":47.4,"mi":1}},{"type":"Feature","geometry":{"type":"Point","coordinates":[24.798709,42.132914]},"properties":{"lines":"99","color":"#0059a9","mode":"bus","arr":["99"],"angle":-7.7,"side":-1,"mi":5}},{"type":"Feature","geometry":{"type":"Point","coordinates":[24.796225,42.130082]},"properties":{"lines":"99","color":"#0059a9","mode":"bus","arr":["99"],"angle":-33.2,"mi":6}},{"type":"Feature","geometry":{"type":"Point","coordinates":[24.795204,42.128758]},"properties":{"lines":"99","color":"#0059a9","mode":"bus","arr":["99"],"angle":56.8,"mi":8}},{"type":"Feature","geometry":{"type":"Point","coordinates":[24.722837,42.115795]},"properties":{"lines":"113","color":"#0059a9","mode":"bus","arr":["113"],"angle":16.8}},{"type":"Feature","geometry":{"type":"Point","coordinates":[24.715099,42.117701]},"properties":{"lines":"113","color":"#0059a9","mode":"bus","arr":["113"],"angle":7.7,"extra":1,"ei":0}},{"type":"Feature","geometry":{"type":"Point","coordinates":[24.717617,42.117415]},"properties":{"lines":"113","color":"#0059a9","mode":"bus","arr":["113"],"angle":9.3,"extra":1,"ei":1}},{"type":"Feature","geometry":{"type":"Point","coordinates":[24.720129,42.117128]},"properties":{"lines":"113","color":"#0059a9","mode":"bus","arr":["113"],"angle":25,"extra":1,"ei":2}},{"type":"Feature","geometry":{"type":"Point","coordinates":[24.724579,42.115411]},"properties":{"lines":"113","color":"#0059a9","mode":"bus","arr":["113"],"angle":16.5,"extra":1,"ei":3}},{"type":"Feature","geometry":{"type":"Point","coordinates":[24.727018,42.114867]},"properties":{"lines":"113","color":"#0059a9","mode":"bus","arr":["113"],"angle":18,"extra":1,"ei":4}},{"type":"Feature","geometry":{"type":"Point","coordinates":[24.729419,42.114235]},"properties":{"lines":"113","color":"#0059a9","mode":"bus","arr":["113"],"angle":20.1,"extra":1,"ei":5}},{"type":"Feature","geometry":{"type":"Point","coordinates":[24.731826,42.113617]},"properties":{"lines":"113","color":"#0059a9","mode":"bus","arr":["113"],"angle":23.8,"extra":1,"ei":6,"side":-1}},{"type":"Feature","geometry":{"type":"Point","coordinates":[24.728027,42.115157]},"properties":{"lines":"113","color":"#0059a9","mode":"bus","arr":["113"],"angle":-17.4,"mi":2}},{"type":"Feature","geometry":{"type":"Point","coordinates":[24.722604,42.116879]},"properties":{"lines":"113","color":"#0059a9","mode":"bus","arr":["113"],"angle":34,"mi":1}},{"type":"Feature","geometry":{"type":"Point","coordinates":[24.721615,42.164245]},"properties":{"lines":"113","color":"#0059a9","mode":"bus","arr":["113"],"angle":-6.8}},{"type":"Feature","geometry":{"type":"Point","coordinates":[24.719608,42.161616]},"properties":{"lines":"113","color":"#0059a9","mode":"bus","arr":["113"],"angle":80.5,"mi":1}},{"type":"Feature","geometry":{"type":"Point","coordinates":[24.723427,42.164589]},"properties":{"lines":"113","color":"#0059a9","mode":"bus","arr":["113"],"angle":-28.9,"extra":1,"ei":0}},{"type":"Feature","geometry":{"type":"Point","coordinates":[24.755748,42.121442]},"properties":{"lines":"116","color":"#0059a9","mode":"bus","arr":["116"],"angle":-8}},{"type":"Feature","geometry":{"type":"Point","coordinates":[24.770513,42.153983]},"properties":{"lines":"116","color":"#0059a9","mode":"bus","arr":["116"],"angle":76.3,"mi":1}},{"type":"Feature","geometry":{"type":"Point","coordinates":[24.770389,42.153998]},"properties":{"lines":"116","color":"#0059a9","mode":"bus","arr":["116"],"angle":75.6,"side":-1,"mi":2}},{"type":"Feature","geometry":{"type":"Point","coordinates":[24.775739,42.157419]},"properties":{"lines":"116","color":"#0059a9","mode":"bus","arr":["116"],"angle":-38.8}},{"type":"Feature","geometry":{"type":"Point","coordinates":[24.77144,42.155211]},"properties":{"lines":"116","color":"#0059a9","mode":"bus","arr":["116"],"angle":-24.6,"extra":1,"ei":0,"side":-1}},{"type":"Feature","geometry":{"type":"Point","coordinates":[24.773664,42.156127]},"properties":{"lines":"116","color":"#0059a9","mode":"bus","arr":["116"],"angle":-32.9,"extra":1,"ei":1,"side":-1}},{"type":"Feature","geometry":{"type":"Point","coordinates":[24.777663,42.158463]},"properties":{"lines":"116","color":"#0059a9","mode":"bus","arr":["116"],"angle":-40.1,"extra":1,"ei":2,"side":-1}},{"type":"Feature","geometry":{"type":"Point","coordinates":[24.779638,42.159637]},"properties":{"lines":"116","color":"#0059a9","mode":"bus","arr":["116"],"angle":-20.1,"extra":1,"ei":3,"side":-1}},{"type":"Feature","geometry":{"type":"Point","coordinates":[24.786128,42.160106]},"properties":{"lines":"116","color":"#0059a9","mode":"bus","arr":["116"],"angle":-84.9,"mi":3}},{"type":"Feature","geometry":{"type":"Point","coordinates":[24.715386,42.136281]},"properties":{"lines":"222","color":"#0059a9","mode":"bus","arr":["222"],"angle":22.2,"side":-1,"mi":2}},{"type":"Feature","geometry":{"type":"Point","coordinates":[24.717089,42.134109]},"properties":{"lines":"222","color":"#0059a9","mode":"bus","arr":["222"],"angle":3.6}},{"type":"Feature","geometry":{"type":"Point","coordinates":[24.717948,42.132924]},"properties":{"lines":"222","color":"#0059a9","mode":"bus","arr":["222"],"angle":87.8,"mi":1}},{"type":"Feature","geometry":{"type":"Point","coordinates":[24.769859,42.148284]},"properties":{"lines":"21, 25, 36, 66, 93","color":"#0059a9","mode":"bus","arr":["21","25","36","66","93"],"angle":-37.8,"mi":3}},{"type":"Feature","geometry":{"type":"Point","coordinates":[24.769389,42.148606]},"properties":{"lines":"21, 25, 36, 66, 93","color":"#0059a9","mode":"bus","arr":["21","25","36","66","93"],"angle":75.1,"mi":1}},{"type":"Feature","geometry":{"type":"Point","coordinates":[24.768913,42.150231]},"properties":{"lines":"21, 25, 36, 66, 93","color":"#0059a9","mode":"bus","arr":["21","25","36","66","93"],"angle":83.2,"mi":5}},{"type":"Feature","geometry":{"type":"Point","coordinates":[24.798241,42.132892]},"properties":{"lines":"99","color":"#0059a9","mode":"bus","arr":["99"],"angle":-7.6,"mi":3}},{"type":"Feature","geometry":{"type":"Point","coordinates":[24.798229,42.132532]},"properties":{"lines":"99","color":"#0059a9","mode":"bus","arr":["99"],"angle":-80.4,"mi":2}}]}