{"type":"FeatureCollection","features":[{"type":"Feature","properties":{"lines":"1, 20, 27","arr":["1","20","27"],"mode":"bus","angle":-58.3,"side":-1,"l0":"1, ","c0":"#05617d","l1":"20, ","c1":"#126804","l2":"27","c2":"#f57145"},"geometry":{"type":"Point","coordinates":[24.702518,42.100447]}},{"type":"Feature","properties":{"lines":"1, 20, 27","arr":["1","20","27"],"mode":"bus","angle":27.5,"l0":"1, ","c0":"#05617d","l1":"20, ","c1":"#126804","l2":"27","c2":"#f57145"},"geometry":{"type":"Point","coordinates":[24.711029,42.115995]}},{"type":"Feature","properties":{"lines":"1, 20, 27","arr":["1","20","27"],"mode":"bus","angle":-62,"mi":1,"l0":"1, ","c0":"#05617d","l1":"20, ","c1":"#126804","l2":"27","c2":"#f57145"},"geometry":{"type":"Point","coordinates":[24.707296,42.109379]}},{"type":"Feature","properties":{"lines":"1, 20, 27","arr":["1","20","27"],"mode":"bus","angle":-61.9,"extra":1,"ei":0,"l0":"1, ","c0":"#05617d","l1":"20, ","c1":"#126804","l2":"27","c2":"#f57145"},"geometry":{"type":"Point","coordinates":[24.713292,42.116973]}},{"type":"Feature","properties":{"lines":"1, 20, 27","arr":["1","20","27"],"mode":"bus","angle":-59.8,"extra":1,"ei":1,"l0":"1, ","c0":"#05617d","l1":"20, ","c1":"#126804","l2":"27","c2":"#f57145"},"geometry":{"type":"Point","coordinates":[24.712014,42.115339]}},{"type":"Feature","properties":{"lines":"1, 20, 27","arr":["1","20","27"],"mode":"bus","angle":-59.4,"extra":1,"ei":2,"l0":"1, ","c0":"#05617d","l1":"20, ","c1":"#126804","l2":"27","c2":"#f57145"},"geometry":{"type":"Point","coordinates":[24.710733,42.113707]}},{"type":"Feature","properties":{"lines":"1, 20, 27","arr":["1","20","27"],"mode":"bus","angle":-58.9,"extra":1,"ei":3,"l0":"1, ","c0":"#05617d","l1":"20, ","c1":"#126804","l2":"27","c2":"#f57145"},"geometry":{"type":"Point","coordinates":[24.709398,42.112098]}},{"type":"Feature","properties":{"lines":"1, 20, 27","arr":["1","20","27"],"mode":"bus","angle":-59.8,"extra":1,"ei":4,"l0":"1, ","c0":"#05617d","l1":"20, ","c1":"#126804","l2":"27","c2":"#f57145"},"geometry":{"type":"Point","coordinates":[24.708127,42.110462]}},{"type":"Feature","properties":{"lines":"1, 20, 27","arr":["1","20","27"],"mode":"bus","angle":-68.5,"extra":1,"ei":5,"l0":"1, ","c0":"#05617d","l1":"20, ","c1":"#126804","l2":"27","c2":"#f57145"},"geometry":{"type":"Point","coordinates":[24.705907,42.107069]}},{"type":"Feature","properties":{"lines":"1, 20, 27","arr":["1","20","27"],"mode":"bus","angle":-69.5,"extra":1,"ei":6,"l0":"1, ","c0":"#05617d","l1":"20, ","c1":"#126804","l2":"27","c2":"#f57145"},"geometry":{"type":"Point","coordinates":[24.705019,42.1053]}},{"type":"Feature","properties":{"lines":"1, 20, 27","arr":["1","20","27"],"mode":"bus","angle":-71.9,"extra":1,"ei":7,"l0":"1, ","c0":"#05617d","l1":"20, ","c1":"#126804","l2":"27","c2":"#f57145"},"geometry":{"type":"Point","coordinates":[24.704169,42.10352]}},{"type":"Feature","properties":{"lines":"1, 20, 27","arr":["1","20","27"],"mode":"bus","angle":-66.9,"extra":1,"ei":8,"l0":"1, ","c0":"#05617d","l1":"20, ","c1":"#126804","l2":"27","c2":"#f57145"},"geometry":{"type":"Point","coordinates":[24.703328,42.101737]}},{"type":"Feature","properties":{"lines":"1, 20, 27, 113","arr":["1","20","27","113"],"mode":"bus","angle":-59.1,"mi":1,"l0":"1, ","c0":"#05617d","l1":"20, ","c1":"#126804","l2":"27, ","c2":"#f57145","l3":"113","c3":"#999f01"},"geometry":{"type":"Point","coordinates":[24.71656,42.121294]}},{"type":"Feature","properties":{"lines":"1, 20, 27, 113","arr":["1","20","27","113"],"mode":"bus","angle":24.7,"mi":2,"l0":"1, ","c0":"#05617d","l1":"20, ","c1":"#126804","l2":"27, ","c2":"#f57145","l3":"113","c3":"#999f01"},"geometry":{"type":"Point","coordinates":[24.719341,42.12475]}},{"type":"Feature","properties":{"lines":"1, 20, 27, 113","arr":["1","20","27","113"],"mode":"bus","angle":-59.3,"extra":1,"ei":0,"l0":"1, ","c0":"#05617d","l1":"20, ","c1":"#126804","l2":"27, ","c2":"#f57145","l3":"113","c3":"#999f01"},"geometry":{"type":"Point","coordinates":[24.714447,42.118654]}},{"type":"Feature","properties":{"lines":"1, 20, 27, 113","arr":["1","20","27","113"],"mode":"bus","angle":-59.4,"extra":1,"ei":1,"l0":"1, ","c0":"#05617d","l1":"20, ","c1":"#126804","l2":"27, ","c2":"#f57145","l3":"113","c3":"#999f01"},"geometry":{"type":"Point","coordinates":[24.715748,42.120278]}},{"type":"Feature","properties":{"lines":"1, 20, 27, 113","arr":["1","20","27","113"],"mode":"bus","angle":-60.1,"extra":1,"ei":2,"l0":"1, ","c0":"#05617d","l1":"20, ","c1":"#126804","l2":"27, ","c2":"#f57145","l3":"113","c3":"#999f01"},"geometry":{"type":"Point","coordinates":[24.718369,42.123517]}},{"type":"Feature","properties":{"lines":"1, 20, 27, 113","arr":["1","20","27","113"],"mode":"bus","angle":34.7,"l0":"1, ","c0":"#05617d","l1":"20, ","c1":"#126804","l2":"27, ","c2":"#f57145","l3":"113","c3":"#999f01"},"geometry":{"type":"Point","coordinates":[24.718193,42.12238]}},{"type":"Feature","properties":{"lines":"1","arr":["1"],"mode":"bus","angle":27.4,"side":-1,"l0":"1","c0":"#05617d"},"geometry":{"type":"Point","coordinates":[24.719555,42.124616]}},{"type":"Feature","properties":{"lines":"1","arr":["1"],"mode":"bus","angle":-30.3,"mi":2,"l0":"1","c0":"#05617d"},"geometry":{"type":"Point","coordinates":[24.744013,42.130433]}},{"type":"Feature","properties":{"lines":"1","arr":["1"],"mode":"bus","angle":28.5,"mi":3,"l0":"1","c0":"#05617d"},"geometry":{"type":"Point","coordinates":[24.73308,42.120552]}},{"type":"Feature","properties":{"lines":"1","arr":["1"],"mode":"bus","angle":27.2,"extra":1,"ei":0,"l0":"1","c0":"#05617d"},"geometry":{"type":"Point","coordinates":[24.731529,42.121156]}},{"type":"Feature","properties":{"lines":"1, 16, 36","arr":["1","16","36"],"mode":"bus","angle":25.8,"side":-1,"mi":3,"l0":"1, ","c0":"#05617d","l1":"16, ","c1":"#f661b9","l2":"36","c2":"#2d8c1b"},"geometry":{"type":"Point","coordinates":[24.720412,42.125214]}},{"type":"Feature","properties":{"lines":"1, 16, 36","arr":["1","16","36"],"mode":"bus","angle":-66.8,"side":-1,"mi":1,"l0":"1, ","c0":"#05617d","l1":"16, ","c1":"#f661b9","l2":"36","c2":"#2d8c1b"},"geometry":{"type":"Point","coordinates":[24.723675,42.124801]}},{"type":"Feature","properties":{"lines":"1, 16, 36","arr":["1","16","36"],"mode":"bus","angle":27.3,"mi":2,"l0":"1, ","c0":"#05617d","l1":"16, ","c1":"#f661b9","l2":"36","c2":"#2d8c1b"},"geometry":{"type":"Point","coordinates":[24.725343,42.123573]}},{"type":"Feature","properties":{"lines":"1, 16, 36","arr":["1","16","36"],"mode":"bus","angle":27.8,"extra":1,"ei":0,"l0":"1, ","c0":"#05617d","l1":"16, ","c1":"#f661b9","l2":"36","c2":"#2d8c1b"},"geometry":{"type":"Point","coordinates":[24.729275,42.122036]}},{"type":"Feature","properties":{"lines":"1, 16, 36","arr":["1","16","36"],"mode":"bus","angle":28.2,"extra":1,"ei":1,"l0":"1, ","c0":"#05617d","l1":"16, ","c1":"#f661b9","l2":"36","c2":"#2d8c1b"},"geometry":{"type":"Point","coordinates":[24.727019,42.122914]}},{"type":"Feature","properties":{"lines":"1, 16, 36","arr":["1","16","36"],"mode":"bus","angle":27.2,"extra":1,"ei":2,"l0":"1, ","c0":"#05617d","l1":"16, ","c1":"#f661b9","l2":"36","c2":"#2d8c1b"},"geometry":{"type":"Point","coordinates":[24.722509,42.12467]}},{"type":"Feature","properties":{"lines":"1, 7","arr":["1","7"],"mode":"bus","angle":-64.9,"l0":"1, ","c0":"#05617d","l1":"7","c1":"#7b3aa8"},"geometry":{"type":"Point","coordinates":[24.737386,42.122114]}},{"type":"Feature","properties":{"lines":"1, 7","arr":["1","7"],"mode":"bus","angle":-65.9,"extra":1,"ei":0,"l0":"1, ","c0":"#05617d","l1":"7","c1":"#7b3aa8"},"geometry":{"type":"Point","coordinates":[24.736284,42.120376]}},{"type":"Feature","properties":{"lines":"1, 7","arr":["1","7"],"mode":"bus","angle":-65.3,"extra":1,"ei":1,"l0":"1, ","c0":"#05617d","l1":"7","c1":"#7b3aa8"},"geometry":{"type":"Point","coordinates":[24.738426,42.123802]}},{"type":"Feature","properties":{"lines":"1, 17, 24, 27, 36, 116","arr":["1","17","24","27","36","116"],"mode":"bus","angle":24.1,"side":-1,"l0":"1, ","c0":"#05617d","l1":"17, ","c1":"#b0045c","l2":"24, ","c2":"#7c5001","l3":"27, ","c3":"#f57145","l4":"36, ","c4":"#2d8c1b","l5":"116","c5":"#11a2e3"},"geometry":{"type":"Point","coordinates":[24.73984,42.124338]}},{"type":"Feature","properties":{"lines":"1, 27","arr":["1","27"],"mode":"bus","angle":-66.6,"l0":"1, ","c0":"#05617d","l1":"27","c1":"#f57145"},"geometry":{"type":"Point","coordinates":[24.741458,42.125274]}},{"type":"Feature","properties":{"lines":"1, 27, 36, 37","arr":["1","27","36","37"],"mode":"bus","angle":-68.6,"l0":"1, ","c0":"#05617d","l1":"27, ","c1":"#f57145","l2":"36, ","c2":"#2d8c1b","l3":"37","c3":"#b59607"},"geometry":{"type":"Point","coordinates":[24.743184,42.128455]}},{"type":"Feature","properties":{"lines":"1, 11, 27, 36","arr":["1","11","27","36"],"mode":"bus","angle":-88.2,"l0":"1, ","c0":"#05617d","l1":"11, ","c1":"#4d4aba","l2":"27, ","c2":"#f57145","l3":"36","c3":"#2d8c1b"},"geometry":{"type":"Point","coordinates":[24.744939,42.132645]}},{"type":"Feature","properties":{"lines":"1, 11, 27, 36","arr":["1","11","27","36"],"mode":"bus","angle":25.7,"side":-1,"mi":1,"l0":"1, ","c0":"#05617d","l1":"11, ","c1":"#4d4aba","l2":"27, ","c2":"#f57145","l3":"36","c3":"#2d8c1b"},"geometry":{"type":"Point","coordinates":[24.746787,42.135604]}},{"type":"Feature","properties":{"lines":"1, 11, 27, 36","arr":["1","11","27","36"],"mode":"bus","angle":-68,"extra":1,"ei":0,"l0":"1, ","c0":"#05617d","l1":"11, ","c1":"#4d4aba","l2":"27, ","c2":"#f57145","l3":"36","c3":"#2d8c1b"},"geometry":{"type":"Point","coordinates":[24.74467,42.131223]}},{"type":"Feature","properties":{"lines":"1, 11, 27, 36","arr":["1","11","27","36"],"mode":"bus","angle":-88.8,"extra":1,"ei":1,"l0":"1, ","c0":"#05617d","l1":"11, ","c1":"#4d4aba","l2":"27, ","c2":"#f57145","l3":"36","c3":"#2d8c1b"},"geometry":{"type":"Point","coordinates":[24.745033,42.134968]}},{"type":"Feature","properties":{"lines":"1, 7, 11, 18, 20, 26, 27, 29, 36","arr":["1","7","11","18","20","26","27","29","36"],"mode":"bus","angle":-6.8,"l0":"1, ","c0":"#05617d","l1":"7, ","c1":"#7b3aa8","l2":"11, ","c2":"#4d4aba","l3":"18, ","c3":"#02af5a","l4":"20, ","c4":"#126804","l5":"26, ","c5":"#e16cd6","l6":"27, ","c6":"#f57145","l7":"29, ","c7":"#027ecb","l8":"36","c8":"#2d8c1b"},"geometry":{"type":"Point","coordinates":[24.748673,42.135786]}},{"type":"Feature","properties":{"lines":"1, 7, 11, 18, 20, 26, 27, 29, 36","arr":["1","7","11","18","20","26","27","29","36"],"mode":"bus","angle":-10.6,"extra":1,"ei":0,"l0":"1, ","c0":"#05617d","l1":"7, ","c1":"#7b3aa8","l2":"11, ","c2":"#4d4aba","l3":"18, ","c3":"#02af5a","l4":"20, ","c4":"#126804","l5":"26, ","c5":"#e16cd6","l6":"27, ","c6":"#f57145","l7":"29, ","c7":"#027ecb","l8":"36","c8":"#2d8c1b"},"geometry":{"type":"Point","coordinates":[24.751341,42.136139]}},{"type":"Feature","properties":{"lines":"1, 4, 7, 11, 20, 26, 27, 37, 44, 99","arr":["1","4","7","11","20","26","27","37","44","99"],"mode":"bus","angle":85.8,"side":-1,"l0":"1, ","c0":"#05617d","l1":"4, ","c1":"#8e4604","l2":"7, ","c2":"#7b3aa8","l3":"11, ","c3":"#4d4aba","l4":"20, ","c4":"#126804","l5":"26, ","c5":"#e16cd6","l6":"27, ","c6":"#f57145","l7":"37, ","c7":"#b59607","l8":"44, ","c8":"#05617d","l9":"99","c9":"#c17aef"},"geometry":{"type":"Point","coordinates":[24.751761,42.140057]}},{"type":"Feature","properties":{"lines":"1, 4, 7, 11, 20, 26, 27, 37, 44, 99","arr":["1","4","7","11","20","26","27","37","44","99"],"mode":"bus","angle":81.3,"extra":1,"ei":0,"l0":"1, ","c0":"#05617d","l1":"4, ","c1":"#8e4604","l2":"7, ","c2":"#7b3aa8","l3":"11, ","c3":"#4d4aba","l4":"20, ","c4":"#126804","l5":"26, ","c5":"#e16cd6","l6":"27, ","c6":"#f57145","l7":"37, ","c7":"#b59607","l8":"44, ","c8":"#05617d","l9":"99","c9":"#c17aef"},"geometry":{"type":"Point","coordinates":[24.752214,42.137162]}},{"type":"Feature","properties":{"lines":"1, 4, 7, 11, 20, 26, 27, 37, 44, 99","arr":["1","4","7","11","20","26","27","37","44","99"],"mode":"bus","angle":85,"side":-1,"extra":1,"ei":0,"l0":"1, ","c0":"#05617d","l1":"4, ","c1":"#8e4604","l2":"7, ","c2":"#7b3aa8","l3":"11, ","c3":"#4d4aba","l4":"20, ","c4":"#126804","l5":"26, ","c5":"#e16cd6","l6":"27, ","c6":"#f57145","l7":"37, ","c7":"#b59607","l8":"44, ","c8":"#05617d","l9":"99","c9":"#c17aef"},"geometry":{"type":"Point","coordinates":[24.751557,42.142297]}},{"type":"Feature","properties":{"lines":"1, 4, 7, 11, 20, 26, 27, 37, 44, 99","arr":["1","4","7","11","20","26","27","37","44","99"],"mode":"bus","angle":84.5,"side":-1,"extra":1,"ei":1,"l0":"1, ","c0":"#05617d","l1":"4, ","c1":"#8e4604","l2":"7, ","c2":"#7b3aa8","l3":"11, ","c3":"#4d4aba","l4":"20, ","c4":"#126804","l5":"26, ","c5":"#e16cd6","l6":"27, ","c6":"#f57145","l7":"37, ","c7":"#b59607","l8":"44, ","c8":"#05617d","l9":"99","c9":"#c17aef"},"geometry":{"type":"Point","coordinates":[24.751952,42.138532]}},{"type":"Feature","properties":{"lines":"1, 4, 7, 9, 10, 11, 20, 26, 27, 37, 44, 66, 93, 99","arr":["1","4","7","9","10","11","20","26","27","37","44","66","93","99"],"mode":"bus","angle":78.3,"l0":"1, ","c0":"#05617d","l1":"4, ","c1":"#8e4604","l2":"7, ","c2":"#7b3aa8","l3":"9, ","c3":"#b20b42","l4":"10, ","c4":"#066559","l5":"11, ","c5":"#4d4aba","l6":"20, ","c6":"#126804","l7":"26, ","c7":"#e16cd6","l8":"27, ","c8":"#f57145","l9":"37, ","c9":"#b59607","l10":"44, ","c10":"#05617d","l11":"66, ","c11":"#4d4aba","l12":"93, ","c12":"#f57145","l13":"99","c13":"#c17aef"},"geometry":{"type":"Point","coordinates":[24.751226,42.146717]}},{"type":"Feature","properties":{"lines":"1, 4, 7, 9, 10, 11, 20, 26, 27, 37, 44, 66, 93, 99","arr":["1","4","7","9","10","11","20","26","27","37","44","66","93","99"],"mode":"bus","angle":86,"extra":1,"ei":0,"l0":"1, ","c0":"#05617d","l1":"4, ","c1":"#8e4604","l2":"7, ","c2":"#7b3aa8","l3":"9, ","c3":"#b20b42","l4":"10, ","c4":"#066559","l5":"11, ","c5":"#4d4aba","l6":"20, ","c6":"#126804","l7":"26, ","c7":"#e16cd6","l8":"27, ","c8":"#f57145","l9":"37, ","c9":"#b59607","l10":"44, ","c10":"#05617d","l11":"66, ","c11":"#4d4aba","l12":"93, ","c12":"#f57145","l13":"99","c13":"#c17aef"},"geometry":{"type":"Point","coordinates":[24.751657,42.142522]}},{"type":"Feature","properties":{"lines":"1, 4, 7, 9, 10, 11, 20, 26, 27, 37, 44, 66, 93, 99","arr":["1","4","7","9","10","11","20","26","27","37","44","66","93","99"],"mode":"bus","angle":89.3,"extra":1,"ei":1,"l0":"1, ","c0":"#05617d","l1":"4, ","c1":"#8e4604","l2":"7, ","c2":"#7b3aa8","l3":"9, ","c3":"#b20b42","l4":"10, ","c4":"#066559","l5":"11, ","c5":"#4d4aba","l6":"20, ","c6":"#126804","l7":"26, ","c7":"#e16cd6","l8":"27, ","c8":"#f57145","l9":"37, ","c9":"#b59607","l10":"44, ","c10":"#05617d","l11":"66, ","c11":"#4d4aba","l12":"93, ","c12":"#f57145","l13":"99","c13":"#c17aef"},"geometry":{"type":"Point","coordinates":[24.751552,42.144409]}},{"type":"Feature","properties":{"lines":"1, 4, 7, 9, 10, 11, 20, 26, 27, 37, 44, 66, 93, 99","arr":["1","4","7","9","10","11","20","26","27","37","44","66","93","99"],"mode":"bus","angle":78.7,"extra":1,"ei":2,"l0":"1, ","c0":"#05617d","l1":"4, ","c1":"#8e4604","l2":"7, ","c2":"#7b3aa8","l3":"9, ","c3":"#b20b42","l4":"10, ","c4":"#066559","l5":"11, ","c5":"#4d4aba","l6":"20, ","c6":"#126804","l7":"26, ","c7":"#e16cd6","l8":"27, ","c8":"#f57145","l9":"37, ","c9":"#b59607","l10":"44, ","c10":"#05617d","l11":"66, ","c11":"#4d4aba","l12":"93, ","c12":"#f57145","l13":"99","c13":"#c17aef"},"geometry":{"type":"Point","coordinates":[24.750844,42.148137]}},{"type":"Feature","properties":{"lines":"1, 4, 7, 9, 10, 11, 20, 26, 27, 37, 44, 66, 93, 99","arr":["1","4","7","9","10","11","20","26","27","37","44","66","93","99"],"mode":"bus","angle":83.3,"extra":1,"ei":3,"l0":"1, ","c0":"#05617d","l1":"4, ","c1":"#8e4604","l2":"7, ","c2":"#7b3aa8","l3":"9, ","c3":"#b20b42","l4":"10, ","c4":"#066559","l5":"11, ","c5":"#4d4aba","l6":"20, ","c6":"#126804","l7":"26, ","c7":"#e16cd6","l8":"27, ","c8":"#f57145","l9":"37, ","c9":"#b59607","l10":"44, ","c10":"#05617d","l11":"66, ","c11":"#4d4aba","l12":"93, ","c12":"#f57145","l13":"99","c13":"#c17aef"},"geometry":{"type":"Point","coordinates":[24.750452,42.150002]}},{"type":"Feature","properties":{"lines":"1, 4, 7, 9, 15, 27","arr":["1","4","7","9","15","27"],"mode":"bus","angle":-86.2,"l0":"1, ","c0":"#05617d","l1":"4, ","c1":"#8e4604","l2":"7, ","c2":"#7b3aa8","l3":"9, ","c3":"#b20b42","l4":"15, ","c4":"#119efc","l5":"27","c5":"#f57145"},"geometry":{"type":"Point","coordinates":[24.750456,42.152285]}},{"type":"Feature","properties":{"lines":"1, 4, 7, 9, 15, 25, 27","arr":["1","4","7","9","15","25","27"],"mode":"bus","angle":82.6,"mi":3,"l0":"1, ","c0":"#05617d","l1":"4, ","c1":"#8e4604","l2":"7, ","c2":"#7b3aa8","l3":"9, ","c3":"#b20b42","l4":"15, ","c4":"#119efc","l5":"25, ","c5":"#1cab97","l6":"27","c6":"#f57145"},"geometry":{"type":"Point","coordinates":[24.749099,42.157876]}},{"type":"Feature","properties":{"lines":"1, 4, 7, 9, 15, 25, 27","arr":["1","4","7","9","15","25","27"],"mode":"bus","angle":77.3,"side":-1,"mi":1,"l0":"1, ","c0":"#05617d","l1":"4, ","c1":"#8e4604","l2":"7, ","c2":"#7b3aa8","l3":"9, ","c3":"#b20b42","l4":"15, ","c4":"#119efc","l5":"25, ","c5":"#1cab97","l6":"27","c6":"#f57145"},"geometry":{"type":"Point","coordinates":[24.749633,42.15496]}},{"type":"Feature","properties":{"lines":"1, 4, 7, 9, 15, 25, 27","arr":["1","4","7","9","15","25","27"],"mode":"bus","angle":76.7,"side":-1,"mi":4,"l0":"1, ","c0":"#05617d","l1":"4, ","c1":"#8e4604","l2":"7, ","c2":"#7b3aa8","l3":"9, ","c3":"#b20b42","l4":"15, ","c4":"#119efc","l5":"25, ","c5":"#1cab97","l6":"27","c6":"#f57145"},"geometry":{"type":"Point","coordinates":[24.750257,42.152819]}},{"type":"Feature","properties":{"lines":"1, 4, 7, 9, 15, 25, 27","arr":["1","4","7","9","15","25","27"],"mode":"bus","angle":80.7,"l0":"1, ","c0":"#05617d","l1":"4, ","c1":"#8e4604","l2":"7, ","c2":"#7b3aa8","l3":"9, ","c3":"#b20b42","l4":"15, ","c4":"#119efc","l5":"25, ","c5":"#1cab97","l6":"27","c6":"#f57145"},"geometry":{"type":"Point","coordinates":[24.749508,42.156338]}},{"type":"Feature","properties":{"lines":"1, 4, 7, 9, 15, 25, 27","arr":["1","4","7","9","15","25","27"],"mode":"bus","angle":81.4,"side":-1,"mi":2,"l0":"1, ","c0":"#05617d","l1":"4, ","c1":"#8e4604","l2":"7, ","c2":"#7b3aa8","l3":"9, ","c3":"#b20b42","l4":"15, ","c4":"#119efc","l5":"25, ","c5":"#1cab97","l6":"27","c6":"#f57145"},"geometry":{"type":"Point","coordinates":[24.74912,42.156321]}},{"type":"Feature","properties":{"lines":"1, 9, 15, 16, 25","arr":["1","9","15","16","25"],"mode":"bus","angle":73.8,"l0":"1, ","c0":"#05617d","l1":"9, ","c1":"#b20b42","l2":"15, ","c2":"#119efc","l3":"16, ","c3":"#f661b9","l4":"25","c4":"#1cab97"},"geometry":{"type":"Point","coordinates":[24.748088,42.161123]}},{"type":"Feature","properties":{"lines":"1, 9, 15, 25","arr":["1","9","15","25"],"mode":"bus","angle":-6,"l0":"1, ","c0":"#05617d","l1":"9, ","c1":"#b20b42","l2":"15, ","c2":"#119efc","l3":"25","c3":"#1cab97"},"geometry":{"type":"Point","coordinates":[24.745223,42.162979]}},{"type":"Feature","properties":{"lines":"1, 9, 15, 25","arr":["1","9","15","25"],"mode":"bus","angle":-6.6,"extra":1,"ei":0,"l0":"1, ","c0":"#05617d","l1":"9, ","c1":"#b20b42","l2":"15, ","c2":"#119efc","l3":"25","c3":"#1cab97"},"geometry":{"type":"Point","coordinates":[24.743403,42.162836]}},{"type":"Feature","properties":{"lines":"1, 25","arr":["1","25"],"mode":"bus","angle":85.9,"mi":4,"l0":"1, ","c0":"#05617d","l1":"25","c1":"#1cab97"},"geometry":{"type":"Point","coordinates":[24.742659,42.169433]}},{"type":"Feature","properties":{"lines":"1, 25","arr":["1","25"],"mode":"bus","angle":68.7,"side":-1,"mi":2,"l0":"1, ","c0":"#05617d","l1":"25","c1":"#1cab97"},"geometry":{"type":"Point","coordinates":[24.739524,42.180727]}},{"type":"Feature","properties":{"lines":"1, 25","arr":["1","25"],"mode":"bus","angle":86.5,"extra":1,"ei":0,"l0":"1, ","c0":"#05617d","l1":"25","c1":"#1cab97"},"geometry":{"type":"Point","coordinates":[24.743165,42.163763]}},{"type":"Feature","properties":{"lines":"1, 25","arr":["1","25"],"mode":"bus","angle":86.4,"extra":1,"ei":1,"l0":"1, ","c0":"#05617d","l1":"25","c1":"#1cab97"},"geometry":{"type":"Point","coordinates":[24.743008,42.165648]}},{"type":"Feature","properties":{"lines":"1, 25","arr":["1","25"],"mode":"bus","angle":85.9,"extra":1,"ei":2,"l0":"1, ","c0":"#05617d","l1":"25","c1":"#1cab97"},"geometry":{"type":"Point","coordinates":[24.742845,42.167533]}},{"type":"Feature","properties":{"lines":"1, 25","arr":["1","25"],"mode":"bus","angle":85.5,"extra":1,"ei":3,"l0":"1, ","c0":"#05617d","l1":"25","c1":"#1cab97"},"geometry":{"type":"Point","coordinates":[24.742476,42.1713]}},{"type":"Feature","properties":{"lines":"1, 25","arr":["1","25"],"mode":"bus","angle":82.1,"extra":1,"ei":4,"l0":"1, ","c0":"#05617d","l1":"25","c1":"#1cab97"},"geometry":{"type":"Point","coordinates":[24.742197,42.173177]}},{"type":"Feature","properties":{"lines":"1, 25","arr":["1","25"],"mode":"bus","angle":82.1,"extra":1,"ei":5,"l0":"1, ","c0":"#05617d","l1":"25","c1":"#1cab97"},"geometry":{"type":"Point","coordinates":[24.741845,42.175048]}},{"type":"Feature","properties":{"lines":"1, 25","arr":["1","25"],"mode":"bus","angle":68.6,"extra":1,"ei":0,"l0":"1, ","c0":"#05617d","l1":"25","c1":"#1cab97"},"geometry":{"type":"Point","coordinates":[24.73885,42.182283]}},{"type":"Feature","properties":{"lines":"1, 25","arr":["1","25"],"mode":"bus","angle":73.6,"extra":1,"ei":0,"l0":"1, ","c0":"#05617d","l1":"25","c1":"#1cab97"},"geometry":{"type":"Point","coordinates":[24.73755,42.18477]}},{"type":"Feature","properties":{"lines":"1, 25","arr":["1","25"],"mode":"bus","angle":68.6,"side":-1,"extra":1,"ei":0,"l0":"1, ","c0":"#05617d","l1":"25","c1":"#1cab97"},"geometry":{"type":"Point","coordinates":[24.740979,42.177962]}},{"type":"Feature","properties":{"lines":"1, 25","arr":["1","25"],"mode":"bus","angle":70.1,"l0":"1, ","c0":"#05617d","l1":"25","c1":"#1cab97"},"geometry":{"type":"Point","coordinates":[24.741296,42.177947]}},{"type":"Feature","properties":{"lines":"1, 25","arr":["1","25"],"mode":"bus","angle":69.7,"mi":3,"l0":"1, ","c0":"#05617d","l1":"25","c1":"#1cab97"},"geometry":{"type":"Point","coordinates":[24.738403,42.183429]}},{"type":"Feature","properties":{"lines":"1, 25","arr":["1","25"],"mode":"bus","angle":82.4,"side":-1,"mi":1,"l0":"1, ","c0":"#05617d","l1":"25","c1":"#1cab97"},"geometry":{"type":"Point","coordinates":[24.741551,42.17485]}},{"type":"Feature","properties":{"lines":"1","arr":["1"],"mode":"bus","angle":-6.9,"side":-1,"mi":2,"l0":"1","c0":"#05617d"},"geometry":{"type":"Point","coordinates":[24.745126,42.162856]}},{"type":"Feature","properties":{"lines":"1","arr":["1"],"mode":"bus","angle":12.4,"side":-1,"extra":1,"ei":0,"l0":"1","c0":"#05617d"},"geometry":{"type":"Point","coordinates":[24.746865,42.162926]}},{"type":"Feature","properties":{"lines":"1","arr":["1"],"mode":"bus","angle":74.3,"side":-1,"l0":"1","c0":"#05617d"},"geometry":{"type":"Point","coordinates":[24.747936,42.161115]}},{"type":"Feature","properties":{"lines":"1, 4, 16","arr":["1","4","16"],"mode":"bus","angle":-6.5,"l0":"1, ","c0":"#05617d","l1":"4, ","c1":"#8e4604","l2":"16","c2":"#f661b9"},"geometry":{"type":"Point","coordinates":[24.747911,42.159289]}},{"type":"Feature","properties":{"lines":"4, 16","arr":["4","16"],"mode":"bus","angle":2.7,"side":-1,"l0":"4, ","c0":"#8e4604","l1":"16","c1":"#f661b9"},"geometry":{"type":"Point","coordinates":[24.740175,42.159033]}},{"type":"Feature","properties":{"lines":"4, 16","arr":["4","16"],"mode":"bus","angle":-3.2,"mi":1,"l0":"4, ","c0":"#8e4604","l1":"16","c1":"#f661b9"},"geometry":{"type":"Point","coordinates":[24.745864,42.159193]}},{"type":"Feature","properties":{"lines":"4, 16","arr":["4","16"],"mode":"bus","angle":-1.2,"extra":1,"ei":0,"l0":"4, ","c0":"#8e4604","l1":"16","c1":"#f661b9"},"geometry":{"type":"Point","coordinates":[24.738488,42.159181]}},{"type":"Feature","properties":{"lines":"4, 16","arr":["4","16"],"mode":"bus","angle":2.9,"side":-1,"extra":1,"ei":0,"l0":"4, ","c0":"#8e4604","l1":"16","c1":"#f661b9"},"geometry":{"type":"Point","coordinates":[24.741828,42.15897]}},{"type":"Feature","properties":{"lines":"1, 4, 9, 15, 16, 25","arr":["1","4","9","15","16","25"],"mode":"bus","angle":-3.3,"side":-1,"l0":"1, ","c0":"#05617d","l1":"4, ","c1":"#8e4604","l2":"9, ","c2":"#b20b42","l3":"15, ","c3":"#119efc","l4":"16, ","c4":"#f661b9","l5":"25","c5":"#1cab97"},"geometry":{"type":"Point","coordinates":[24.745467,42.159041]}},{"type":"Feature","properties":{"lines":"1, 4, 9, 15, 16, 25","arr":["1","4","9","15","16","25"],"mode":"bus","angle":-2.7,"extra":1,"ei":0,"l0":"1, ","c0":"#05617d","l1":"4, ","c1":"#8e4604","l2":"9, ","c2":"#b20b42","l3":"15, ","c3":"#119efc","l4":"16, ","c4":"#f661b9","l5":"25","c5":"#1cab97"},"geometry":{"type":"Point","coordinates":[24.743174,42.15909]}},{"type":"Feature","properties":{"lines":"1","arr":["1"],"mode":"bus","angle":44.3,"mi":1,"l0":"1","c0":"#05617d"},"geometry":{"type":"Point","coordinates":[24.746326,42.160027]}},{"type":"Feature","properties":{"lines":"1, 9, 15, 25","arr":["1","9","15","25"],"mode":"bus","angle":-54.8,"mi":1,"l0":"1, ","c0":"#05617d","l1":"9, ","c1":"#b20b42","l2":"15, ","c2":"#119efc","l3":"25","c3":"#1cab97"},"geometry":{"type":"Point","coordinates":[24.745603,42.160856]}},{"type":"Feature","properties":{"lines":"1, 4, 7, 9, 10, 26, 27, 66","arr":["1","4","7","9","10","26","27","66"],"mode":"bus","angle":-85.6,"l0":"1, ","c0":"#05617d","l1":"4, ","c1":"#8e4604","l2":"7, ","c2":"#7b3aa8","l3":"9, ","c3":"#b20b42","l4":"10, ","c4":"#066559","l5":"26, ","c5":"#e16cd6","l6":"27, ","c6":"#f57145","l7":"66","c7":"#4d4aba"},"geometry":{"type":"Point","coordinates":[24.750201,42.151376]}},{"type":"Feature","properties":{"lines":"1, 7, 11, 20, 26, 27","arr":["1","7","11","20","26","27"],"mode":"bus","angle":-63,"l0":"1, ","c0":"#05617d","l1":"7, ","c1":"#7b3aa8","l2":"11, ","c2":"#4d4aba","l3":"20, ","c3":"#126804","l4":"26, ","c4":"#e16cd6","l5":"27","c5":"#f57145"},"geometry":{"type":"Point","coordinates":[24.752104,42.136535]}},{"type":"Feature","properties":{"lines":"1","arr":["1"],"mode":"bus","angle":-28,"mi":1,"l0":"1","c0":"#05617d"},"geometry":{"type":"Point","coordinates":[24.742607,42.129895]}},{"type":"Feature","properties":{"lines":"1","arr":["1"],"mode":"bus","angle":-68,"l0":"1","c0":"#05617d"},"geometry":{"type":"Point","coordinates":[24.74037,42.127073]}},{"type":"Feature","properties":{"lines":"1","arr":["1"],"mode":"bus","angle":-71.1,"extra":1,"ei":0,"l0":"1","c0":"#05617d"},"geometry":{"type":"Point","coordinates":[24.741118,42.128596]}},{"type":"Feature","properties":{"lines":"1","arr":["1"],"mode":"bus","angle":-65.1,"extra":1,"ei":1,"l0":"1","c0":"#05617d"},"geometry":{"type":"Point","coordinates":[24.739217,42.125094]}},{"type":"Feature","properties":{"lines":"1, 16, 36","arr":["1","16","36"],"mode":"bus","angle":-64.4,"l0":"1, ","c0":"#05617d","l1":"16, ","c1":"#f661b9","l2":"36","c2":"#2d8c1b"},"geometry":{"type":"Point","coordinates":[24.723472,42.124718]}},{"type":"Feature","properties":{"lines":"4, 18, 20, 44, 222","arr":["4","18","20","44","222"],"mode":"bus","angle":-85.8,"side":-1,"l0":"4, ","c0":"#8e4604","l1":"18, ","c1":"#02af5a","l2":"20, ","c2":"#126804","l3":"44, ","c3":"#05617d","l4":"222","c4":"#1cab97"},"geometry":{"type":"Point","coordinates":[24.712754,42.156375]}},{"type":"Feature","properties":{"lines":"4, 20, 44, 222","arr":["4","20","44","222"],"mode":"bus","angle":83.8,"side":-1,"l0":"4, ","c0":"#8e4604","l1":"20, ","c1":"#126804","l2":"44, ","c2":"#05617d","l3":"222","c3":"#1cab97"},"geometry":{"type":"Point","coordinates":[24.712552,42.156847]}},{"type":"Feature","properties":{"lines":"4, 18, 20, 44, 222","arr":["4","18","20","44","222"],"mode":"bus","angle":-6.9,"mi":1,"l0":"4, ","c0":"#8e4604","l1":"18, ","c1":"#02af5a","l2":"20, ","c2":"#126804","l3":"44, ","c3":"#05617d","l4":"222","c4":"#1cab97"},"geometry":{"type":"Point","coordinates":[24.716792,42.156338]}},{"type":"Feature","properties":{"lines":"4, 18, 20, 44, 222","arr":["4","18","20","44","222"],"mode":"bus","angle":-7.9,"side":-1,"extra":1,"ei":0,"l0":"4, ","c0":"#8e4604","l1":"18, ","c1":"#02af5a","l2":"20, ","c2":"#126804","l3":"44, ","c3":"#05617d","l4":"222","c4":"#1cab97"},"geometry":{"type":"Point","coordinates":[24.714107,42.155951]}},{"type":"Feature","properties":{"lines":"4, 18, 20, 44, 222","arr":["4","18","20","44","222"],"mode":"bus","angle":-7.4,"side":-1,"extra":1,"ei":1,"l0":"4, ","c0":"#8e4604","l1":"18, ","c1":"#02af5a","l2":"20, ","c2":"#126804","l3":"44, ","c3":"#05617d","l4":"222","c4":"#1cab97"},"geometry":{"type":"Point","coordinates":[24.719159,42.15644]}},{"type":"Feature","properties":{"lines":"4, 11, 18, 20, 44, 113, 222","arr":["4","11","18","20","44","113","222"],"mode":"bus","angle":-11.1,"side":-1,"l0":"4, ","c0":"#8e4604","l1":"11, ","c1":"#4d4aba","l2":"18, ","c2":"#02af5a","l3":"20, ","c3":"#126804","l4":"44, ","c4":"#05617d","l5":"113, ","c5":"#999f01","l6":"222","c6":"#1cab97"},"geometry":{"type":"Point","coordinates":[24.725809,42.157242]}},{"type":"Feature","properties":{"lines":"4, 11, 18, 20, 44, 113, 222","arr":["4","11","18","20","44","113","222"],"mode":"bus","angle":-8.7,"side":-1,"extra":1,"ei":0,"l0":"4, ","c0":"#8e4604","l1":"11, ","c1":"#4d4aba","l2":"18, ","c2":"#02af5a","l3":"20, ","c3":"#126804","l4":"44, ","c4":"#05617d","l5":"113, ","c5":"#999f01","l6":"222","c6":"#1cab97"},"geometry":{"type":"Point","coordinates":[24.722078,42.15673]}},{"type":"Feature","properties":{"lines":"4, 11, 18, 20, 44, 113, 222","arr":["4","11","18","20","44","113","222"],"mode":"bus","angle":-11,"side":-1,"extra":1,"ei":1,"l0":"4, ","c0":"#8e4604","l1":"11, ","c1":"#4d4aba","l2":"18, ","c2":"#02af5a","l3":"20, ","c3":"#126804","l4":"44, ","c4":"#05617d","l5":"113, ","c5":"#999f01","l6":"222","c6":"#1cab97"},"geometry":{"type":"Point","coordinates":[24.729581,42.157805]}},{"type":"Feature","properties":{"lines":"4, 11, 18, 20, 99","arr":["4","11","18","20","99"],"mode":"bus","angle":-10.9,"l0":"4, ","c0":"#8e4604","l1":"11, ","c1":"#4d4aba","l2":"18, ","c2":"#02af5a","l3":"20, ","c3":"#126804","l4":"99","c4":"#c17aef"},"geometry":{"type":"Point","coordinates":[24.734372,42.158612]}},{"type":"Feature","properties":{"lines":"4, 11, 18, 20, 99","arr":["4","11","18","20","99"],"mode":"bus","angle":-10.7,"side":-1,"extra":1,"ei":0,"l0":"4, ","c0":"#8e4604","l1":"11, ","c1":"#4d4aba","l2":"18, ","c2":"#02af5a","l3":"20, ","c3":"#126804","l4":"99","c4":"#c17aef"},"geometry":{"type":"Point","coordinates":[24.732199,42.158183]}},{"type":"Feature","properties":{"lines":"4, 11, 18, 20, 99","arr":["4","11","18","20","99"],"mode":"bus","angle":-10.9,"side":-1,"extra":1,"ei":1,"l0":"4, ","c0":"#8e4604","l1":"11, ","c1":"#4d4aba","l2":"18, ","c2":"#02af5a","l3":"20, ","c3":"#126804","l4":"99","c4":"#c17aef"},"geometry":{"type":"Point","coordinates":[24.737197,42.158913]}},{"type":"Feature","properties":{"lines":"4, 37, 44, 99","arr":["4","37","44","99"],"mode":"bus","angle":66.1,"l0":"4, ","c0":"#8e4604","l1":"37, ","c1":"#b59607","l2":"44, ","c2":"#05617d","l3":"99","c3":"#c17aef"},"geometry":{"type":"Point","coordinates":[24.752326,42.136589]}},{"type":"Feature","properties":{"lines":"4, 37","arr":["4","37"],"mode":"bus","angle":45.7,"l0":"4, ","c0":"#8e4604","l1":"37","c1":"#b59607"},"geometry":{"type":"Point","coordinates":[24.755314,42.1344]}},{"type":"Feature","properties":{"lines":"4, 37","arr":["4","37"],"mode":"bus","angle":44.9,"extra":1,"ei":0,"l0":"4, ","c0":"#8e4604","l1":"37","c1":"#b59607"},"geometry":{"type":"Point","coordinates":[24.756728,42.133341]}},{"type":"Feature","properties":{"lines":"4, 37","arr":["4","37"],"mode":"bus","angle":43.9,"extra":1,"ei":1,"l0":"4, ","c0":"#8e4604","l1":"37","c1":"#b59607"},"geometry":{"type":"Point","coordinates":[24.753102,42.135993]}},{"type":"Feature","properties":{"lines":"4","arr":["4"],"mode":"bus","angle":43.9,"mi":1,"l0":"4","c0":"#8e4604"},"geometry":{"type":"Point","coordinates":[24.761208,42.130898]}},{"type":"Feature","properties":{"lines":"4","arr":["4"],"mode":"bus","angle":44.9,"mi":2,"l0":"4","c0":"#8e4604"},"geometry":{"type":"Point","coordinates":[24.756234,42.133553]}},{"type":"Feature","properties":{"lines":"4","arr":["4"],"mode":"bus","angle":45.1,"extra":1,"ei":0,"l0":"4","c0":"#8e4604"},"geometry":{"type":"Point","coordinates":[24.754453,42.134877]}},{"type":"Feature","properties":{"lines":"4","arr":["4"],"mode":"bus","angle":29.3,"side":-1,"extra":1,"ei":1,"l0":"4","c0":"#8e4604"},"geometry":{"type":"Point","coordinates":[24.758121,42.132266]}},{"type":"Feature","properties":{"lines":"4","arr":["4"],"mode":"bus","angle":45.5,"extra":1,"ei":0,"l0":"4","c0":"#8e4604"},"geometry":{"type":"Point","coordinates":[24.763347,42.129281]}},{"type":"Feature","properties":{"lines":"4","arr":["4"],"mode":"bus","angle":28.7,"extra":1,"ei":1,"l0":"4","c0":"#8e4604"},"geometry":{"type":"Point","coordinates":[24.759559,42.131782]}},{"type":"Feature","properties":{"lines":"4","arr":["4"],"mode":"bus","angle":-45.9,"l0":"4","c0":"#8e4604"},"geometry":{"type":"Point","coordinates":[24.765827,42.129817]}},{"type":"Feature","properties":{"lines":"4, 10, 17, 99","arr":["4","10","17","99"],"mode":"bus","angle":63.8,"mi":2,"l0":"4, ","c0":"#8e4604","l1":"10, ","c1":"#066559","l2":"17, ","c2":"#b0045c","l3":"99","c3":"#c17aef"},"geometry":{"type":"Point","coordinates":[24.768866,42.129109]}},{"type":"Feature","properties":{"lines":"4, 10, 17, 99","arr":["4","10","17","99"],"mode":"bus","angle":-36.6,"side":-1,"mi":1,"l0":"4, ","c0":"#8e4604","l1":"10, ","c1":"#066559","l2":"17, ","c2":"#b0045c","l3":"99","c3":"#c17aef"},"geometry":{"type":"Point","coordinates":[24.771381,42.127834]}},{"type":"Feature","properties":{"lines":"4","arr":["4"],"mode":"bus","angle":57.7,"mi":3,"l0":"4","c0":"#8e4604"},"geometry":{"type":"Point","coordinates":[24.773374,42.127624]}},{"type":"Feature","properties":{"lines":"4, 17, 93","arr":["4","17","93"],"mode":"bus","angle":-26,"l0":"4, ","c0":"#8e4604","l1":"17, ","c1":"#b0045c","l2":"93","c2":"#f57145"},"geometry":{"type":"Point","coordinates":[24.775989,42.127228]}},{"type":"Feature","properties":{"lines":"4, 17, 93","arr":["4","17","93"],"mode":"bus","angle":-36,"extra":1,"ei":0,"l0":"4, ","c0":"#8e4604","l1":"17, ","c1":"#b0045c","l2":"93","c2":"#f57145"},"geometry":{"type":"Point","coordinates":[24.777384,42.127957]}},{"type":"Feature","properties":{"lines":"4, 9, 17, 21, 25, 29, 66, 93","arr":["4","9","17","21","25","29","66","93"],"mode":"bus","angle":-14.6,"l0":"4, ","c0":"#8e4604","l1":"9, ","c1":"#b20b42","l2":"17, ","c2":"#b0045c","l3":"21, ","c3":"#999f01","l4":"25, ","c4":"#1cab97","l5":"29, ","c5":"#027ecb","l6":"66, ","c6":"#4d4aba","l7":"93","c7":"#f57145"},"geometry":{"type":"Point","coordinates":[24.779374,42.128101]}},{"type":"Feature","properties":{"lines":"4, 9, 10, 17, 21, 24, 25, 29, 66, 93, 99","arr":["4","9","10","17","21","24","25","29","66","93","99"],"mode":"bus","angle":-5.2,"l0":"4, ","c0":"#8e4604","l1":"9, ","c1":"#b20b42","l2":"10, ","c2":"#066559","l3":"17, ","c3":"#b0045c","l4":"21, ","c4":"#999f01","l5":"24, ","c5":"#7c5001","l6":"25, ","c6":"#1cab97","l7":"29, ","c7":"#027ecb","l8":"66, ","c8":"#4d4aba","l9":"93, ","c9":"#f57145","l10":"99","c10":"#c17aef"},"geometry":{"type":"Point","coordinates":[24.783294,42.129101]}},{"type":"Feature","properties":{"lines":"4, 9, 10, 17, 18, 21, 24, 25, 29, 44, 66, 93, 99","arr":["4","9","10","17","18","21","24","25","29","44","66","93","99"],"mode":"bus","angle":-33.4,"l0":"4, ","c0":"#8e4604","l1":"9, ","c1":"#b20b42","l2":"10, ","c2":"#066559","l3":"17, ","c3":"#b0045c","l4":"18, ","c4":"#02af5a","l5":"21, ","c5":"#999f01","l6":"24, ","c6":"#7c5001","l7":"25, ","c7":"#1cab97","l8":"29, ","c8":"#027ecb","l9":"44, ","c9":"#05617d","l10":"66, ","c10":"#4d4aba","l11":"93, ","c11":"#f57145","l12":"99","c12":"#c17aef"},"geometry":{"type":"Point","coordinates":[24.788125,42.129945]}},{"type":"Feature","properties":{"lines":"4, 9, 10, 17, 18, 21, 24, 25, 29, 66, 93, 99","arr":["4","9","10","17","18","21","24","25","29","66","93","99"],"mode":"bus","angle":-35.2,"l0":"4, ","c0":"#8e4604","l1":"9, ","c1":"#b20b42","l2":"10, ","c2":"#066559","l3":"17, ","c3":"#b0045c","l4":"18, ","c4":"#02af5a","l5":"21, ","c5":"#999f01","l6":"24, ","c6":"#7c5001","l7":"25, ","c7":"#1cab97","l8":"29, ","c8":"#027ecb","l9":"66, ","c9":"#4d4aba","l10":"93, ","c10":"#f57145","l11":"99","c11":"#c17aef"},"geometry":{"type":"Point","coordinates":[24.794061,42.131673]}},{"type":"Feature","properties":{"lines":"4, 9, 10, 17, 18, 21, 24, 25, 29, 66, 93, 99","arr":["4","9","10","17","18","21","24","25","29","66","93","99"],"mode":"bus","angle":-1.7,"extra":1,"ei":0,"l0":"4, ","c0":"#8e4604","l1":"9, ","c1":"#b20b42","l2":"10, ","c2":"#066559","l3":"17, ","c3":"#b0045c","l4":"18, ","c4":"#02af5a","l5":"21, ","c5":"#999f01","l6":"24, ","c6":"#7c5001","l7":"25, ","c7":"#1cab97","l8":"29, ","c8":"#027ecb","l9":"66, ","c9":"#4d4aba","l10":"93, ","c10":"#f57145","l11":"99","c11":"#c17aef"},"geometry":{"type":"Point","coordinates":[24.791554,42.131011]}},{"type":"Feature","properties":{"lines":"4, 9, 10, 17, 18, 21, 24, 25, 29, 66, 93, 99","arr":["4","9","10","17","18","21","24","25","29","66","93","99"],"mode":"bus","angle":-74.8,"extra":1,"ei":1,"l0":"4, ","c0":"#8e4604","l1":"9, ","c1":"#b20b42","l2":"10, ","c2":"#066559","l3":"17, ","c3":"#b0045c","l4":"18, ","c4":"#02af5a","l5":"21, ","c5":"#999f01","l6":"24, ","c6":"#7c5001","l7":"25, ","c7":"#1cab97","l8":"29, ","c8":"#027ecb","l9":"66, ","c9":"#4d4aba","l10":"93, ","c10":"#f57145","l11":"99","c11":"#c17aef"},"geometry":{"type":"Point","coordinates":[24.795087,42.133161]}},{"type":"Feature","properties":{"lines":"4, 9, 10, 17, 18, 21, 24, 29, 66","arr":["4","9","10","17","18","21","24","29","66"],"mode":"bus","angle":-77.8,"l0":"4, ","c0":"#8e4604","l1":"9, ","c1":"#b20b42","l2":"10, ","c2":"#066559","l3":"17, ","c3":"#b0045c","l4":"18, ","c4":"#02af5a","l5":"21, ","c5":"#999f01","l6":"24, ","c6":"#7c5001","l7":"29, ","c7":"#027ecb","l8":"66","c8":"#4d4aba"},"geometry":{"type":"Point","coordinates":[24.796671,42.137635]}},{"type":"Feature","properties":{"lines":"4, 9, 10, 17, 18, 21, 24, 29, 66","arr":["4","9","10","17","18","21","24","29","66"],"mode":"bus","angle":56.9,"extra":1,"ei":0,"l0":"4, ","c0":"#8e4604","l1":"9, ","c1":"#b20b42","l2":"10, ","c2":"#066559","l3":"17, ","c3":"#b0045c","l4":"18, ","c4":"#02af5a","l5":"21, ","c5":"#999f01","l6":"24, ","c6":"#7c5001","l7":"29, ","c7":"#027ecb","l8":"66","c8":"#4d4aba"},"geometry":{"type":"Point","coordinates":[24.795691,42.139817]}},{"type":"Feature","properties":{"lines":"4, 9, 10, 17, 18, 21, 24, 29, 66","arr":["4","9","10","17","18","21","24","29","66"],"mode":"bus","angle":-75.6,"extra":1,"ei":1,"l0":"4, ","c0":"#8e4604","l1":"9, ","c1":"#b20b42","l2":"10, ","c2":"#066559","l3":"17, ","c3":"#b0045c","l4":"18, ","c4":"#02af5a","l5":"21, ","c5":"#999f01","l6":"24, ","c6":"#7c5001","l7":"29, ","c7":"#027ecb","l8":"66","c8":"#4d4aba"},"geometry":{"type":"Point","coordinates":[24.79621,42.136334]}},{"type":"Feature","properties":{"lines":"4, 9, 10, 17, 18, 21, 24, 29, 66","arr":["4","9","10","17","18","21","24","29","66"],"mode":"bus","angle":-74.4,"extra":1,"ei":2,"l0":"4, ","c0":"#8e4604","l1":"9, ","c1":"#b20b42","l2":"10, ","c2":"#066559","l3":"17, ","c3":"#b0045c","l4":"18, ","c4":"#02af5a","l5":"21, ","c5":"#999f01","l6":"24, ","c6":"#7c5001","l7":"29, ","c7":"#027ecb","l8":"66","c8":"#4d4aba"},"geometry":{"type":"Point","coordinates":[24.795583,42.134503]}},{"type":"Feature","properties":{"lines":"4, 9, 10, 17, 18, 21, 24, 29, 66","arr":["4","9","10","17","18","21","24","29","66"],"mode":"bus","angle":55.8,"mi":1,"l0":"4, ","c0":"#8e4604","l1":"9, ","c1":"#b20b42","l2":"10, ","c2":"#066559","l3":"17, ","c3":"#b0045c","l4":"18, ","c4":"#02af5a","l5":"21, ","c5":"#999f01","l6":"24, ","c6":"#7c5001","l7":"29, ","c7":"#027ecb","l8":"66","c8":"#4d4aba"},"geometry":{"type":"Point","coordinates":[24.796675,42.138941]}},{"type":"Feature","properties":{"lines":"4, 10, 17, 21, 66","arr":["4","10","17","21","66"],"mode":"bus","angle":-5.1,"mi":1,"l0":"4, ","c0":"#8e4604","l1":"10, ","c1":"#066559","l2":"17, ","c2":"#b0045c","l3":"21, ","c3":"#999f01","l4":"66","c4":"#4d4aba"},"geometry":{"type":"Point","coordinates":[24.797764,42.141809]}},{"type":"Feature","properties":{"lines":"4, 10, 17, 21, 66","arr":["4","10","17","21","66"],"mode":"bus","angle":-33,"extra":1,"ei":0,"l0":"4, ","c0":"#8e4604","l1":"10, ","c1":"#066559","l2":"17, ","c2":"#b0045c","l3":"21, ","c3":"#999f01","l4":"66","c4":"#4d4aba"},"geometry":{"type":"Point","coordinates":[24.796067,42.141118]}},{"type":"Feature","properties":{"lines":"4, 10, 17, 21, 66","arr":["4","10","17","21","66"],"mode":"bus","angle":13.9,"extra":1,"ei":1,"l0":"4, ","c0":"#8e4604","l1":"10, ","c1":"#066559","l2":"17, ","c2":"#b0045c","l3":"21, ","c3":"#999f01","l4":"66","c4":"#4d4aba"},"geometry":{"type":"Point","coordinates":[24.800818,42.14134]}},{"type":"Feature","properties":{"lines":"4, 10, 17, 21, 66","arr":["4","10","17","21","66"],"mode":"bus","angle":-89.5,"l0":"4, ","c0":"#8e4604","l1":"10, ","c1":"#066559","l2":"17, ","c2":"#b0045c","l3":"21, ","c3":"#999f01","l4":"66","c4":"#4d4aba"},"geometry":{"type":"Point","coordinates":[24.799618,42.143091]}},{"type":"Feature","properties":{"lines":"4, 10, 17, 21, 66","arr":["4","10","17","21","66"],"mode":"bus","angle":54.5,"side":-1,"extra":1,"ei":0,"l0":"4, ","c0":"#8e4604","l1":"10, ","c1":"#066559","l2":"17, ","c2":"#b0045c","l3":"21, ","c3":"#999f01","l4":"66","c4":"#4d4aba"},"geometry":{"type":"Point","coordinates":[24.798727,42.144235]}},{"type":"Feature","properties":{"lines":"4","arr":["4"],"mode":"bus","angle":23.5,"l0":"4","c0":"#8e4604"},"geometry":{"type":"Point","coordinates":[24.800495,42.142015]}},{"type":"Feature","properties":{"lines":"10, 17, 21, 66","arr":["10","17","21","66"],"mode":"bus","angle":14.8,"mi":2,"l0":"10, ","c0":"#066559","l1":"17, ","c1":"#b0045c","l2":"21, ","c2":"#999f01","l3":"66","c3":"#4d4aba"},"geometry":{"type":"Point","coordinates":[24.802003,42.141107]}},{"type":"Feature","properties":{"lines":"4, 10, 17, 99","arr":["4","10","17","99"],"mode":"bus","angle":-11.5,"l0":"4, ","c0":"#8e4604","l1":"10, ","c1":"#066559","l2":"17, ","c2":"#b0045c","l3":"99","c3":"#c17aef"},"geometry":{"type":"Point","coordinates":[24.770341,42.127918]}},{"type":"Feature","properties":{"lines":"4, 18, 20, 93, 99","arr":["4","18","20","93","99"],"mode":"bus","angle":77.2,"l0":"4, ","c0":"#8e4604","l1":"18, ","c1":"#02af5a","l2":"20, ","c2":"#126804","l3":"93, ","c3":"#f57145","l4":"99","c4":"#c17aef"},"geometry":{"type":"Point","coordinates":[24.730443,42.159853]}},{"type":"Feature","properties":{"lines":"4, 18, 20, 99","arr":["4","18","20","99"],"mode":"bus","angle":-19.8,"l0":"4, ","c0":"#8e4604","l1":"18, ","c1":"#02af5a","l2":"20, ","c2":"#126804","l3":"99","c3":"#c17aef"},"geometry":{"type":"Point","coordinates":[24.731274,42.159548]}},{"type":"Feature","properties":{"lines":"4, 18, 20, 99","arr":["4","18","20","99"],"mode":"bus","angle":44,"mi":1,"l0":"4, ","c0":"#8e4604","l1":"18, ","c1":"#02af5a","l2":"20, ","c2":"#126804","l3":"99","c3":"#c17aef"},"geometry":{"type":"Point","coordinates":[24.732604,42.159317]}},{"type":"Feature","properties":{"lines":"4, 18, 20","arr":["4","18","20"],"mode":"bus","angle":-10.7,"mi":1,"l0":"4, ","c0":"#8e4604","l1":"18, ","c1":"#02af5a","l2":"20","c2":"#126804"},"geometry":{"type":"Point","coordinates":[24.727356,42.161043]}},{"type":"Feature","properties":{"lines":"4, 18, 20","arr":["4","18","20"],"mode":"bus","angle":-12.3,"l0":"4, ","c0":"#8e4604","l1":"18, ","c1":"#02af5a","l2":"20","c2":"#126804"},"geometry":{"type":"Point","coordinates":[24.727093,42.160318]}},{"type":"Feature","properties":{"lines":"4, 18, 20","arr":["4","18","20"],"mode":"bus","angle":78.1,"mi":2,"l0":"4, ","c0":"#8e4604","l1":"18, ","c1":"#02af5a","l2":"20","c2":"#126804"},"geometry":{"type":"Point","coordinates":[24.728856,42.159681]}},{"type":"Feature","properties":{"lines":"4, 11, 18, 20, 44, 113, 222","arr":["4","11","18","20","44","113","222"],"mode":"bus","angle":75,"mi":1,"l0":"4, ","c0":"#8e4604","l1":"11, ","c1":"#4d4aba","l2":"18, ","c2":"#02af5a","l3":"20, ","c3":"#126804","l4":"44, ","c4":"#05617d","l5":"113, ","c5":"#999f01","l6":"222","c6":"#1cab97"},"geometry":{"type":"Point","coordinates":[24.729226,42.158504]}},{"type":"Feature","properties":{"lines":"11, 44, 113, 222","arr":["11","44","113","222"],"mode":"bus","angle":-11.2,"mi":1,"l0":"11, ","c0":"#4d4aba","l1":"44, ","c1":"#05617d","l2":"113, ","c2":"#999f01","l3":"222","c3":"#1cab97"},"geometry":{"type":"Point","coordinates":[24.727754,42.157666]}},{"type":"Feature","properties":{"lines":"11, 44, 113, 222","arr":["11","44","113","222"],"mode":"bus","angle":-11.9,"extra":1,"ei":0,"l0":"11, ","c0":"#4d4aba","l1":"44, ","c1":"#05617d","l2":"113, ","c2":"#999f01","l3":"222","c3":"#1cab97"},"geometry":{"type":"Point","coordinates":[24.725838,42.157374]}},{"type":"Feature","properties":{"lines":"11, 44, 113, 222","arr":["11","44","113","222"],"mode":"bus","angle":-10.6,"extra":1,"ei":1,"l0":"11, ","c0":"#4d4aba","l1":"44, ","c1":"#05617d","l2":"113, ","c2":"#999f01","l3":"222","c3":"#1cab97"},"geometry":{"type":"Point","coordinates":[24.730827,42.158142]}},{"type":"Feature","properties":{"lines":"6, 15, 24, 66, 222","arr":["6","15","24","66","222"],"mode":"bus","angle":-19.5,"mi":6,"l0":"6, ","c0":"#b20b42","l1":"15, ","c1":"#119efc","l2":"24, ","c2":"#7c5001","l3":"66, ","c3":"#4d4aba","l4":"222","c4":"#1cab97"},"geometry":{"type":"Point","coordinates":[24.676858,42.120078]}},{"type":"Feature","properties":{"lines":"6, 15, 24, 66, 222","arr":["6","15","24","66","222"],"mode":"bus","angle":0.7,"mi":3,"l0":"6, ","c0":"#b20b42","l1":"15, ","c1":"#119efc","l2":"24, ","c2":"#7c5001","l3":"66, ","c3":"#4d4aba","l4":"222","c4":"#1cab97"},"geometry":{"type":"Point","coordinates":[24.682059,42.120233]}},{"type":"Feature","properties":{"lines":"6, 15, 24, 66, 222","arr":["6","15","24","66","222"],"mode":"bus","angle":-14.2,"extra":1,"ei":0,"l0":"6, ","c0":"#b20b42","l1":"15, ","c1":"#119efc","l2":"24, ","c2":"#7c5001","l3":"66, ","c3":"#4d4aba","l4":"222","c4":"#1cab97"},"geometry":{"type":"Point","coordinates":[24.67781,42.120112]}},{"type":"Feature","properties":{"lines":"6, 15, 24, 66, 222","arr":["6","15","24","66","222"],"mode":"bus","angle":5.4,"extra":1,"ei":1,"l0":"6, ","c0":"#b20b42","l1":"15, ","c1":"#119efc","l2":"24, ","c2":"#7c5001","l3":"66, ","c3":"#4d4aba","l4":"222","c4":"#1cab97"},"geometry":{"type":"Point","coordinates":[24.680324,42.120331]}},{"type":"Feature","properties":{"lines":"6, 15, 24, 66, 222","arr":["6","15","24","66","222"],"mode":"bus","angle":-5.1,"extra":1,"ei":2,"l0":"6, ","c0":"#b20b42","l1":"15, ","c1":"#119efc","l2":"24, ","c2":"#7c5001","l3":"66, ","c3":"#4d4aba","l4":"222","c4":"#1cab97"},"geometry":{"type":"Point","coordinates":[24.685409,42.120341]}},{"type":"Feature","properties":{"lines":"6, 15, 24, 66, 222","arr":["6","15","24","66","222"],"mode":"bus","angle":-87.7,"mi":2,"l0":"6, ","c0":"#b20b42","l1":"15, ","c1":"#119efc","l2":"24, ","c2":"#7c5001","l3":"66, ","c3":"#4d4aba","l4":"222","c4":"#1cab97"},"geometry":{"type":"Point","coordinates":[24.687573,42.122191]}},{"type":"Feature","properties":{"lines":"6, 15, 24, 66, 222","arr":["6","15","24","66","222"],"mode":"bus","angle":-72,"mi":5,"l0":"6, ","c0":"#b20b42","l1":"15, ","c1":"#119efc","l2":"24, ","c2":"#7c5001","l3":"66, ","c3":"#4d4aba","l4":"222","c4":"#1cab97"},"geometry":{"type":"Point","coordinates":[24.688357,42.125754]}},{"type":"Feature","properties":{"lines":"6, 15, 24, 66, 222","arr":["6","15","24","66","222"],"mode":"bus","angle":-79.9,"extra":1,"ei":0,"l0":"6, ","c0":"#b20b42","l1":"15, ","c1":"#119efc","l2":"24, ","c2":"#7c5001","l3":"66, ","c3":"#4d4aba","l4":"222","c4":"#1cab97"},"geometry":{"type":"Point","coordinates":[24.687943,42.123433]}},{"type":"Feature","properties":{"lines":"6, 15, 24, 66, 222","arr":["6","15","24","66","222"],"mode":"bus","angle":0.9,"mi":1,"l0":"6, ","c0":"#b20b42","l1":"15, ","c1":"#119efc","l2":"24, ","c2":"#7c5001","l3":"66, ","c3":"#4d4aba","l4":"222","c4":"#1cab97"},"geometry":{"type":"Point","coordinates":[24.686189,42.123665]}},{"type":"Feature","properties":{"lines":"6, 15, 24, 66, 222","arr":["6","15","24","66","222"],"mode":"bus","angle":78.4,"l0":"6, ","c0":"#b20b42","l1":"15, ","c1":"#119efc","l2":"24, ","c2":"#7c5001","l3":"66, ","c3":"#4d4aba","l4":"222","c4":"#1cab97"},"geometry":{"type":"Point","coordinates":[24.684669,42.122674]}},{"type":"Feature","properties":{"lines":"6, 15, 24, 66, 222","arr":["6","15","24","66","222"],"mode":"bus","angle":88.5,"extra":1,"ei":0,"l0":"6, ","c0":"#b20b42","l1":"15, ","c1":"#119efc","l2":"24, ","c2":"#7c5001","l3":"66, ","c3":"#4d4aba","l4":"222","c4":"#1cab97"},"geometry":{"type":"Point","coordinates":[24.684366,42.124185]}},{"type":"Feature","properties":{"lines":"6, 15, 24, 66, 222","arr":["6","15","24","66","222"],"mode":"bus","angle":-68.5,"extra":1,"ei":1,"l0":"6, ","c0":"#b20b42","l1":"15, ","c1":"#119efc","l2":"24, ","c2":"#7c5001","l3":"66, ","c3":"#4d4aba","l4":"222","c4":"#1cab97"},"geometry":{"type":"Point","coordinates":[24.684436,42.120524]}},{"type":"Feature","properties":{"lines":"6, 15, 24, 66, 222","arr":["6","15","24","66","222"],"mode":"bus","angle":11.3,"mi":4,"l0":"6, ","c0":"#b20b42","l1":"15, ","c1":"#119efc","l2":"24, ","c2":"#7c5001","l3":"66, ","c3":"#4d4aba","l4":"222","c4":"#1cab97"},"geometry":{"type":"Point","coordinates":[24.681524,42.125551]}},{"type":"Feature","properties":{"lines":"6, 15, 24, 66, 222","arr":["6","15","24","66","222"],"mode":"bus","angle":1.2,"extra":1,"ei":0,"l0":"6, ","c0":"#b20b42","l1":"15, ","c1":"#119efc","l2":"24, ","c2":"#7c5001","l3":"66, ","c3":"#4d4aba","l4":"222","c4":"#1cab97"},"geometry":{"type":"Point","coordinates":[24.686889,42.125314]}},{"type":"Feature","properties":{"lines":"6, 15, 24, 66, 222","arr":["6","15","24","66","222"],"mode":"bus","angle":3.8,"extra":1,"ei":1,"l0":"6, ","c0":"#b20b42","l1":"15, ","c1":"#119efc","l2":"24, ","c2":"#7c5001","l3":"66, ","c3":"#4d4aba","l4":"222","c4":"#1cab97"},"geometry":{"type":"Point","coordinates":[24.684344,42.125392]}},{"type":"Feature","properties":{"lines":"6, 15, 24, 66, 222","arr":["6","15","24","66","222"],"mode":"bus","angle":58,"extra":1,"ei":2,"l0":"6, ","c0":"#b20b42","l1":"15, ","c1":"#119efc","l2":"24, ","c2":"#7c5001","l3":"66, ","c3":"#4d4aba","l4":"222","c4":"#1cab97"},"geometry":{"type":"Point","coordinates":[24.680033,42.125155]}},{"type":"Feature","properties":{"lines":"6, 15, 17, 24, 66, 222","arr":["6","15","17","24","66","222"],"mode":"bus","angle":-70.9,"l0":"6, ","c0":"#b20b42","l1":"15, ","c1":"#119efc","l2":"17, ","c2":"#b0045c","l3":"24, ","c3":"#7c5001","l4":"66, ","c4":"#4d4aba","l5":"222","c5":"#1cab97"},"geometry":{"type":"Point","coordinates":[24.689723,42.128447]}},{"type":"Feature","properties":{"lines":"6, 15, 17, 24, 66, 222","arr":["6","15","17","24","66","222"],"mode":"bus","angle":-69,"extra":1,"ei":0,"l0":"6, ","c0":"#b20b42","l1":"15, ","c1":"#119efc","l2":"17, ","c2":"#b0045c","l3":"24, ","c3":"#7c5001","l4":"66, ","c4":"#4d4aba","l5":"222","c5":"#1cab97"},"geometry":{"type":"Point","coordinates":[24.689006,42.127071]}},{"type":"Feature","properties":{"lines":"6, 15, 17, 24, 66, 222","arr":["6","15","17","24","66","222"],"mode":"bus","angle":-76.4,"extra":1,"ei":1,"l0":"6, ","c0":"#b20b42","l1":"15, ","c1":"#119efc","l2":"17, ","c2":"#b0045c","l3":"24, ","c3":"#7c5001","l4":"66, ","c4":"#4d4aba","l5":"222","c5":"#1cab97"},"geometry":{"type":"Point","coordinates":[24.690537,42.130668]}},{"type":"Feature","properties":{"lines":"6, 15, 24, 66, 222","arr":["6","15","24","66","222"],"mode":"bus","angle":-11.1,"l0":"6, ","c0":"#b20b42","l1":"15, ","c1":"#119efc","l2":"24, ","c2":"#7c5001","l3":"66, ","c3":"#4d4aba","l4":"222","c4":"#1cab97"},"geometry":{"type":"Point","coordinates":[24.703352,42.132476]}},{"type":"Feature","properties":{"lines":"6, 15, 24, 66, 222","arr":["6","15","24","66","222"],"mode":"bus","angle":-9.7,"extra":1,"ei":0,"l0":"6, ","c0":"#b20b42","l1":"15, ","c1":"#119efc","l2":"24, ","c2":"#7c5001","l3":"66, ","c3":"#4d4aba","l4":"222","c4":"#1cab97"},"geometry":{"type":"Point","coordinates":[24.691828,42.130935]}},{"type":"Feature","properties":{"lines":"6, 15, 24, 66, 222","arr":["6","15","24","66","222"],"mode":"bus","angle":-10,"extra":1,"ei":1,"l0":"6, ","c0":"#b20b42","l1":"15, ","c1":"#119efc","l2":"24, ","c2":"#7c5001","l3":"66, ","c3":"#4d4aba","l4":"222","c4":"#1cab97"},"geometry":{"type":"Point","coordinates":[24.694337,42.131261]}},{"type":"Feature","properties":{"lines":"6, 15, 24, 66, 222","arr":["6","15","24","66","222"],"mode":"bus","angle":-9.9,"extra":1,"ei":2,"l0":"6, ","c0":"#b20b42","l1":"15, ","c1":"#119efc","l2":"24, ","c2":"#7c5001","l3":"66, ","c3":"#4d4aba","l4":"222","c4":"#1cab97"},"geometry":{"type":"Point","coordinates":[24.696847,42.131586]}},{"type":"Feature","properties":{"lines":"6, 15, 24, 66, 222","arr":["6","15","24","66","222"],"mode":"bus","angle":-10.6,"extra":1,"ei":3,"l0":"6, ","c0":"#b20b42","l1":"15, ","c1":"#119efc","l2":"24, ","c2":"#7c5001","l3":"66, ","c3":"#4d4aba","l4":"222","c4":"#1cab97"},"geometry":{"type":"Point","coordinates":[24.699351,42.13193]}},{"type":"Feature","properties":{"lines":"6, 15, 24, 66, 222","arr":["6","15","24","66","222"],"mode":"bus","angle":-10.4,"extra":1,"ei":4,"l0":"6, ","c0":"#b20b42","l1":"15, ","c1":"#119efc","l2":"24, ","c2":"#7c5001","l3":"66, ","c3":"#4d4aba","l4":"222","c4":"#1cab97"},"geometry":{"type":"Point","coordinates":[24.706871,42.13294]}},{"type":"Feature","properties":{"lines":"6, 15, 24, 66, 222","arr":["6","15","24","66","222"],"mode":"bus","angle":-30.5,"extra":1,"ei":5,"l0":"6, ","c0":"#b20b42","l1":"15, ","c1":"#119efc","l2":"24, ","c2":"#7c5001","l3":"66, ","c3":"#4d4aba","l4":"222","c4":"#1cab97"},"geometry":{"type":"Point","coordinates":[24.709189,42.133666]}},{"type":"Feature","properties":{"lines":"6, 15, 24, 66, 222","arr":["6","15","24","66","222"],"mode":"bus","angle":-31.7,"extra":1,"ei":6,"l0":"6, ","c0":"#b20b42","l1":"15, ","c1":"#119efc","l2":"24, ","c2":"#7c5001","l3":"66, ","c3":"#4d4aba","l4":"222","c4":"#1cab97"},"geometry":{"type":"Point","coordinates":[24.711362,42.134651]}},{"type":"Feature","properties":{"lines":"6, 15, 24, 66, 222","arr":["6","15","24","66","222"],"mode":"bus","angle":-30.7,"extra":1,"ei":7,"l0":"6, ","c0":"#b20b42","l1":"15, ","c1":"#119efc","l2":"24, ","c2":"#7c5001","l3":"66, ","c3":"#4d4aba","l4":"222","c4":"#1cab97"},"geometry":{"type":"Point","coordinates":[24.713545,42.135625]}},{"type":"Feature","properties":{"lines":"6, 15, 24, 66","arr":["6","15","24","66"],"mode":"bus","angle":-29.4,"l0":"6, ","c0":"#b20b42","l1":"15, ","c1":"#119efc","l2":"24, ","c2":"#7c5001","l3":"66","c3":"#4d4aba"},"geometry":{"type":"Point","coordinates":[24.71533,42.136393]}},{"type":"Feature","properties":{"lines":"6, 10, 15, 24, 37, 66","arr":["6","10","15","24","37","66"],"mode":"bus","angle":-16.7,"l0":"6, ","c0":"#b20b42","l1":"10, ","c1":"#066559","l2":"15, ","c2":"#119efc","l3":"24, ","c3":"#7c5001","l4":"37, ","c4":"#b59607","l5":"66","c5":"#4d4aba"},"geometry":{"type":"Point","coordinates":[24.717864,42.137379]}},{"type":"Feature","properties":{"lines":"6, 24, 37, 66","arr":["6","24","37","66"],"mode":"bus","angle":-15,"l0":"6, ","c0":"#b20b42","l1":"24, ","c1":"#7c5001","l2":"37, ","c2":"#b59607","l3":"66","c3":"#4d4aba"},"geometry":{"type":"Point","coordinates":[24.723056,42.138453]}},{"type":"Feature","properties":{"lines":"6, 24, 66","arr":["6","24","66"],"mode":"bus","angle":-30.2,"l0":"6, ","c0":"#b20b42","l1":"24, ","c1":"#7c5001","l2":"66","c2":"#4d4aba"},"geometry":{"type":"Point","coordinates":[24.729834,42.140075]}},{"type":"Feature","properties":{"lines":"6, 24, 66","arr":["6","24","66"],"mode":"bus","angle":-15.3,"extra":1,"ei":0,"l0":"6, ","c0":"#b20b42","l1":"24, ","c1":"#7c5001","l2":"66","c2":"#4d4aba"},"geometry":{"type":"Point","coordinates":[24.726983,42.13928]}},{"type":"Feature","properties":{"lines":"6, 24, 66","arr":["6","24","66"],"mode":"bus","angle":-27,"extra":1,"ei":1,"l0":"6, ","c0":"#b20b42","l1":"24, ","c1":"#7c5001","l2":"66","c2":"#4d4aba"},"geometry":{"type":"Point","coordinates":[24.731613,42.140799]}},{"type":"Feature","properties":{"lines":"6, 10, 66","arr":["6","10","66"],"mode":"bus","angle":33.1,"l0":"6, ","c0":"#b20b42","l1":"10, ","c1":"#066559","l2":"66","c2":"#4d4aba"},"geometry":{"type":"Point","coordinates":[24.735475,42.141317]}},{"type":"Feature","properties":{"lines":"6, 10, 66","arr":["6","10","66"],"mode":"bus","angle":-29.5,"mi":1,"l0":"6, ","c0":"#b20b42","l1":"10, ","c1":"#066559","l2":"66","c2":"#4d4aba"},"geometry":{"type":"Point","coordinates":[24.739369,42.141644]}},{"type":"Feature","properties":{"lines":"6, 12, 16, 18, 116","arr":["6","12","16","18","116"],"mode":"bus","angle":85.2,"side":-1,"mi":1,"l0":"6, ","c0":"#b20b42","l1":"12, ","c1":"#f57145","l2":"16, ","c2":"#f661b9","l3":"18, ","c3":"#02af5a","l4":"116","c4":"#11a2e3"},"geometry":{"type":"Point","coordinates":[24.741041,42.144831]}},{"type":"Feature","properties":{"lines":"6, 12, 16, 18, 116","arr":["6","12","16","18","116"],"mode":"bus","angle":84.6,"extra":1,"ei":0,"l0":"6, ","c0":"#b20b42","l1":"12, ","c1":"#f57145","l2":"16, ","c2":"#f661b9","l3":"18, ","c3":"#02af5a","l4":"116","c4":"#11a2e3"},"geometry":{"type":"Point","coordinates":[24.741492,42.143023]}},{"type":"Feature","properties":{"lines":"6, 12, 16, 18, 116","arr":["6","12","16","18","116"],"mode":"bus","angle":84.5,"extra":1,"ei":1,"l0":"6, ","c0":"#b20b42","l1":"12, ","c1":"#f57145","l2":"16, ","c2":"#f661b9","l3":"18, ","c3":"#02af5a","l4":"116","c4":"#11a2e3"},"geometry":{"type":"Point","coordinates":[24.741011,42.146783]}},{"type":"Feature","properties":{"lines":"6, 12, 16, 18, 116","arr":["6","12","16","18","116"],"mode":"bus","angle":86,"extra":1,"ei":2,"l0":"6, ","c0":"#b20b42","l1":"12, ","c1":"#f57145","l2":"16, ","c2":"#f661b9","l3":"18, ","c3":"#02af5a","l4":"116","c4":"#11a2e3"},"geometry":{"type":"Point","coordinates":[24.740806,42.148665]}},{"type":"Feature","properties":{"lines":"6, 12, 16, 18, 116","arr":["6","12","16","18","116"],"mode":"bus","angle":85.2,"side":-1,"extra":1,"ei":0,"l0":"6, ","c0":"#b20b42","l1":"12, ","c1":"#f57145","l2":"16, ","c2":"#f661b9","l3":"18, ","c3":"#02af5a","l4":"116","c4":"#11a2e3"},"geometry":{"type":"Point","coordinates":[24.741508,42.140733]}},{"type":"Feature","properties":{"lines":"6, 12, 16, 18, 116","arr":["6","12","16","18","116"],"mode":"bus","angle":-5.1,"mi":3,"l0":"6, ","c0":"#b20b42","l1":"12, ","c1":"#f57145","l2":"16, ","c2":"#f661b9","l3":"18, ","c3":"#02af5a","l4":"116","c4":"#11a2e3"},"geometry":{"type":"Point","coordinates":[24.742266,42.143328]}},{"type":"Feature","properties":{"lines":"6, 12, 16, 18, 116","arr":["6","12","16","18","116"],"mode":"bus","angle":-70.8,"mi":6,"l0":"6, ","c0":"#b20b42","l1":"12, ","c1":"#f57145","l2":"16, ","c2":"#f661b9","l3":"18, ","c3":"#02af5a","l4":"116","c4":"#11a2e3"},"geometry":{"type":"Point","coordinates":[24.742794,42.14281]}},{"type":"Feature","properties":{"lines":"6, 12, 16, 18, 116","arr":["6","12","16","18","116"],"mode":"bus","angle":-3.8,"mi":5,"l0":"6, ","c0":"#b20b42","l1":"12, ","c1":"#f57145","l2":"16, ","c2":"#f661b9","l3":"18, ","c3":"#02af5a","l4":"116","c4":"#11a2e3"},"geometry":{"type":"Point","coordinates":[24.742217,42.142748]}},{"type":"Feature","properties":{"lines":"6, 10, 12, 16, 18, 66, 116","arr":["6","10","12","16","18","66","116"],"mode":"bus","angle":-12,"l0":"6, ","c0":"#b20b42","l1":"10, ","c1":"#066559","l2":"12, ","c2":"#f57145","l3":"16, ","c3":"#f661b9","l4":"18, ","c4":"#02af5a","l5":"66, ","c5":"#4d4aba","l6":"116","c6":"#11a2e3"},"geometry":{"type":"Point","coordinates":[24.742054,42.14216]}},{"type":"Feature","properties":{"lines":"6, 12, 16, 18, 116","arr":["6","12","16","18","116"],"mode":"bus","angle":9.6,"mi":7,"l0":"6, ","c0":"#b20b42","l1":"12, ","c1":"#f57145","l2":"16, ","c2":"#f661b9","l3":"18, ","c3":"#02af5a","l4":"116","c4":"#11a2e3"},"geometry":{"type":"Point","coordinates":[24.74146,42.147246]}},{"type":"Feature","properties":{"lines":"6, 12, 16, 18, 116","arr":["6","12","16","18","116"],"mode":"bus","angle":86.2,"mi":2,"l0":"6, ","c0":"#b20b42","l1":"12, ","c1":"#f57145","l2":"16, ","c2":"#f661b9","l3":"18, ","c3":"#02af5a","l4":"116","c4":"#11a2e3"},"geometry":{"type":"Point","coordinates":[24.742014,42.146122]}},{"type":"Feature","properties":{"lines":"6, 12, 16, 18, 116","arr":["6","12","16","18","116"],"mode":"bus","angle":-3.9,"mi":4,"l0":"6, ","c0":"#b20b42","l1":"12, ","c1":"#f57145","l2":"16, ","c2":"#f661b9","l3":"18, ","c3":"#02af5a","l4":"116","c4":"#11a2e3"},"geometry":{"type":"Point","coordinates":[24.74158,42.146414]}},{"type":"Feature","properties":{"lines":"6, 12, 16, 18, 116","arr":["6","12","16","18","116"],"mode":"bus","angle":-2.9,"l0":"6, ","c0":"#b20b42","l1":"12, ","c1":"#f57145","l2":"16, ","c2":"#f661b9","l3":"18, ","c3":"#02af5a","l4":"116","c4":"#11a2e3"},"geometry":{"type":"Point","coordinates":[24.741655,42.145143]}},{"type":"Feature","properties":{"lines":"6, 11, 15, 20, 21, 22, 37, 44, 93, 99, 116","arr":["6","11","15","20","21","22","37","44","93","99","116"],"mode":"bus","angle":-20.2,"l0":"6, ","c0":"#b20b42","l1":"11, ","c1":"#4d4aba","l2":"15, ","c2":"#119efc","l3":"20, ","c3":"#126804","l4":"21, ","c4":"#999f01","l5":"22, ","c5":"#6b5806","l6":"37, ","c6":"#b59607","l7":"44, ","c7":"#05617d","l8":"93, ","c8":"#f57145","l9":"99, ","c9":"#c17aef","l10":"116","c10":"#11a2e3"},"geometry":{"type":"Point","coordinates":[24.745309,42.151103]}},{"type":"Feature","properties":{"lines":"6, 11, 15, 20, 21, 22, 37, 44, 93, 99, 116","arr":["6","11","15","20","21","22","37","44","93","99","116"],"mode":"bus","angle":-27.8,"side":-1,"extra":1,"ei":0,"l0":"6, ","c0":"#b20b42","l1":"11, ","c1":"#4d4aba","l2":"15, ","c2":"#119efc","l3":"20, ","c3":"#126804","l4":"21, ","c4":"#999f01","l5":"22, ","c5":"#6b5806","l6":"37, ","c6":"#b59607","l7":"44, ","c7":"#05617d","l8":"93, ","c8":"#f57145","l9":"99, ","c9":"#c17aef","l10":"116","c10":"#11a2e3"},"geometry":{"type":"Point","coordinates":[24.741899,42.149648]}},{"type":"Feature","properties":{"lines":"6, 11, 15, 20, 21, 22, 37, 44, 93, 99, 116","arr":["6","11","15","20","21","22","37","44","93","99","116"],"mode":"bus","angle":-10,"side":-1,"extra":1,"ei":1,"l0":"6, ","c0":"#b20b42","l1":"11, ","c1":"#4d4aba","l2":"15, ","c2":"#119efc","l3":"20, ","c3":"#126804","l4":"21, ","c4":"#999f01","l5":"22, ","c5":"#6b5806","l6":"37, ","c6":"#b59607","l7":"44, ","c7":"#05617d","l8":"93, ","c8":"#f57145","l9":"99, ","c9":"#c17aef","l10":"116","c10":"#11a2e3"},"geometry":{"type":"Point","coordinates":[24.74898,42.151395]}},{"type":"Feature","properties":{"lines":"6, 15, 21, 22, 116","arr":["6","15","21","22","116"],"mode":"bus","angle":-25.3,"l0":"6, ","c0":"#b20b42","l1":"15, ","c1":"#119efc","l2":"21, ","c2":"#999f01","l3":"22, ","c3":"#6b5806","l4":"116","c4":"#11a2e3"},"geometry":{"type":"Point","coordinates":[24.749835,42.15159]}},{"type":"Feature","properties":{"lines":"6, 21, 22, 25, 26, 116","arr":["6","21","22","25","26","116"],"mode":"bus","angle":-20.1,"side":-1,"l0":"6, ","c0":"#b20b42","l1":"21, ","c1":"#999f01","l2":"22, ","c2":"#6b5806","l3":"25, ","c3":"#1cab97","l4":"26, ","c4":"#e16cd6","l5":"116","c5":"#11a2e3"},"geometry":{"type":"Point","coordinates":[24.75668,42.15208]}},{"type":"Feature","properties":{"lines":"6, 21, 22, 25, 26, 116","arr":["6","21","22","25","26","116"],"mode":"bus","angle":-15.5,"side":-1,"extra":1,"ei":0,"l0":"6, ","c0":"#b20b42","l1":"21, ","c1":"#999f01","l2":"22, ","c2":"#6b5806","l3":"25, ","c3":"#1cab97","l4":"26, ","c4":"#e16cd6","l5":"116","c5":"#11a2e3"},"geometry":{"type":"Point","coordinates":[24.751545,42.152202]}},{"type":"Feature","properties":{"lines":"6, 21, 22, 25, 26, 116","arr":["6","21","22","25","26","116"],"mode":"bus","angle":15.4,"side":-1,"extra":1,"ei":1,"l0":"6, ","c0":"#b20b42","l1":"21, ","c1":"#999f01","l2":"22, ","c2":"#6b5806","l3":"25, ","c3":"#1cab97","l4":"26, ","c4":"#e16cd6","l5":"116","c5":"#11a2e3"},"geometry":{"type":"Point","coordinates":[24.753937,42.151735]}},{"type":"Feature","properties":{"lines":"6, 21, 22, 25, 26, 116","arr":["6","21","22","25","26","116"],"mode":"bus","angle":-20.4,"side":-1,"extra":1,"ei":2,"l0":"6, ","c0":"#b20b42","l1":"21, ","c1":"#999f01","l2":"22, ","c2":"#6b5806","l3":"25, ","c3":"#1cab97","l4":"26, ","c4":"#e16cd6","l5":"116","c5":"#11a2e3"},"geometry":{"type":"Point","coordinates":[24.758776,42.152649]}},{"type":"Feature","properties":{"lines":"6, 21, 22, 25, 26, 116","arr":["6","21","22","25","26","116"],"mode":"bus","angle":-2.4,"side":-1,"extra":1,"ei":3,"l0":"6, ","c0":"#b20b42","l1":"21, ","c1":"#999f01","l2":"22, ","c2":"#6b5806","l3":"25, ","c3":"#1cab97","l4":"26, ","c4":"#e16cd6","l5":"116","c5":"#11a2e3"},"geometry":{"type":"Point","coordinates":[24.761255,42.153015]}},{"type":"Feature","properties":{"lines":"6, 22, 26, 116","arr":["6","22","26","116"],"mode":"bus","angle":-1.6,"side":-1,"l0":"6, ","c0":"#b20b42","l1":"22, ","c1":"#6b5806","l2":"26, ","c2":"#e16cd6","l3":"116","c3":"#11a2e3"},"geometry":{"type":"Point","coordinates":[24.767174,42.152769]}},{"type":"Feature","properties":{"lines":"6, 22, 26, 116","arr":["6","22","26","116"],"mode":"bus","angle":9.6,"side":-1,"extra":1,"ei":0,"l0":"6, ","c0":"#b20b42","l1":"22, ","c1":"#6b5806","l2":"26, ","c2":"#e16cd6","l3":"116","c3":"#11a2e3"},"geometry":{"type":"Point","coordinates":[24.764658,42.152917]}},{"type":"Feature","properties":{"lines":"6, 22, 26, 116","arr":["6","22","26","116"],"mode":"bus","angle":-1.4,"side":-1,"extra":1,"ei":1,"l0":"6, ","c0":"#b20b42","l1":"22, ","c1":"#6b5806","l2":"26, ","c2":"#e16cd6","l3":"116","c3":"#11a2e3"},"geometry":{"type":"Point","coordinates":[24.769733,42.152815]}},{"type":"Feature","properties":{"lines":"6, 22, 26","arr":["6","22","26"],"mode":"bus","angle":36.6,"l0":"6, ","c0":"#b20b42","l1":"22, ","c1":"#6b5806","l2":"26","c2":"#e16cd6"},"geometry":{"type":"Point","coordinates":[24.774575,42.151349]}},{"type":"Feature","properties":{"lines":"6, 22, 26","arr":["6","22","26"],"mode":"bus","angle":37.4,"extra":1,"ei":0,"l0":"6, ","c0":"#b20b42","l1":"22, ","c1":"#6b5806","l2":"26","c2":"#e16cd6"},"geometry":{"type":"Point","coordinates":[24.7768,42.15013]}},{"type":"Feature","properties":{"lines":"6, 22, 26","arr":["6","22","26"],"mode":"bus","angle":36.1,"extra":1,"ei":1,"l0":"6, ","c0":"#b20b42","l1":"22, ","c1":"#6b5806","l2":"26","c2":"#e16cd6"},"geometry":{"type":"Point","coordinates":[24.772697,42.152368]}},{"type":"Feature","properties":{"lines":"6, 22, 26","arr":["6","22","26"],"mode":"bus","angle":-43.6,"mi":1,"l0":"6, ","c0":"#b20b42","l1":"22, ","c1":"#6b5806","l2":"26","c2":"#e16cd6"},"geometry":{"type":"Point","coordinates":[24.772388,42.151538]}},{"type":"Feature","properties":{"lines":"6, 22, 26","arr":["6","22","26"],"mode":"bus","angle":46.9,"mi":2,"l0":"6, ","c0":"#b20b42","l1":"22, ","c1":"#6b5806","l2":"26","c2":"#e16cd6"},"geometry":{"type":"Point","coordinates":[24.777357,42.149087]}},{"type":"Feature","properties":{"lines":"6, 21, 22, 25, 26, 36, 66, 93","arr":["6","21","22","25","26","36","66","93"],"mode":"bus","angle":4.2,"l0":"6, ","c0":"#b20b42","l1":"21, ","c1":"#999f01","l2":"22, ","c2":"#6b5806","l3":"25, ","c3":"#1cab97","l4":"26, ","c4":"#e16cd6","l5":"36, ","c5":"#2d8c1b","l6":"66, ","c6":"#4d4aba","l7":"93","c7":"#f57145"},"geometry":{"type":"Point","coordinates":[24.778067,42.149262]}},{"type":"Feature","properties":{"lines":"6, 21, 22, 26, 36, 66","arr":["6","21","22","26","36","66"],"mode":"bus","angle":0.1,"mi":2,"l0":"6, ","c0":"#b20b42","l1":"21, ","c1":"#999f01","l2":"22, ","c2":"#6b5806","l3":"26, ","c3":"#e16cd6","l4":"36, ","c4":"#2d8c1b","l5":"66","c5":"#4d4aba"},"geometry":{"type":"Point","coordinates":[24.782831,42.148634]}},{"type":"Feature","properties":{"lines":"6, 21, 22, 26, 36, 66","arr":["6","21","22","26","36","66"],"mode":"bus","angle":6.9,"mi":6,"l0":"6, ","c0":"#b20b42","l1":"21, ","c1":"#999f01","l2":"22, ","c2":"#6b5806","l3":"26, ","c3":"#e16cd6","l4":"36, ","c4":"#2d8c1b","l5":"66","c5":"#4d4aba"},"geometry":{"type":"Point","coordinates":[24.779967,42.149133]}},{"type":"Feature","properties":{"lines":"6, 21, 22, 26, 36, 66","arr":["6","21","22","26","36","66"],"mode":"bus","angle":4,"extra":1,"ei":0,"l0":"6, ","c0":"#b20b42","l1":"21, ","c1":"#999f01","l2":"22, ","c2":"#6b5806","l3":"26, ","c3":"#e16cd6","l4":"36, ","c4":"#2d8c1b","l5":"66","c5":"#4d4aba"},"geometry":{"type":"Point","coordinates":[24.785643,42.148507]}},{"type":"Feature","properties":{"lines":"6, 21, 26, 36, 66","arr":["6","21","26","36","66"],"mode":"bus","angle":-84.9,"l0":"6, ","c0":"#b20b42","l1":"21, ","c1":"#999f01","l2":"26, ","c2":"#e16cd6","l3":"36, ","c3":"#2d8c1b","l4":"66","c4":"#4d4aba"},"geometry":{"type":"Point","coordinates":[24.786562,42.149853]}},{"type":"Feature","properties":{"lines":"6, 21, 22, 26, 36, 66","arr":["6","21","22","26","36","66"],"mode":"bus","angle":-84.3,"side":-1,"mi":5,"l0":"6, ","c0":"#b20b42","l1":"21, ","c1":"#999f01","l2":"22, ","c2":"#6b5806","l3":"26, ","c3":"#e16cd6","l4":"36, ","c4":"#2d8c1b","l5":"66","c5":"#4d4aba"},"geometry":{"type":"Point","coordinates":[24.786449,42.149022]}},{"type":"Feature","properties":{"lines":"6, 21","arr":["6","21"],"mode":"bus","angle":4.5,"l0":"6, ","c0":"#b20b42","l1":"21","c1":"#999f01"},"geometry":{"type":"Point","coordinates":[24.787698,42.150227]}},{"type":"Feature","properties":{"lines":"6, 21","arr":["6","21"],"mode":"bus","angle":-85.9,"mi":1,"l0":"6, ","c0":"#b20b42","l1":"21","c1":"#999f01"},"geometry":{"type":"Point","coordinates":[24.789123,42.151259]}},{"type":"Feature","properties":{"lines":"6, 26, 36","arr":["6","26","36"],"mode":"bus","angle":-70.5,"mi":2,"l0":"6, ","c0":"#b20b42","l1":"26, ","c1":"#e16cd6","l2":"36","c2":"#2d8c1b"},"geometry":{"type":"Point","coordinates":[24.790157,42.155463]}},{"type":"Feature","properties":{"lines":"6, 26, 36","arr":["6","26","36"],"mode":"bus","angle":-84.6,"extra":1,"ei":0,"l0":"6, ","c0":"#b20b42","l1":"26, ","c1":"#e16cd6","l2":"36","c2":"#2d8c1b"},"geometry":{"type":"Point","coordinates":[24.789574,42.153412]}},{"type":"Feature","properties":{"lines":"6, 26, 36","arr":["6","26","36"],"mode":"bus","angle":25.5,"extra":1,"ei":1,"l0":"6, ","c0":"#b20b42","l1":"26, ","c1":"#e16cd6","l2":"36","c2":"#2d8c1b"},"geometry":{"type":"Point","coordinates":[24.790298,42.156913]}},{"type":"Feature","properties":{"lines":"6, 26, 36","arr":["6","26","36"],"mode":"bus","angle":-69.3,"mi":1,"l0":"6, ","c0":"#b20b42","l1":"26, ","c1":"#e16cd6","l2":"36","c2":"#2d8c1b"},"geometry":{"type":"Point","coordinates":[24.788946,42.158239]}},{"type":"Feature","properties":{"lines":"6, 26, 36","arr":["6","26","36"],"mode":"bus","angle":11.2,"l0":"6, ","c0":"#b20b42","l1":"26, ","c1":"#e16cd6","l2":"36","c2":"#2d8c1b"},"geometry":{"type":"Point","coordinates":[24.787716,42.159364]}},{"type":"Feature","properties":{"lines":"6, 26, 36, 116","arr":["6","26","36","116"],"mode":"bus","angle":3.4,"l0":"6, ","c0":"#b20b42","l1":"26, ","c1":"#e16cd6","l2":"36, ","c2":"#2d8c1b","l3":"116","c3":"#11a2e3"},"geometry":{"type":"Point","coordinates":[24.78425,42.159668]}},{"type":"Feature","properties":{"lines":"6, 26, 36, 116","arr":["6","26","36","116"],"mode":"bus","angle":2.2,"mi":1,"l0":"6, ","c0":"#b20b42","l1":"26, ","c1":"#e16cd6","l2":"36, ","c2":"#2d8c1b","l3":"116","c3":"#11a2e3"},"geometry":{"type":"Point","coordinates":[24.781833,42.159764]}},{"type":"Feature","properties":{"lines":"6, 26, 36","arr":["6","26","36"],"mode":"bus","angle":-4.9,"mi":3,"l0":"6, ","c0":"#b20b42","l1":"26, ","c1":"#e16cd6","l2":"36","c2":"#2d8c1b"},"geometry":{"type":"Point","coordinates":[24.781458,42.159445]}},{"type":"Feature","properties":{"lines":"6, 21, 22, 26, 36, 66","arr":["6","21","22","26","36","66"],"mode":"bus","angle":5.7,"mi":1,"l0":"6, ","c0":"#b20b42","l1":"21, ","c1":"#999f01","l2":"22, ","c2":"#6b5806","l3":"26, ","c3":"#e16cd6","l4":"36, ","c4":"#2d8c1b","l5":"66","c5":"#4d4aba"},"geometry":{"type":"Point","coordinates":[24.782778,42.149633]}},{"type":"Feature","properties":{"lines":"6, 21, 22, 26, 36, 66","arr":["6","21","22","26","36","66"],"mode":"bus","angle":10.1,"mi":4,"l0":"6, ","c0":"#b20b42","l1":"21, ","c1":"#999f01","l2":"22, ","c2":"#6b5806","l3":"26, ","c3":"#e16cd6","l4":"36, ","c4":"#2d8c1b","l5":"66","c5":"#4d4aba"},"geometry":{"type":"Point","coordinates":[24.785356,42.14897]}},{"type":"Feature","properties":{"lines":"6, 21, 22, 26, 36, 66","arr":["6","21","22","26","36","66"],"mode":"bus","angle":-85,"l0":"6, ","c0":"#b20b42","l1":"21, ","c1":"#999f01","l2":"22, ","c2":"#6b5806","l3":"26, ","c3":"#e16cd6","l4":"36, ","c4":"#2d8c1b","l5":"66","c5":"#4d4aba"},"geometry":{"type":"Point","coordinates":[24.78387,42.149304]}},{"type":"Feature","properties":{"lines":"6, 21, 22, 26, 36, 66","arr":["6","21","22","26","36","66"],"mode":"bus","angle":-54,"mi":3,"l0":"6, ","c0":"#b20b42","l1":"21, ","c1":"#999f01","l2":"22, ","c2":"#6b5806","l3":"26, ","c3":"#e16cd6","l4":"36, ","c4":"#2d8c1b","l5":"66","c5":"#4d4aba"},"geometry":{"type":"Point","coordinates":[24.781316,42.149378]}},{"type":"Feature","properties":{"lines":"6, 21, 22, 26, 116","arr":["6","21","22","26","116"],"mode":"bus","angle":-28.2,"l0":"6, ","c0":"#b20b42","l1":"21, ","c1":"#999f01","l2":"22, ","c2":"#6b5806","l3":"26, ","c3":"#e16cd6","l4":"116","c4":"#11a2e3"},"geometry":{"type":"Point","coordinates":[24.750807,42.152094]}},{"type":"Feature","properties":{"lines":"6","arr":["6"],"mode":"bus","angle":-43.1,"l0":"6","c0":"#b20b42"},"geometry":{"type":"Point","coordinates":[24.740039,42.139824]}},{"type":"Feature","properties":{"lines":"6, 17, 24, 113, 222","arr":["6","17","24","113","222"],"mode":"bus","angle":36.3,"l0":"6, ","c0":"#b20b42","l1":"17, ","c1":"#b0045c","l2":"24, ","c2":"#7c5001","l3":"113, ","c3":"#999f01","l4":"222","c4":"#1cab97"},"geometry":{"type":"Point","coordinates":[24.736084,42.14026]}},{"type":"Feature","properties":{"lines":"6, 17, 24, 113, 222","arr":["6","17","24","113","222"],"mode":"bus","angle":35.9,"extra":1,"ei":0,"l0":"6, ","c0":"#b20b42","l1":"17, ","c1":"#b0045c","l2":"24, ","c2":"#7c5001","l3":"113, ","c3":"#999f01","l4":"222","c4":"#1cab97"},"geometry":{"type":"Point","coordinates":[24.737541,42.139466]}},{"type":"Feature","properties":{"lines":"6, 10, 15, 24, 37, 66","arr":["6","10","15","24","37","66"],"mode":"bus","angle":80.1,"mi":1,"l0":"6, ","c0":"#b20b42","l1":"10, ","c1":"#066559","l2":"15, ","c2":"#119efc","l3":"24, ","c3":"#7c5001","l4":"37, ","c4":"#b59607","l5":"66","c5":"#4d4aba"},"geometry":{"type":"Point","coordinates":[24.71587,42.135529]}},{"type":"Feature","properties":{"lines":"6, 10, 15, 24, 37, 66, 222","arr":["6","10","15","24","37","66","222"],"mode":"bus","angle":79.5,"side":-1,"l0":"6, ","c0":"#b20b42","l1":"10, ","c1":"#066559","l2":"15, ","c2":"#119efc","l3":"24, ","c3":"#7c5001","l4":"37, ","c4":"#b59607","l5":"66, ","c5":"#4d4aba","l6":"222","c6":"#1cab97"},"geometry":{"type":"Point","coordinates":[24.716085,42.134202]}},{"type":"Feature","properties":{"lines":"6, 10, 12, 15, 24, 26, 29, 37, 66, 222","arr":["6","10","12","15","24","26","29","37","66","222"],"mode":"bus","angle":79.6,"side":-1,"mi":4,"l0":"6, ","c0":"#b20b42","l1":"10, ","c1":"#066559","l2":"12, ","c2":"#f57145","l3":"15, ","c3":"#119efc","l4":"24, ","c4":"#7c5001","l5":"26, ","c5":"#e16cd6","l6":"29, ","c6":"#027ecb","l7":"37, ","c7":"#b59607","l8":"66, ","c8":"#4d4aba","l9":"222","c9":"#1cab97"},"geometry":{"type":"Point","coordinates":[24.716631,42.131999]}},{"type":"Feature","properties":{"lines":"6, 10, 12, 15, 24, 26, 29, 37, 66, 222","arr":["6","10","12","15","24","26","29","37","66","222"],"mode":"bus","angle":-25.1,"l0":"6, ","c0":"#b20b42","l1":"10, ","c1":"#066559","l2":"12, ","c2":"#f57145","l3":"15, ","c3":"#119efc","l4":"24, ","c4":"#7c5001","l5":"26, ","c5":"#e16cd6","l6":"29, ","c6":"#027ecb","l7":"37, ","c7":"#b59607","l8":"66, ","c8":"#4d4aba","l9":"222","c9":"#1cab97"},"geometry":{"type":"Point","coordinates":[24.708756,42.130713]}},{"type":"Feature","properties":{"lines":"6, 10, 12, 15, 24, 26, 29, 37, 66, 222","arr":["6","10","12","15","24","26","29","37","66","222"],"mode":"bus","angle":-16.8,"mi":2,"l0":"6, ","c0":"#b20b42","l1":"10, ","c1":"#066559","l2":"12, ","c2":"#f57145","l3":"15, ","c3":"#119efc","l4":"24, ","c4":"#7c5001","l5":"26, ","c5":"#e16cd6","l6":"29, ","c6":"#027ecb","l7":"37, ","c7":"#b59607","l8":"66, ","c8":"#4d4aba","l9":"222","c9":"#1cab97"},"geometry":{"type":"Point","coordinates":[24.712998,42.131413]}},{"type":"Feature","properties":{"lines":"6, 10, 12, 15, 24, 26, 29, 37, 66, 222","arr":["6","10","12","15","24","26","29","37","66","222"],"mode":"bus","angle":77.2,"mi":1,"l0":"6, ","c0":"#b20b42","l1":"10, ","c1":"#066559","l2":"12, ","c2":"#f57145","l3":"15, ","c3":"#119efc","l4":"24, ","c4":"#7c5001","l5":"26, ","c5":"#e16cd6","l6":"29, ","c6":"#027ecb","l7":"37, ","c7":"#b59607","l8":"66, ","c8":"#4d4aba","l9":"222","c9":"#1cab97"},"geometry":{"type":"Point","coordinates":[24.708767,42.129867]}},{"type":"Feature","properties":{"lines":"6, 10, 12, 15, 24, 26, 29, 37, 66, 222","arr":["6","10","12","15","24","26","29","37","66","222"],"mode":"bus","angle":-18.7,"extra":1,"ei":0,"l0":"6, ","c0":"#b20b42","l1":"10, ","c1":"#066559","l2":"12, ","c2":"#f57145","l3":"15, ","c3":"#119efc","l4":"24, ","c4":"#7c5001","l5":"26, ","c5":"#e16cd6","l6":"29, ","c6":"#027ecb","l7":"37, ","c7":"#b59607","l8":"66, ","c8":"#4d4aba","l9":"222","c9":"#1cab97"},"geometry":{"type":"Point","coordinates":[24.715325,42.132057]}},{"type":"Feature","properties":{"lines":"6, 10, 12, 15, 24, 26, 29, 37, 66, 222","arr":["6","10","12","15","24","26","29","37","66","222"],"mode":"bus","angle":-14.1,"extra":1,"ei":1,"l0":"6, ","c0":"#b20b42","l1":"10, ","c1":"#066559","l2":"12, ","c2":"#f57145","l3":"15, ","c3":"#119efc","l4":"24, ","c4":"#7c5001","l5":"26, ","c5":"#e16cd6","l6":"29, ","c6":"#027ecb","l7":"37, ","c7":"#b59607","l8":"66, ","c8":"#4d4aba","l9":"222","c9":"#1cab97"},"geometry":{"type":"Point","coordinates":[24.710519,42.130897]}},{"type":"Feature","properties":{"lines":"6, 10, 12, 15, 24, 26, 29, 37, 66, 222","arr":["6","10","12","15","24","26","29","37","66","222"],"mode":"bus","angle":-14.4,"mi":3,"l0":"6, ","c0":"#b20b42","l1":"10, ","c1":"#066559","l2":"12, ","c2":"#f57145","l3":"15, ","c3":"#119efc","l4":"24, ","c4":"#7c5001","l5":"26, ","c5":"#e16cd6","l6":"29, ","c6":"#027ecb","l7":"37, ","c7":"#b59607","l8":"66, ","c8":"#4d4aba","l9":"222","c9":"#1cab97"},"geometry":{"type":"Point","coordinates":[24.706577,42.128953]}},{"type":"Feature","properties":{"lines":"6, 15, 24, 66, 222","arr":["6","15","24","66","222"],"mode":"bus","angle":76.7,"mi":1,"l0":"6, ","c0":"#b20b42","l1":"15, ","c1":"#119efc","l2":"24, ","c2":"#7c5001","l3":"66, ","c3":"#4d4aba","l4":"222","c4":"#1cab97"},"geometry":{"type":"Point","coordinates":[24.703587,42.13046]}},{"type":"Feature","properties":{"lines":"7","arr":["7"],"mode":"bus","angle":-82.5,"mi":3,"l0":"7","c0":"#7b3aa8"},"geometry":{"type":"Point","coordinates":[24.775196,42.166016]}},{"type":"Feature","properties":{"lines":"7","arr":["7"],"mode":"bus","angle":-13.7,"l0":"7","c0":"#7b3aa8"},"geometry":{"type":"Point","coordinates":[24.772883,42.164097]}},{"type":"Feature","properties":{"lines":"7","arr":["7"],"mode":"bus","angle":45.8,"mi":1,"l0":"7","c0":"#7b3aa8"},"geometry":{"type":"Point","coordinates":[24.773491,42.163942]}},{"type":"Feature","properties":{"lines":"7","arr":["7"],"mode":"bus","angle":-37,"mi":2,"l0":"7","c0":"#7b3aa8"},"geometry":{"type":"Point","coordinates":[24.771608,42.163341]}},{"type":"Feature","properties":{"lines":"7, 27","arr":["7","27"],"mode":"bus","angle":85.3,"mi":1,"l0":"7, ","c0":"#7b3aa8","l1":"27","c1":"#f57145"},"geometry":{"type":"Point","coordinates":[24.767554,42.160982]}},{"type":"Feature","properties":{"lines":"7, 27","arr":["7","27"],"mode":"bus","angle":-38.4,"mi":4,"l0":"7, ","c0":"#7b3aa8","l1":"27","c1":"#f57145"},"geometry":{"type":"Point","coordinates":[24.76916,42.161892]}},{"type":"Feature","properties":{"lines":"7, 27","arr":["7","27"],"mode":"bus","angle":-17.3,"extra":1,"ei":0,"l0":"7, ","c0":"#7b3aa8","l1":"27","c1":"#f57145"},"geometry":{"type":"Point","coordinates":[24.76618,42.160375]}},{"type":"Feature","properties":{"lines":"7, 27","arr":["7","27"],"mode":"bus","angle":-7.1,"l0":"7, ","c0":"#7b3aa8","l1":"27","c1":"#f57145"},"geometry":{"type":"Point","coordinates":[24.76216,42.160002]}},{"type":"Feature","properties":{"lines":"7, 16, 27","arr":["7","16","27"],"mode":"bus","angle":-1.7,"l0":"7, ","c0":"#7b3aa8","l1":"16, ","c1":"#f661b9","l2":"27","c2":"#f57145"},"geometry":{"type":"Point","coordinates":[24.7544,42.159381]}},{"type":"Feature","properties":{"lines":"7, 16, 27","arr":["7","16","27"],"mode":"bus","angle":-9.8,"extra":1,"ei":0,"l0":"7, ","c0":"#7b3aa8","l1":"16, ","c1":"#f661b9","l2":"27","c2":"#f57145"},"geometry":{"type":"Point","coordinates":[24.758596,42.159525]}},{"type":"Feature","properties":{"lines":"7, 16, 27","arr":["7","16","27"],"mode":"bus","angle":-1.2,"extra":1,"ei":1,"l0":"7, ","c0":"#7b3aa8","l1":"16, ","c1":"#f661b9","l2":"27","c2":"#f57145"},"geometry":{"type":"Point","coordinates":[24.756058,42.159416]}},{"type":"Feature","properties":{"lines":"7, 16, 27","arr":["7","16","27"],"mode":"bus","angle":-1,"extra":1,"ei":2,"l0":"7, ","c0":"#7b3aa8","l1":"16, ","c1":"#f661b9","l2":"27","c2":"#f57145"},"geometry":{"type":"Point","coordinates":[24.750964,42.159319]}},{"type":"Feature","properties":{"lines":"7, 27","arr":["7","27"],"mode":"bus","angle":-3,"mi":2,"l0":"7, ","c0":"#7b3aa8","l1":"27","c1":"#f57145"},"geometry":{"type":"Point","coordinates":[24.75772,42.159627]}},{"type":"Feature","properties":{"lines":"7, 16, 27","arr":["7","16","27"],"mode":"bus","angle":-11.4,"mi":1,"l0":"7, ","c0":"#7b3aa8","l1":"16, ","c1":"#f661b9","l2":"27","c2":"#f57145"},"geometry":{"type":"Point","coordinates":[24.759542,42.159811]}},{"type":"Feature","properties":{"lines":"16","arr":["16"],"mode":"bus","angle":88.5,"mi":3,"l0":"16","c0":"#f661b9"},"geometry":{"type":"Point","coordinates":[24.760066,42.161802]}},{"type":"Feature","properties":{"lines":"7, 18, 20, 26, 29","arr":["7","18","20","26","29"],"mode":"bus","angle":-28.3,"l0":"7, ","c0":"#7b3aa8","l1":"18, ","c1":"#02af5a","l2":"20, ","c2":"#126804","l3":"26, ","c3":"#e16cd6","l4":"29","c4":"#027ecb"},"geometry":{"type":"Point","coordinates":[24.745283,42.135357]}},{"type":"Feature","properties":{"lines":"7, 20, 26, 29","arr":["7","20","26","29"],"mode":"bus","angle":-14.3,"l0":"7, ","c0":"#7b3aa8","l1":"20, ","c1":"#126804","l2":"26, ","c2":"#e16cd6","l3":"29","c3":"#027ecb"},"geometry":{"type":"Point","coordinates":[24.742131,42.135222]}},{"type":"Feature","properties":{"lines":"7, 12, 16, 17, 20, 24, 26, 29, 113, 116, 222","arr":["7","12","16","17","20","24","26","29","113","116","222"],"mode":"bus","angle":-13.9,"l0":"7, ","c0":"#7b3aa8","l1":"12, ","c1":"#f57145","l2":"16, ","c2":"#f661b9","l3":"17, ","c3":"#b0045c","l4":"20, ","c4":"#126804","l5":"24, ","c5":"#7c5001","l6":"26, ","c6":"#e16cd6","l7":"29, ","c7":"#027ecb","l8":"113, ","c8":"#999f01","l9":"116, ","c9":"#11a2e3","l10":"222","c10":"#1cab97"},"geometry":{"type":"Point","coordinates":[24.734817,42.133816]}},{"type":"Feature","properties":{"lines":"7, 12, 16, 17, 20, 24, 26, 29, 113, 116, 222","arr":["7","12","16","17","20","24","26","29","113","116","222"],"mode":"bus","angle":-14,"extra":1,"ei":0,"l0":"7, ","c0":"#7b3aa8","l1":"12, ","c1":"#f57145","l2":"16, ","c2":"#f661b9","l3":"17, ","c3":"#b0045c","l4":"20, ","c4":"#126804","l5":"24, ","c5":"#7c5001","l6":"26, ","c6":"#e16cd6","l7":"29, ","c7":"#027ecb","l8":"113, ","c8":"#999f01","l9":"116, ","c9":"#11a2e3","l10":"222","c10":"#1cab97"},"geometry":{"type":"Point","coordinates":[24.740369,42.134856]}},{"type":"Feature","properties":{"lines":"7, 12, 16, 17, 20, 24, 26, 29, 113, 116, 222","arr":["7","12","16","17","20","24","26","29","113","116","222"],"mode":"bus","angle":-14.3,"extra":1,"ei":1,"l0":"7, ","c0":"#7b3aa8","l1":"12, ","c1":"#f57145","l2":"16, ","c2":"#f661b9","l3":"17, ","c3":"#b0045c","l4":"20, ","c4":"#126804","l5":"24, ","c5":"#7c5001","l6":"26, ","c6":"#e16cd6","l7":"29, ","c7":"#027ecb","l8":"113, ","c8":"#999f01","l9":"116, ","c9":"#11a2e3","l10":"222","c10":"#1cab97"},"geometry":{"type":"Point","coordinates":[24.737897,42.1344]}},{"type":"Feature","properties":{"lines":"7, 12, 16, 17, 20, 24, 26, 29, 113, 116, 222","arr":["7","12","16","17","20","24","26","29","113","116","222"],"mode":"bus","angle":-12.5,"extra":1,"ei":2,"l0":"7, ","c0":"#7b3aa8","l1":"12, ","c1":"#f57145","l2":"16, ","c2":"#f661b9","l3":"17, ","c3":"#b0045c","l4":"20, ","c4":"#126804","l5":"24, ","c5":"#7c5001","l6":"26, ","c6":"#e16cd6","l7":"29, ","c7":"#027ecb","l8":"113, ","c8":"#999f01","l9":"116, ","c9":"#11a2e3","l10":"222","c10":"#1cab97"},"geometry":{"type":"Point","coordinates":[24.732951,42.133495]}},{"type":"Feature","properties":{"lines":"7, 12, 16, 17, 20, 24, 26, 29, 113, 116, 222","arr":["7","12","16","17","20","24","26","29","113","116","222"],"mode":"bus","angle":0.8,"extra":1,"ei":3,"l0":"7, ","c0":"#7b3aa8","l1":"12, ","c1":"#f57145","l2":"16, ","c2":"#f661b9","l3":"17, ","c3":"#b0045c","l4":"20, ","c4":"#126804","l5":"24, ","c5":"#7c5001","l6":"26, ","c6":"#e16cd6","l7":"29, ","c7":"#027ecb","l8":"113, ","c8":"#999f01","l9":"116, ","c9":"#11a2e3","l10":"222","c10":"#1cab97"},"geometry":{"type":"Point","coordinates":[24.730427,42.133368]}},{"type":"Feature","properties":{"lines":"7, 16, 17, 20, 24, 113, 116","arr":["7","16","17","20","24","113","116"],"mode":"bus","angle":-22.2,"mi":1,"l0":"7, ","c0":"#7b3aa8","l1":"16, ","c1":"#f661b9","l2":"17, ","c2":"#b0045c","l3":"20, ","c3":"#126804","l4":"24, ","c4":"#7c5001","l5":"113, ","c5":"#999f01","l6":"116","c6":"#11a2e3"},"geometry":{"type":"Point","coordinates":[24.726011,42.132657]}},{"type":"Feature","properties":{"lines":"7, 16, 17, 20, 24, 113, 116","arr":["7","16","17","20","24","113","116"],"mode":"bus","angle":-55.9,"extra":1,"ei":0,"l0":"7, ","c0":"#7b3aa8","l1":"16, ","c1":"#f661b9","l2":"17, ","c2":"#b0045c","l3":"20, ","c3":"#126804","l4":"24, ","c4":"#7c5001","l5":"113, ","c5":"#999f01","l6":"116","c6":"#11a2e3"},"geometry":{"type":"Point","coordinates":[24.724648,42.13181]}},{"type":"Feature","properties":{"lines":"7, 16, 17, 20, 24, 113, 116","arr":["7","16","17","20","24","113","116"],"mode":"bus","angle":-57.6,"side":-1,"l0":"7, ","c0":"#7b3aa8","l1":"16, ","c1":"#f661b9","l2":"17, ","c2":"#b0045c","l3":"20, ","c3":"#126804","l4":"24, ","c4":"#7c5001","l5":"113, ","c5":"#999f01","l6":"116","c6":"#11a2e3"},"geometry":{"type":"Point","coordinates":[24.725062,42.131965]}},{"type":"Feature","properties":{"lines":"7, 16, 17, 20, 24, 113, 116","arr":["7","16","17","20","24","113","116"],"mode":"bus","angle":-60.8,"extra":1,"ei":0,"l0":"7, ","c0":"#7b3aa8","l1":"16, ","c1":"#f661b9","l2":"17, ","c2":"#b0045c","l3":"20, ","c3":"#126804","l4":"24, ","c4":"#7c5001","l5":"113, ","c5":"#999f01","l6":"116","c6":"#11a2e3"},"geometry":{"type":"Point","coordinates":[24.723929,42.130862]}},{"type":"Feature","properties":{"lines":"7, 16, 17, 20, 24, 113, 116","arr":["7","16","17","20","24","113","116"],"mode":"bus","angle":-60.4,"extra":1,"ei":1,"l0":"7, ","c0":"#7b3aa8","l1":"16, ","c1":"#f661b9","l2":"17, ","c2":"#b0045c","l3":"20, ","c3":"#126804","l4":"24, ","c4":"#7c5001","l5":"113, ","c5":"#999f01","l6":"116","c6":"#11a2e3"},"geometry":{"type":"Point","coordinates":[24.722659,42.129225]}},{"type":"Feature","properties":{"lines":"7, 16, 17, 20, 24, 113, 116","arr":["7","16","17","20","24","113","116"],"mode":"bus","angle":-18.2,"side":-1,"extra":1,"ei":0,"l0":"7, ","c0":"#7b3aa8","l1":"16, ","c1":"#f661b9","l2":"17, ","c2":"#b0045c","l3":"20, ","c3":"#126804","l4":"24, ","c4":"#7c5001","l5":"113, ","c5":"#999f01","l6":"116","c6":"#11a2e3"},"geometry":{"type":"Point","coordinates":[24.726636,42.132723]}},{"type":"Feature","properties":{"lines":"7, 16, 17, 24, 27, 116","arr":["7","16","17","24","27","116"],"mode":"bus","angle":17,"side":-1,"l0":"7, ","c0":"#7b3aa8","l1":"16, ","c1":"#f661b9","l2":"17, ","c2":"#b0045c","l3":"24, ","c3":"#7c5001","l4":"27, ","c4":"#f57145","l5":"116","c5":"#11a2e3"},"geometry":{"type":"Point","coordinates":[24.728111,42.127568]}},{"type":"Feature","properties":{"lines":"7, 16, 17, 24, 27, 116","arr":["7","16","17","24","27","116"],"mode":"bus","angle":20.6,"side":-1,"extra":1,"ei":0,"l0":"7, ","c0":"#7b3aa8","l1":"16, ","c1":"#f661b9","l2":"17, ","c2":"#b0045c","l3":"24, ","c3":"#7c5001","l4":"27, ","c4":"#f57145","l5":"116","c5":"#11a2e3"},"geometry":{"type":"Point","coordinates":[24.724023,42.128657]}},{"type":"Feature","properties":{"lines":"7, 16, 17, 24, 27, 116","arr":["7","16","17","24","27","116"],"mode":"bus","angle":19.8,"side":-1,"extra":1,"ei":1,"l0":"7, ","c0":"#7b3aa8","l1":"16, ","c1":"#f661b9","l2":"17, ","c2":"#b0045c","l3":"24, ","c3":"#7c5001","l4":"27, ","c4":"#f57145","l5":"116","c5":"#11a2e3"},"geometry":{"type":"Point","coordinates":[24.726408,42.127994]}},{"type":"Feature","properties":{"lines":"7, 16, 17, 24, 27, 116","arr":["7","16","17","24","27","116"],"mode":"bus","angle":16,"side":-1,"extra":1,"ei":2,"l0":"7, ","c0":"#7b3aa8","l1":"16, ","c1":"#f661b9","l2":"17, ","c2":"#b0045c","l3":"24, ","c3":"#7c5001","l4":"27, ","c4":"#f57145","l5":"116","c5":"#11a2e3"},"geometry":{"type":"Point","coordinates":[24.731276,42.126883]}},{"type":"Feature","properties":{"lines":"7, 17, 24, 27, 36, 116","arr":["7","17","24","27","36","116"],"mode":"bus","angle":23.4,"l0":"7, ","c0":"#7b3aa8","l1":"17, ","c1":"#b0045c","l2":"24, ","c2":"#7c5001","l3":"27, ","c3":"#f57145","l4":"36, ","c4":"#2d8c1b","l5":"116","c5":"#11a2e3"},"geometry":{"type":"Point","coordinates":[24.736261,42.125594]}},{"type":"Feature","properties":{"lines":"7, 17, 24, 27, 36, 116","arr":["7","17","24","27","36","116"],"mode":"bus","angle":23.4,"side":-1,"extra":1,"ei":0,"l0":"7, ","c0":"#7b3aa8","l1":"17, ","c1":"#b0045c","l2":"24, ","c2":"#7c5001","l3":"27, ","c3":"#f57145","l4":"36, ","c4":"#2d8c1b","l5":"116","c5":"#11a2e3"},"geometry":{"type":"Point","coordinates":[24.734661,42.125998]}},{"type":"Feature","properties":{"lines":"7, 17, 24, 27, 36, 116","arr":["7","17","24","27","36","116"],"mode":"bus","angle":23.5,"extra":1,"ei":0,"l0":"7, ","c0":"#7b3aa8","l1":"17, ","c1":"#b0045c","l2":"24, ","c2":"#7c5001","l3":"27, ","c3":"#f57145","l4":"36, ","c4":"#2d8c1b","l5":"116","c5":"#11a2e3"},"geometry":{"type":"Point","coordinates":[24.737811,42.125091]}},{"type":"Feature","properties":{"lines":"7","arr":["7"],"mode":"bus","angle":-55.3,"l0":"7","c0":"#7b3aa8"},"geometry":{"type":"Point","coordinates":[24.733866,42.116644]}},{"type":"Feature","properties":{"lines":"7","arr":["7"],"mode":"bus","angle":-73.4,"extra":1,"ei":0,"l0":"7","c0":"#7b3aa8"},"geometry":{"type":"Point","coordinates":[24.735399,42.11861]}},{"type":"Feature","properties":{"lines":"7","arr":["7"],"mode":"bus","angle":-69.9,"extra":1,"ei":1,"l0":"7","c0":"#7b3aa8"},"geometry":{"type":"Point","coordinates":[24.732928,42.115346]}},{"type":"Feature","properties":{"lines":"7, 113","arr":["7","113"],"mode":"bus","angle":-68.7,"mi":2,"l0":"7, ","c0":"#7b3aa8","l1":"113","c1":"#999f01"},"geometry":{"type":"Point","coordinates":[24.730062,42.109881]}},{"type":"Feature","properties":{"lines":"7, 113","arr":["7","113"],"mode":"bus","angle":-73.1,"extra":1,"ei":0,"l0":"7, ","c0":"#7b3aa8","l1":"113","c1":"#999f01"},"geometry":{"type":"Point","coordinates":[24.728783,42.107077]}},{"type":"Feature","properties":{"lines":"7, 113","arr":["7","113"],"mode":"bus","angle":-67.9,"extra":1,"ei":1,"l0":"7, ","c0":"#7b3aa8","l1":"113","c1":"#999f01"},"geometry":{"type":"Point","coordinates":[24.731405,42.112396]}},{"type":"Feature","properties":{"lines":"7, 113","arr":["7","113"],"mode":"bus","angle":85.2,"mi":1,"l0":"7, ","c0":"#7b3aa8","l1":"113","c1":"#999f01"},"geometry":{"type":"Point","coordinates":[24.740236,42.112494]}},{"type":"Feature","properties":{"lines":"7, 113","arr":["7","113"],"mode":"bus","angle":2.8,"l0":"7, ","c0":"#7b3aa8","l1":"113","c1":"#999f01"},"geometry":{"type":"Point","coordinates":[24.735957,42.112547]}},{"type":"Feature","properties":{"lines":"7, 113","arr":["7","113"],"mode":"bus","angle":21.3,"extra":1,"ei":0,"l0":"7, ","c0":"#7b3aa8","l1":"113","c1":"#999f01"},"geometry":{"type":"Point","coordinates":[24.733455,42.113133]}},{"type":"Feature","properties":{"lines":"7, 113","arr":["7","113"],"mode":"bus","angle":2.3,"extra":1,"ei":1,"l0":"7, ","c0":"#7b3aa8","l1":"113","c1":"#999f01"},"geometry":{"type":"Point","coordinates":[24.73841,42.112458]}},{"type":"Feature","properties":{"lines":"7, 12, 16, 17, 18, 20, 24, 26, 29, 113, 116, 222","arr":["7","12","16","17","18","20","24","26","29","113","116","222"],"mode":"bus","angle":-17.8,"side":-1,"l0":"7, ","c0":"#7b3aa8","l1":"12, ","c1":"#f57145","l2":"16, ","c2":"#f661b9","l3":"17, ","c3":"#b0045c","l4":"18, ","c4":"#02af5a","l5":"20, ","c5":"#126804","l6":"24, ","c6":"#7c5001","l7":"26, ","c7":"#e16cd6","l8":"29, ","c8":"#027ecb","l9":"113, ","c9":"#999f01","l10":"116, ","c10":"#11a2e3","l11":"222","c11":"#1cab97"},"geometry":{"type":"Point","coordinates":[24.742162,42.135097]}},{"type":"Feature","properties":{"lines":"7, 27","arr":["7","27"],"mode":"bus","angle":-1.4,"side":-1,"mi":3,"l0":"7, ","c0":"#7b3aa8","l1":"27","c1":"#f57145"},"geometry":{"type":"Point","coordinates":[24.756792,42.159302]}},{"type":"Feature","properties":{"lines":"7, 27","arr":["7","27"],"mode":"bus","angle":-1.2,"side":-1,"extra":1,"ei":0,"l0":"7, ","c0":"#7b3aa8","l1":"27","c1":"#f57145"},"geometry":{"type":"Point","coordinates":[24.75024,42.159202]}},{"type":"Feature","properties":{"lines":"7, 27","arr":["7","27"],"mode":"bus","angle":-1.6,"side":-1,"extra":1,"ei":1,"l0":"7, ","c0":"#7b3aa8","l1":"27","c1":"#f57145"},"geometry":{"type":"Point","coordinates":[24.752786,42.159249]}},{"type":"Feature","properties":{"lines":"7, 27","arr":["7","27"],"mode":"bus","angle":-11.7,"side":-1,"extra":1,"ei":2,"l0":"7, ","c0":"#7b3aa8","l1":"27","c1":"#f57145"},"geometry":{"type":"Point","coordinates":[24.760383,42.159666]}},{"type":"Feature","properties":{"lines":"7, 27","arr":["7","27"],"mode":"bus","angle":-7.3,"side":-1,"extra":1,"ei":3,"l0":"7, ","c0":"#7b3aa8","l1":"27","c1":"#f57145"},"geometry":{"type":"Point","coordinates":[24.7629,42.159953]}},{"type":"Feature","properties":{"lines":"9, 21, 25, 29, 66","arr":["9","21","25","29","66"],"mode":"bus","angle":-26,"mi":1,"l0":"9, ","c0":"#b20b42","l1":"21, ","c1":"#999f01","l2":"25, ","c2":"#1cab97","l3":"29, ","c3":"#027ecb","l4":"66","c4":"#4d4aba"},"geometry":{"type":"Point","coordinates":[24.776955,42.132324]}},{"type":"Feature","properties":{"lines":"9, 10, 21, 25, 29, 66, 99","arr":["9","10","21","25","29","66","99"],"mode":"bus","angle":-21.2,"mi":1,"l0":"9, ","c0":"#b20b42","l1":"10, ","c1":"#066559","l2":"21, ","c2":"#999f01","l3":"25, ","c3":"#1cab97","l4":"29, ","c4":"#027ecb","l5":"66, ","c5":"#4d4aba","l6":"99","c6":"#c17aef"},"geometry":{"type":"Point","coordinates":[24.775219,42.133627]}},{"type":"Feature","properties":{"lines":"9, 10, 21, 25, 29, 66, 99","arr":["9","10","21","25","29","66","99"],"mode":"bus","angle":1.5,"l0":"9, ","c0":"#b20b42","l1":"10, ","c1":"#066559","l2":"21, ","c2":"#999f01","l3":"25, ","c3":"#1cab97","l4":"29, ","c4":"#027ecb","l5":"66, ","c5":"#4d4aba","l6":"99","c6":"#c17aef"},"geometry":{"type":"Point","coordinates":[24.779298,42.133683]}},{"type":"Feature","properties":{"lines":"9, 10, 21, 25, 29, 66, 99","arr":["9","10","21","25","29","66","99"],"mode":"bus","angle":-89.4,"mi":3,"l0":"9, ","c0":"#b20b42","l1":"10, ","c1":"#066559","l2":"21, ","c2":"#999f01","l3":"25, ","c3":"#1cab97","l4":"29, ","c4":"#027ecb","l5":"66, ","c5":"#4d4aba","l6":"99","c6":"#c17aef"},"geometry":{"type":"Point","coordinates":[24.779987,42.132524]}},{"type":"Feature","properties":{"lines":"9, 21, 25, 29, 66","arr":["9","21","25","29","66"],"mode":"bus","angle":-11.6,"l0":"9, ","c0":"#b20b42","l1":"21, ","c1":"#999f01","l2":"25, ","c2":"#1cab97","l3":"29, ","c3":"#027ecb","l4":"66","c4":"#4d4aba"},"geometry":{"type":"Point","coordinates":[24.778237,42.131103]}},{"type":"Feature","properties":{"lines":"9, 21, 25, 29, 66","arr":["9","21","25","29","66"],"mode":"bus","angle":-19.8,"extra":1,"ei":0,"l0":"9, ","c0":"#b20b42","l1":"21, ","c1":"#999f01","l2":"25, ","c2":"#1cab97","l3":"29, ","c3":"#027ecb","l4":"66","c4":"#4d4aba"},"geometry":{"type":"Point","coordinates":[24.776457,42.130758]}},{"type":"Feature","properties":{"lines":"9, 21, 25, 29, 66","arr":["9","21","25","29","66"],"mode":"bus","angle":66.5,"mi":2,"l0":"9, ","c0":"#b20b42","l1":"21, ","c1":"#999f01","l2":"25, ","c2":"#1cab97","l3":"29, ","c3":"#027ecb","l4":"66","c4":"#4d4aba"},"geometry":{"type":"Point","coordinates":[24.776982,42.12924]}},{"type":"Feature","properties":{"lines":"9, 18, 24, 29","arr":["9","18","24","29"],"mode":"bus","angle":17.1,"l0":"9, ","c0":"#b20b42","l1":"18, ","c1":"#02af5a","l2":"24, ","c2":"#7c5001","l3":"29","c3":"#027ecb"},"geometry":{"type":"Point","coordinates":[24.791678,42.142956]}},{"type":"Feature","properties":{"lines":"9, 18, 24, 29","arr":["9","18","24","29"],"mode":"bus","angle":58,"extra":1,"ei":0,"l0":"9, ","c0":"#b20b42","l1":"18, ","c1":"#02af5a","l2":"24, ","c2":"#7c5001","l3":"29","c3":"#027ecb"},"geometry":{"type":"Point","coordinates":[24.79432,42.141409]}},{"type":"Feature","properties":{"lines":"9, 18, 24, 29","arr":["9","18","24","29"],"mode":"bus","angle":-49.5,"extra":1,"ei":1,"l0":"9, ","c0":"#b20b42","l1":"18, ","c1":"#02af5a","l2":"24, ","c2":"#7c5001","l3":"29","c3":"#027ecb"},"geometry":{"type":"Point","coordinates":[24.788572,42.141578]}},{"type":"Feature","properties":{"lines":"9, 18, 24, 25, 29, 44, 93","arr":["9","18","24","25","29","44","93"],"mode":"bus","angle":46.3,"l0":"9, ","c0":"#b20b42","l1":"18, ","c1":"#02af5a","l2":"24, ","c2":"#7c5001","l3":"25, ","c3":"#1cab97","l4":"29, ","c4":"#027ecb","l5":"44, ","c5":"#05617d","l6":"93","c6":"#f57145"},"geometry":{"type":"Point","coordinates":[24.786812,42.142215]}},{"type":"Feature","properties":{"lines":"9, 18, 24, 29, 44","arr":["9","18","24","29","44"],"mode":"bus","angle":-26.4,"side":-1,"l0":"9, ","c0":"#b20b42","l1":"18, ","c1":"#02af5a","l2":"24, ","c2":"#7c5001","l3":"29, ","c3":"#027ecb","l4":"44","c4":"#05617d"},"geometry":{"type":"Point","coordinates":[24.774588,42.139254]}},{"type":"Feature","properties":{"lines":"9, 18, 24, 29, 44","arr":["9","18","24","29","44"],"mode":"bus","angle":-30.3,"extra":1,"ei":0,"l0":"9, ","c0":"#b20b42","l1":"18, ","c1":"#02af5a","l2":"24, ","c2":"#7c5001","l3":"29, ","c3":"#027ecb","l4":"44","c4":"#05617d"},"geometry":{"type":"Point","coordinates":[24.78423,42.142999]}},{"type":"Feature","properties":{"lines":"9, 18, 24, 29, 44","arr":["9","18","24","29","44"],"mode":"bus","angle":-26.7,"extra":1,"ei":1,"l0":"9, ","c0":"#b20b42","l1":"18, ","c1":"#02af5a","l2":"24, ","c2":"#7c5001","l3":"29, ","c3":"#027ecb","l4":"44","c4":"#05617d"},"geometry":{"type":"Point","coordinates":[24.781977,42.142117]}},{"type":"Feature","properties":{"lines":"9, 18, 24, 29, 44","arr":["9","18","24","29","44"],"mode":"bus","angle":-26.7,"extra":1,"ei":2,"l0":"9, ","c0":"#b20b42","l1":"18, ","c1":"#02af5a","l2":"24, ","c2":"#7c5001","l3":"29, ","c3":"#027ecb","l4":"44","c4":"#05617d"},"geometry":{"type":"Point","coordinates":[24.779702,42.141267]}},{"type":"Feature","properties":{"lines":"9, 18, 24, 29, 44","arr":["9","18","24","29","44"],"mode":"bus","angle":-26.7,"extra":1,"ei":3,"l0":"9, ","c0":"#b20b42","l1":"18, ","c1":"#02af5a","l2":"24, ","c2":"#7c5001","l3":"29, ","c3":"#027ecb","l4":"44","c4":"#05617d"},"geometry":{"type":"Point","coordinates":[24.777426,42.140419]}},{"type":"Feature","properties":{"lines":"9, 18, 24, 29, 44","arr":["9","18","24","29","44"],"mode":"bus","angle":-25.3,"extra":1,"ei":4,"l0":"9, ","c0":"#b20b42","l1":"18, ","c1":"#02af5a","l2":"24, ","c2":"#7c5001","l3":"29, ","c3":"#027ecb","l4":"44","c4":"#05617d"},"geometry":{"type":"Point","coordinates":[24.772859,42.138745]}},{"type":"Feature","properties":{"lines":"9, 18, 24, 29, 44","arr":["9","18","24","29","44"],"mode":"bus","angle":-25.2,"extra":1,"ei":5,"l0":"9, ","c0":"#b20b42","l1":"18, ","c1":"#02af5a","l2":"24, ","c2":"#7c5001","l3":"29, ","c3":"#027ecb","l4":"44","c4":"#05617d"},"geometry":{"type":"Point","coordinates":[24.770554,42.137942]}},{"type":"Feature","properties":{"lines":"9, 18, 24, 29, 44","arr":["9","18","24","29","44"],"mode":"bus","angle":-24.7,"extra":1,"ei":6,"l0":"9, ","c0":"#b20b42","l1":"18, ","c1":"#02af5a","l2":"24, ","c2":"#7c5001","l3":"29, ","c3":"#027ecb","l4":"44","c4":"#05617d"},"geometry":{"type":"Point","coordinates":[24.768246,42.137142]}},{"type":"Feature","properties":{"lines":"9, 18, 24, 29, 44","arr":["9","18","24","29","44"],"mode":"bus","angle":-24.1,"extra":1,"ei":7,"l0":"9, ","c0":"#b20b42","l1":"18, ","c1":"#02af5a","l2":"24, ","c2":"#7c5001","l3":"29, ","c3":"#027ecb","l4":"44","c4":"#05617d"},"geometry":{"type":"Point","coordinates":[24.765929,42.136357]}},{"type":"Feature","properties":{"lines":"9, 10, 18, 29, 44, 99","arr":["9","10","18","29","44","99"],"mode":"bus","angle":65,"side":-1,"l0":"9, ","c0":"#b20b42","l1":"10, ","c1":"#066559","l2":"18, ","c2":"#02af5a","l3":"29, ","c3":"#027ecb","l4":"44, ","c4":"#05617d","l5":"99","c5":"#c17aef"},"geometry":{"type":"Point","coordinates":[24.763297,42.135804]}},{"type":"Feature","properties":{"lines":"9, 10, 36","arr":["9","10","36"],"mode":"bus","angle":-89.1,"side":-1,"l0":"9, ","c0":"#b20b42","l1":"10, ","c1":"#066559","l2":"36","c2":"#2d8c1b"},"geometry":{"type":"Point","coordinates":[24.763096,42.138551]}},{"type":"Feature","properties":{"lines":"9, 10, 36","arr":["9","10","36"],"mode":"bus","angle":-89.5,"side":-1,"extra":1,"ei":0,"l0":"9, ","c0":"#b20b42","l1":"10, ","c1":"#066559","l2":"36","c2":"#2d8c1b"},"geometry":{"type":"Point","coordinates":[24.763067,42.137142]}},{"type":"Feature","properties":{"lines":"9, 10, 36","arr":["9","10","36"],"mode":"bus","angle":-88.8,"extra":1,"ei":0,"l0":"9, ","c0":"#b20b42","l1":"10, ","c1":"#066559","l2":"36","c2":"#2d8c1b"},"geometry":{"type":"Point","coordinates":[24.762937,42.139925]}},{"type":"Feature","properties":{"lines":"9","arr":["9"],"mode":"bus","angle":-14.3,"l0":"9","c0":"#b20b42"},"geometry":{"type":"Point","coordinates":[24.759848,42.140321]}},{"type":"Feature","properties":{"lines":"9","arr":["9"],"mode":"bus","angle":-12.9,"extra":1,"ei":0,"l0":"9","c0":"#b20b42"},"geometry":{"type":"Point","coordinates":[24.761932,42.140692]}},{"type":"Feature","properties":{"lines":"9","arr":["9"],"mode":"bus","angle":-12.3,"extra":1,"ei":1,"l0":"9","c0":"#b20b42"},"geometry":{"type":"Point","coordinates":[24.756983,42.139797]}},{"type":"Feature","properties":{"lines":"9","arr":["9"],"mode":"bus","angle":75.6,"mi":1,"l0":"9","c0":"#b20b42"},"geometry":{"type":"Point","coordinates":[24.755764,42.140914]}},{"type":"Feature","properties":{"lines":"9, 10, 66, 93","arr":["9","10","66","93"],"mode":"bus","angle":-11.2,"mi":2,"l0":"9, ","c0":"#b20b42","l1":"10, ","c1":"#066559","l2":"66, ","c2":"#4d4aba","l3":"93","c3":"#f57145"},"geometry":{"type":"Point","coordinates":[24.753553,42.141839]}},{"type":"Feature","properties":{"lines":"9, 15","arr":["9","15"],"mode":"bus","angle":-58.7,"l0":"9, ","c0":"#b20b42","l1":"15","c1":"#119efc"},"geometry":{"type":"Point","coordinates":[24.749739,42.164707]}},{"type":"Feature","properties":{"lines":"9, 15","arr":["9","15"],"mode":"bus","angle":-59.8,"extra":1,"ei":0,"l0":"9, ","c0":"#b20b42","l1":"15","c1":"#119efc"},"geometry":{"type":"Point","coordinates":[24.750754,42.165983]}},{"type":"Feature","properties":{"lines":"9, 15","arr":["9","15"],"mode":"bus","angle":-15.2,"extra":1,"ei":1,"l0":"9, ","c0":"#b20b42","l1":"15","c1":"#119efc"},"geometry":{"type":"Point","coordinates":[24.747559,42.163191]}},{"type":"Feature","properties":{"lines":"9, 12, 15","arr":["9","12","15"],"mode":"bus","angle":-62.7,"l0":"9, ","c0":"#b20b42","l1":"12, ","c1":"#f57145","l2":"15","c2":"#119efc"},"geometry":{"type":"Point","coordinates":[24.754786,42.171888]}},{"type":"Feature","properties":{"lines":"9, 12, 15","arr":["9","12","15"],"mode":"bus","angle":-64.1,"extra":1,"ei":0,"l0":"9, ","c0":"#b20b42","l1":"12, ","c1":"#f57145","l2":"15","c2":"#119efc"},"geometry":{"type":"Point","coordinates":[24.751945,42.167652]}},{"type":"Feature","properties":{"lines":"9, 12, 15","arr":["9","12","15"],"mode":"bus","angle":-64.2,"extra":1,"ei":1,"l0":"9, ","c0":"#b20b42","l1":"12, ","c1":"#f57145","l2":"15","c2":"#119efc"},"geometry":{"type":"Point","coordinates":[24.753078,42.169343]}},{"type":"Feature","properties":{"lines":"9, 12, 15","arr":["9","12","15"],"mode":"bus","angle":-60.8,"extra":1,"ei":2,"l0":"9, ","c0":"#b20b42","l1":"12, ","c1":"#f57145","l2":"15","c2":"#119efc"},"geometry":{"type":"Point","coordinates":[24.756517,42.174402]}},{"type":"Feature","properties":{"lines":"9, 12, 15","arr":["9","12","15"],"mode":"bus","angle":-47.9,"extra":1,"ei":3,"l0":"9, ","c0":"#b20b42","l1":"12, ","c1":"#f57145","l2":"15","c2":"#119efc"},"geometry":{"type":"Point","coordinates":[24.758094,42.175877]}},{"type":"Feature","properties":{"lines":"9, 15, 25","arr":["9","15","25"],"mode":"bus","angle":-73.6,"l0":"9, ","c0":"#b20b42","l1":"15, ","c1":"#119efc","l2":"25","c2":"#1cab97"},"geometry":{"type":"Point","coordinates":[24.742849,42.162054]}},{"type":"Feature","properties":{"lines":"9, 15, 25","arr":["9","15","25"],"mode":"bus","angle":16.2,"mi":1,"l0":"9, ","c0":"#b20b42","l1":"15, ","c1":"#119efc","l2":"25","c2":"#1cab97"},"geometry":{"type":"Point","coordinates":[24.744101,42.161102]}},{"type":"Feature","properties":{"lines":"9, 10, 66, 93","arr":["9","10","66","93"],"mode":"bus","angle":-27.4,"side":-1,"mi":1,"l0":"9, ","c0":"#b20b42","l1":"10, ","c1":"#066559","l2":"66, ","c2":"#4d4aba","l3":"93","c3":"#f57145"},"geometry":{"type":"Point","coordinates":[24.752805,42.143612]}},{"type":"Feature","properties":{"lines":"10, 66, 93","arr":["10","66","93"],"mode":"bus","angle":-22.3,"side":-1,"l0":"10, ","c0":"#066559","l1":"66, ","c1":"#4d4aba","l2":"93","c2":"#f57145"},"geometry":{"type":"Point","coordinates":[24.758452,42.146004]}},{"type":"Feature","properties":{"lines":"10, 66, 93","arr":["10","66","93"],"mode":"bus","angle":-23.6,"side":-1,"extra":1,"ei":0,"l0":"10, ","c0":"#066559","l1":"66, ","c1":"#4d4aba","l2":"93","c2":"#f57145"},"geometry":{"type":"Point","coordinates":[24.755238,42.144962]}},{"type":"Feature","properties":{"lines":"10, 66, 93","arr":["10","66","93"],"mode":"bus","angle":-13.2,"side":-1,"extra":1,"ei":1,"l0":"10, ","c0":"#066559","l1":"66, ","c1":"#4d4aba","l2":"93","c2":"#f57145"},"geometry":{"type":"Point","coordinates":[24.75998,42.146315]}},{"type":"Feature","properties":{"lines":"10, 66, 93","arr":["10","66","93"],"mode":"bus","angle":-13.2,"side":-1,"extra":1,"ei":2,"l0":"10, ","c0":"#066559","l1":"66, ","c1":"#4d4aba","l2":"93","c2":"#f57145"},"geometry":{"type":"Point","coordinates":[24.76246,42.146745]}},{"type":"Feature","properties":{"lines":"9, 10, 66","arr":["9","10","66"],"mode":"bus","angle":26,"side":-1,"l0":"9, ","c0":"#b20b42","l1":"10, ","c1":"#066559","l2":"66","c2":"#4d4aba"},"geometry":{"type":"Point","coordinates":[24.754407,42.144437]}},{"type":"Feature","properties":{"lines":"9, 10, 66, 93","arr":["9","10","66","93"],"mode":"bus","angle":76.5,"l0":"9, ","c0":"#b20b42","l1":"10, ","c1":"#066559","l2":"66, ","c2":"#4d4aba","l3":"93","c3":"#f57145"},"geometry":{"type":"Point","coordinates":[24.754988,42.143209]}},{"type":"Feature","properties":{"lines":"9, 10","arr":["9","10"],"mode":"bus","angle":72.7,"l0":"9, ","c0":"#b20b42","l1":"10","c1":"#066559"},"geometry":{"type":"Point","coordinates":[24.762981,42.136372]}},{"type":"Feature","properties":{"lines":"9, 10, 21, 25, 29, 66, 99","arr":["9","10","21","25","29","66","99"],"mode":"bus","angle":64.2,"mi":2,"l0":"9, ","c0":"#b20b42","l1":"10, ","c1":"#066559","l2":"21, ","c2":"#999f01","l3":"25, ","c3":"#1cab97","l4":"29, ","c4":"#027ecb","l5":"66, ","c5":"#4d4aba","l6":"99","c6":"#c17aef"},"geometry":{"type":"Point","coordinates":[24.775295,42.132009]}},{"type":"Feature","properties":{"lines":"9, 10, 21, 25, 29, 66, 99","arr":["9","10","21","25","29","66","99"],"mode":"bus","angle":64.8,"side":-1,"extra":1,"ei":0,"l0":"9, ","c0":"#b20b42","l1":"10, ","c1":"#066559","l2":"21, ","c2":"#999f01","l3":"25, ","c3":"#1cab97","l4":"29, ","c4":"#027ecb","l5":"66, ","c5":"#4d4aba","l6":"99","c6":"#c17aef"},"geometry":{"type":"Point","coordinates":[24.774548,42.133223]}},{"type":"Feature","properties":{"lines":"10, 12, 26, 29, 37","arr":["10","12","26","29","37"],"mode":"bus","angle":4.2,"mi":2,"l0":"10, ","c0":"#066559","l1":"12, ","c1":"#f57145","l2":"26, ","c2":"#e16cd6","l3":"29, ","c3":"#027ecb","l4":"37","c4":"#b59607"},"geometry":{"type":"Point","coordinates":[24.701922,42.128085]}},{"type":"Feature","properties":{"lines":"10, 12, 26, 29, 37","arr":["10","12","26","29","37"],"mode":"bus","angle":79.3,"l0":"10, ","c0":"#066559","l1":"12, ","c1":"#f57145","l2":"26, ","c2":"#e16cd6","l3":"29, ","c3":"#027ecb","l4":"37","c4":"#b59607"},"geometry":{"type":"Point","coordinates":[24.706583,42.128731]}},{"type":"Feature","properties":{"lines":"10, 12, 26, 29, 37","arr":["10","12","26","29","37"],"mode":"bus","angle":-15.4,"mi":1,"l0":"10, ","c0":"#066559","l1":"12, ","c1":"#f57145","l2":"26, ","c2":"#e16cd6","l3":"29, ","c3":"#027ecb","l4":"37","c4":"#b59607"},"geometry":{"type":"Point","coordinates":[24.703174,42.12829]}},{"type":"Feature","properties":{"lines":"10, 12, 26, 29, 37","arr":["10","12","26","29","37"],"mode":"bus","angle":-26.4,"side":-1,"mi":3,"l0":"10, ","c0":"#066559","l1":"12, ","c1":"#f57145","l2":"26, ","c2":"#e16cd6","l3":"29, ","c3":"#027ecb","l4":"37","c4":"#b59607"},"geometry":{"type":"Point","coordinates":[24.708892,42.13058]}},{"type":"Feature","properties":{"lines":"10, 15","arr":["10","15"],"mode":"bus","angle":68.7,"l0":"10, ","c0":"#066559","l1":"15","c1":"#119efc"},"geometry":{"type":"Point","coordinates":[24.719315,42.139907]}},{"type":"Feature","properties":{"lines":"10, 15","arr":["10","15"],"mode":"bus","angle":68.8,"extra":1,"ei":0,"l0":"10, ","c0":"#066559","l1":"15","c1":"#119efc"},"geometry":{"type":"Point","coordinates":[24.719907,42.138775]}},{"type":"Feature","properties":{"lines":"10, 15","arr":["10","15"],"mode":"bus","angle":-1.5,"mi":3,"l0":"10, ","c0":"#066559","l1":"15","c1":"#119efc"},"geometry":{"type":"Point","coordinates":[24.729513,42.143215]}},{"type":"Feature","properties":{"lines":"10, 15","arr":["10","15"],"mode":"bus","angle":-30,"mi":1,"l0":"10, ","c0":"#066559","l1":"15","c1":"#119efc"},"geometry":{"type":"Point","coordinates":[24.71977,42.142562]}},{"type":"Feature","properties":{"lines":"10, 15","arr":["10","15"],"mode":"bus","angle":-1.9,"extra":1,"ei":0,"l0":"10, ","c0":"#066559","l1":"15","c1":"#119efc"},"geometry":{"type":"Point","coordinates":[24.72768,42.143175]}},{"type":"Feature","properties":{"lines":"10, 15, 17","arr":["10","15","17"],"mode":"bus","angle":-3,"l0":"10, ","c0":"#066559","l1":"15, ","c1":"#119efc","l2":"17","c2":"#b0045c"},"geometry":{"type":"Point","coordinates":[24.723901,42.143052]}},{"type":"Feature","properties":{"lines":"10, 17, 113, 222","arr":["10","17","113","222"],"mode":"bus","angle":66.3,"l0":"10, ","c0":"#066559","l1":"17, ","c1":"#b0045c","l2":"113, ","c2":"#999f01","l3":"222","c3":"#1cab97"},"geometry":{"type":"Point","coordinates":[24.732949,42.142745]}},{"type":"Feature","properties":{"lines":"10, 66","arr":["10","66"],"mode":"bus","angle":-62.8,"mi":1,"l0":"10, ","c0":"#066559","l1":"66","c1":"#4d4aba"},"geometry":{"type":"Point","coordinates":[24.745378,42.142779]}},{"type":"Feature","properties":{"lines":"10, 66","arr":["10","66"],"mode":"bus","angle":-14.2,"mi":4,"l0":"10, ","c0":"#066559","l1":"66","c1":"#4d4aba"},"geometry":{"type":"Point","coordinates":[24.743513,42.142428]}},{"type":"Feature","properties":{"lines":"10, 66","arr":["10","66"],"mode":"bus","angle":-7.8,"extra":1,"ei":0,"l0":"10, ","c0":"#066559","l1":"66","c1":"#4d4aba"},"geometry":{"type":"Point","coordinates":[24.750005,42.143028]}},{"type":"Feature","properties":{"lines":"10, 66","arr":["10","66"],"mode":"bus","angle":6.2,"extra":1,"ei":1,"l0":"10, ","c0":"#066559","l1":"66","c1":"#4d4aba"},"geometry":{"type":"Point","coordinates":[24.747489,42.143106]}},{"type":"Feature","properties":{"lines":"10, 66","arr":["10","66"],"mode":"bus","angle":-16.8,"mi":2,"l0":"10, ","c0":"#066559","l1":"66","c1":"#4d4aba"},"geometry":{"type":"Point","coordinates":[24.752929,42.144002]}},{"type":"Feature","properties":{"lines":"10, 66","arr":["10","66"],"mode":"bus","angle":-29.9,"extra":1,"ei":0,"l0":"10, ","c0":"#066559","l1":"66","c1":"#4d4aba"},"geometry":{"type":"Point","coordinates":[24.751165,42.143486]}},{"type":"Feature","properties":{"lines":"10, 66","arr":["10","66"],"mode":"bus","angle":-7.2,"l0":"10, ","c0":"#066559","l1":"66","c1":"#4d4aba"},"geometry":{"type":"Point","coordinates":[24.752133,42.145106]}},{"type":"Feature","properties":{"lines":"10, 66","arr":["10","66"],"mode":"bus","angle":-10.8,"mi":3,"l0":"10, ","c0":"#066559","l1":"66","c1":"#4d4aba"},"geometry":{"type":"Point","coordinates":[24.75319,42.145306]}},{"type":"Feature","properties":{"lines":"10, 66","arr":["10","66"],"mode":"bus","angle":14.6,"mi":5,"l0":"10, ","c0":"#066559","l1":"66","c1":"#4d4aba"},"geometry":{"type":"Point","coordinates":[24.754141,42.145348]}},{"type":"Feature","properties":{"lines":"10, 66","arr":["10","66"],"mode":"bus","angle":77.5,"side":-1,"mi":6,"l0":"10, ","c0":"#066559","l1":"66","c1":"#4d4aba"},"geometry":{"type":"Point","coordinates":[24.754436,42.145063]}},{"type":"Feature","properties":{"lines":"10, 36","arr":["10","36"],"mode":"bus","angle":-88.7,"l0":"10, ","c0":"#066559","l1":"36","c1":"#2d8c1b"},"geometry":{"type":"Point","coordinates":[24.76305,42.143858]}},{"type":"Feature","properties":{"lines":"10, 36","arr":["10","36"],"mode":"bus","angle":-89.7,"extra":1,"ei":0,"l0":"10, ","c0":"#066559","l1":"36","c1":"#2d8c1b"},"geometry":{"type":"Point","coordinates":[24.763081,42.145904]}},{"type":"Feature","properties":{"lines":"10, 36","arr":["10","36"],"mode":"bus","angle":-88.9,"extra":1,"ei":1,"l0":"10, ","c0":"#066559","l1":"36","c1":"#2d8c1b"},"geometry":{"type":"Point","coordinates":[24.763008,42.142127]}},{"type":"Feature","properties":{"lines":"10, 17, 99","arr":["10","17","99"],"mode":"bus","angle":54.7,"l0":"10, ","c0":"#066559","l1":"17, ","c1":"#b0045c","l2":"99","c2":"#c17aef"},"geometry":{"type":"Point","coordinates":[24.765525,42.133183]}},{"type":"Feature","properties":{"lines":"10, 17, 99","arr":["10","17","99"],"mode":"bus","angle":63.5,"side":-1,"extra":1,"ei":0,"l0":"10, ","c0":"#066559","l1":"17, ","c1":"#b0045c","l2":"99","c2":"#c17aef"},"geometry":{"type":"Point","coordinates":[24.764116,42.134601]}},{"type":"Feature","properties":{"lines":"10, 17, 99","arr":["10","17","99"],"mode":"bus","angle":59.2,"side":-1,"extra":1,"ei":1,"l0":"10, ","c0":"#066559","l1":"17, ","c1":"#b0045c","l2":"99","c2":"#c17aef"},"geometry":{"type":"Point","coordinates":[24.766905,42.131446]}},{"type":"Feature","properties":{"lines":"10, 99","arr":["10","99"],"mode":"bus","angle":-36.8,"mi":1,"l0":"10, ","c0":"#066559","l1":"99","c1":"#c17aef"},"geometry":{"type":"Point","coordinates":[24.774148,42.12961]}},{"type":"Feature","properties":{"lines":"10, 99","arr":["10","99"],"mode":"bus","angle":-27.8,"side":-1,"extra":1,"ei":0,"l0":"10, ","c0":"#066559","l1":"99","c1":"#c17aef"},"geometry":{"type":"Point","coordinates":[24.775643,42.130083]}},{"type":"Feature","properties":{"lines":"10, 99","arr":["10","99"],"mode":"bus","angle":-36.8,"extra":1,"ei":0,"l0":"10, ","c0":"#066559","l1":"99","c1":"#c17aef"},"geometry":{"type":"Point","coordinates":[24.772877,42.128904]}},{"type":"Feature","properties":{"lines":"10, 99","arr":["10","99"],"mode":"bus","angle":0.5,"mi":2,"l0":"10, ","c0":"#066559","l1":"99","c1":"#c17aef"},"geometry":{"type":"Point","coordinates":[24.777317,42.133698]}},{"type":"Feature","properties":{"lines":"10, 99","arr":["10","99"],"mode":"bus","angle":79.7,"mi":3,"l0":"10, ","c0":"#066559","l1":"99","c1":"#c17aef"},"geometry":{"type":"Point","coordinates":[24.780565,42.129994]}},{"type":"Feature","properties":{"lines":"10, 99","arr":["10","99"],"mode":"bus","angle":78.3,"extra":1,"ei":0,"l0":"10, ","c0":"#066559","l1":"99","c1":"#c17aef"},"geometry":{"type":"Point","coordinates":[24.780899,42.128611]}},{"type":"Feature","properties":{"lines":"10, 17, 21, 66","arr":["10","17","21","66"],"mode":"bus","angle":-37.7,"mi":3,"l0":"10, ","c0":"#066559","l1":"17, ","c1":"#b0045c","l2":"21, ","c2":"#999f01","l3":"66","c3":"#4d4aba"},"geometry":{"type":"Point","coordinates":[24.799698,42.144983]}},{"type":"Feature","properties":{"lines":"10, 17, 21, 66","arr":["10","17","21","66"],"mode":"bus","angle":49.6,"l0":"10, ","c0":"#066559","l1":"17, ","c1":"#b0045c","l2":"21, ","c2":"#999f01","l3":"66","c3":"#4d4aba"},"geometry":{"type":"Point","coordinates":[24.801948,42.144607]}},{"type":"Feature","properties":{"lines":"10, 17, 21, 66","arr":["10","17","21","66"],"mode":"bus","angle":-77.4,"mi":1,"l0":"10, ","c0":"#066559","l1":"17, ","c1":"#b0045c","l2":"21, ","c2":"#999f01","l3":"66","c3":"#4d4aba"},"geometry":{"type":"Point","coordinates":[24.803508,42.142289]}},{"type":"Feature","properties":{"lines":"10, 17, 21, 66","arr":["10","17","21","66"],"mode":"bus","angle":-77.5,"extra":1,"ei":0,"l0":"10, ","c0":"#066559","l1":"17, ","c1":"#b0045c","l2":"21, ","c2":"#999f01","l3":"66","c3":"#4d4aba"},"geometry":{"type":"Point","coordinates":[24.803094,42.140913]}},{"type":"Feature","properties":{"lines":"10, 99","arr":["10","99"],"mode":"bus","angle":71.4,"side":-1,"l0":"10, ","c0":"#066559","l1":"99","c1":"#c17aef"},"geometry":{"type":"Point","coordinates":[24.77569,42.131238]}},{"type":"Feature","properties":{"lines":"10, 66","arr":["10","66"],"mode":"bus","angle":-6.4,"mi":7,"l0":"10, ","c0":"#066559","l1":"66","c1":"#4d4aba"},"geometry":{"type":"Point","coordinates":[24.73427,42.141802]}},{"type":"Feature","properties":{"lines":"10, 15","arr":["10","15"],"mode":"bus","angle":-73.2,"mi":2,"l0":"10, ","c0":"#066559","l1":"15","c1":"#119efc"},"geometry":{"type":"Point","coordinates":[24.72017,42.138006]}},{"type":"Feature","properties":{"lines":"11, 116","arr":["11","116"],"mode":"bus","angle":84.3,"mi":1,"l0":"11, ","c0":"#4d4aba","l1":"116","c1":"#11a2e3"},"geometry":{"type":"Point","coordinates":[24.761063,42.103348]}},{"type":"Feature","properties":{"lines":"11, 116","arr":["11","116"],"mode":"bus","angle":76,"l0":"11, ","c0":"#4d4aba","l1":"116","c1":"#11a2e3"},"geometry":{"type":"Point","coordinates":[24.761402,42.105563]}},{"type":"Feature","properties":{"lines":"11, 116","arr":["11","116"],"mode":"bus","angle":84.7,"side":-1,"mi":2,"l0":"11, ","c0":"#4d4aba","l1":"116","c1":"#11a2e3"},"geometry":{"type":"Point","coordinates":[24.759569,42.110986]}},{"type":"Feature","properties":{"lines":"11, 116","arr":["11","116"],"mode":"bus","angle":83.6,"extra":1,"ei":0,"l0":"11, ","c0":"#4d4aba","l1":"116","c1":"#11a2e3"},"geometry":{"type":"Point","coordinates":[24.760199,42.107204]}},{"type":"Feature","properties":{"lines":"11, 116","arr":["11","116"],"mode":"bus","angle":84.4,"extra":1,"ei":1,"l0":"11, ","c0":"#4d4aba","l1":"116","c1":"#11a2e3"},"geometry":{"type":"Point","coordinates":[24.759943,42.109083]}},{"type":"Feature","properties":{"lines":"11, 116","arr":["11","116"],"mode":"bus","angle":84.8,"extra":1,"ei":2,"l0":"11, ","c0":"#4d4aba","l1":"116","c1":"#11a2e3"},"geometry":{"type":"Point","coordinates":[24.759481,42.112845]}},{"type":"Feature","properties":{"lines":"11, 116","arr":["11","116"],"mode":"bus","angle":85.4,"extra":1,"ei":3,"l0":"11, ","c0":"#4d4aba","l1":"116","c1":"#11a2e3"},"geometry":{"type":"Point","coordinates":[24.759231,42.114724]}},{"type":"Feature","properties":{"lines":"11, 116","arr":["11","116"],"mode":"bus","angle":85.6,"extra":1,"ei":4,"l0":"11, ","c0":"#4d4aba","l1":"116","c1":"#11a2e3"},"geometry":{"type":"Point","coordinates":[24.759036,42.116607]}},{"type":"Feature","properties":{"lines":"11, 116","arr":["11","116"],"mode":"bus","angle":85.8,"extra":1,"ei":5,"l0":"11, ","c0":"#4d4aba","l1":"116","c1":"#11a2e3"},"geometry":{"type":"Point","coordinates":[24.75885,42.118491]}},{"type":"Feature","properties":{"lines":"11, 116","arr":["11","116"],"mode":"bus","angle":85.5,"side":-1,"extra":1,"ei":0,"l0":"11, ","c0":"#4d4aba","l1":"116","c1":"#11a2e3"},"geometry":{"type":"Point","coordinates":[24.760392,42.104794]}},{"type":"Feature","properties":{"lines":"11, 17, 24, 37, 116","arr":["11","17","24","37","116"],"mode":"bus","angle":-5.4,"l0":"11, ","c0":"#4d4aba","l1":"17, ","c1":"#b0045c","l2":"24, ","c2":"#7c5001","l3":"37, ","c3":"#b59607","l4":"116","c4":"#11a2e3"},"geometry":{"type":"Point","coordinates":[24.757124,42.118928]}},{"type":"Feature","properties":{"lines":"11","arr":["11"],"mode":"bus","angle":-3.2,"mi":4,"l0":"11","c0":"#4d4aba"},"geometry":{"type":"Point","coordinates":[24.751687,42.118911]}},{"type":"Feature","properties":{"lines":"11","arr":["11"],"mode":"bus","angle":-5.2,"extra":1,"ei":0,"l0":"11","c0":"#4d4aba"},"geometry":{"type":"Point","coordinates":[24.754605,42.119086]}},{"type":"Feature","properties":{"lines":"11","arr":["11"],"mode":"bus","angle":-4,"extra":1,"ei":1,"l0":"11","c0":"#4d4aba"},"geometry":{"type":"Point","coordinates":[24.749523,42.118823]}},{"type":"Feature","properties":{"lines":"11","arr":["11"],"mode":"bus","angle":-88,"mi":1,"l0":"11","c0":"#4d4aba"},"geometry":{"type":"Point","coordinates":[24.747595,42.12081]}},{"type":"Feature","properties":{"lines":"11","arr":["11"],"mode":"bus","angle":-86.2,"mi":2,"l0":"11","c0":"#4d4aba"},"geometry":{"type":"Point","coordinates":[24.748111,42.128213]}},{"type":"Feature","properties":{"lines":"11, 17, 24, 36, 116","arr":["11","17","24","36","116"],"mode":"bus","angle":6,"side":-1,"l0":"11, ","c0":"#4d4aba","l1":"17, ","c1":"#b0045c","l2":"24, ","c2":"#7c5001","l3":"36, ","c3":"#2d8c1b","l4":"116","c4":"#11a2e3"},"geometry":{"type":"Point","coordinates":[24.750011,42.122449]}},{"type":"Feature","properties":{"lines":"11, 36","arr":["11","36"],"mode":"bus","angle":88.2,"l0":"11, ","c0":"#4d4aba","l1":"36","c1":"#2d8c1b"},"geometry":{"type":"Point","coordinates":[24.752289,42.124166]}},{"type":"Feature","properties":{"lines":"11, 36","arr":["11","36"],"mode":"bus","angle":89.7,"extra":1,"ei":0,"l0":"11, ","c0":"#4d4aba","l1":"36","c1":"#2d8c1b"},"geometry":{"type":"Point","coordinates":[24.752218,42.125465]}},{"type":"Feature","properties":{"lines":"11","arr":["11"],"mode":"bus","angle":89.9,"l0":"11","c0":"#4d4aba"},"geometry":{"type":"Point","coordinates":[24.752217,42.125904]}},{"type":"Feature","properties":{"lines":"11, 36, 37","arr":["11","36","37"],"mode":"bus","angle":3.4,"l0":"11, ","c0":"#4d4aba","l1":"36, ","c1":"#2d8c1b","l2":"37","c2":"#b59607"},"geometry":{"type":"Point","coordinates":[24.749356,42.126239]}},{"type":"Feature","properties":{"lines":"11, 36, 37","arr":["11","36","37"],"mode":"bus","angle":3.4,"extra":1,"ei":0,"l0":"11, ","c0":"#4d4aba","l1":"36, ","c1":"#2d8c1b","l2":"37","c2":"#b59607"},"geometry":{"type":"Point","coordinates":[24.750945,42.126168]}},{"type":"Feature","properties":{"lines":"11, 37","arr":["11","37"],"mode":"bus","angle":4.3,"l0":"11, ","c0":"#4d4aba","l1":"37","c1":"#b59607"},"geometry":{"type":"Point","coordinates":[24.746247,42.130223]}},{"type":"Feature","properties":{"lines":"11, 37","arr":["11","37"],"mode":"bus","angle":5.3,"extra":1,"ei":0,"l0":"11, ","c0":"#4d4aba","l1":"37","c1":"#b59607"},"geometry":{"type":"Point","coordinates":[24.744501,42.130326]}},{"type":"Feature","properties":{"lines":"11, 12, 16, 18, 20, 21","arr":["11","12","16","18","20","21"],"mode":"bus","angle":62.9,"side":-1,"mi":3,"l0":"11, ","c0":"#4d4aba","l1":"12, ","c1":"#f57145","l2":"16, ","c2":"#f661b9","l3":"18, ","c3":"#02af5a","l4":"20, ","c4":"#126804","l5":"21","c5":"#999f01"},"geometry":{"type":"Point","coordinates":[24.739604,42.15099]}},{"type":"Feature","properties":{"lines":"11, 12, 16, 18, 20, 21","arr":["11","12","16","18","20","21"],"mode":"bus","angle":89.8,"side":-1,"l0":"11, ","c0":"#4d4aba","l1":"12, ","c1":"#f57145","l2":"16, ","c2":"#f661b9","l3":"18, ","c3":"#02af5a","l4":"20, ","c4":"#126804","l5":"21","c5":"#999f01"},"geometry":{"type":"Point","coordinates":[24.738533,42.155821]}},{"type":"Feature","properties":{"lines":"11, 12, 16, 18, 20, 21","arr":["11","12","16","18","20","21"],"mode":"bus","angle":89.6,"extra":1,"ei":0,"l0":"11, ","c0":"#4d4aba","l1":"12, ","c1":"#f57145","l2":"16, ","c2":"#f661b9","l3":"18, ","c3":"#02af5a","l4":"20, ","c4":"#126804","l5":"21","c5":"#999f01"},"geometry":{"type":"Point","coordinates":[24.738696,42.153528]}},{"type":"Feature","properties":{"lines":"11, 12, 16, 18, 20, 21","arr":["11","12","16","18","20","21"],"mode":"bus","angle":82.6,"extra":1,"ei":0,"l0":"11, ","c0":"#4d4aba","l1":"12, ","c1":"#f57145","l2":"16, ","c2":"#f661b9","l3":"18, ","c3":"#02af5a","l4":"20, ","c4":"#126804","l5":"21","c5":"#999f01"},"geometry":{"type":"Point","coordinates":[24.738047,42.15883]}},{"type":"Feature","properties":{"lines":"11, 12, 16, 18, 20, 21","arr":["11","12","16","18","20","21"],"mode":"bus","angle":-37.8,"mi":1,"l0":"11, ","c0":"#4d4aba","l1":"12, ","c1":"#f57145","l2":"16, ","c2":"#f661b9","l3":"18, ","c3":"#02af5a","l4":"20, ","c4":"#126804","l5":"21","c5":"#999f01"},"geometry":{"type":"Point","coordinates":[24.73922,42.156096]}},{"type":"Feature","properties":{"lines":"11, 12, 16, 18, 20, 21","arr":["11","12","16","18","20","21"],"mode":"bus","angle":-39.3,"mi":2,"l0":"11, ","c0":"#4d4aba","l1":"12, ","c1":"#f57145","l2":"16, ","c2":"#f661b9","l3":"18, ","c3":"#02af5a","l4":"20, ","c4":"#126804","l5":"21","c5":"#999f01"},"geometry":{"type":"Point","coordinates":[24.739241,42.156537]}},{"type":"Feature","properties":{"lines":"11, 44, 113, 222","arr":["11","44","113","222"],"mode":"bus","angle":75.8,"mi":2,"l0":"11, ","c0":"#4d4aba","l1":"44, ","c1":"#05617d","l2":"113, ","c2":"#999f01","l3":"222","c3":"#1cab97"},"geometry":{"type":"Point","coordinates":[24.72425,42.157647]}},{"type":"Feature","properties":{"lines":"11, 44, 113, 222","arr":["11","44","113","222"],"mode":"bus","angle":-12.6,"l0":"11, ","c0":"#4d4aba","l1":"44, ","c1":"#05617d","l2":"113, ","c2":"#999f01","l3":"222","c3":"#1cab97"},"geometry":{"type":"Point","coordinates":[24.726627,42.158393]}},{"type":"Feature","properties":{"lines":"11, 113","arr":["11","113"],"mode":"bus","angle":-41.1,"l0":"11, ","c0":"#4d4aba","l1":"113","c1":"#999f01"},"geometry":{"type":"Point","coordinates":[24.721735,42.16072]}},{"type":"Feature","properties":{"lines":"11, 113","arr":["11","113"],"mode":"bus","angle":-41.3,"extra":1,"ei":0,"l0":"11, ","c0":"#4d4aba","l1":"113","c1":"#999f01"},"geometry":{"type":"Point","coordinates":[24.725485,42.163135]}},{"type":"Feature","properties":{"lines":"11, 113","arr":["11","113"],"mode":"bus","angle":-40.8,"extra":1,"ei":1,"l0":"11, ","c0":"#4d4aba","l1":"113","c1":"#999f01"},"geometry":{"type":"Point","coordinates":[24.723564,42.161894]}},{"type":"Feature","properties":{"lines":"11, 113","arr":["11","113"],"mode":"bus","angle":84.3,"extra":1,"ei":2,"l0":"11, ","c0":"#4d4aba","l1":"113","c1":"#999f01"},"geometry":{"type":"Point","coordinates":[24.720222,42.159207]}},{"type":"Feature","properties":{"lines":"11, 113","arr":["11","113"],"mode":"bus","angle":79.7,"extra":1,"ei":3,"l0":"11, ","c0":"#4d4aba","l1":"113","c1":"#999f01"},"geometry":{"type":"Point","coordinates":[24.720618,42.157342]}},{"type":"Feature","properties":{"lines":"11, 93, 113","arr":["11","93","113"],"mode":"bus","angle":48.5,"side":-1,"mi":1,"l0":"11, ","c0":"#4d4aba","l1":"93, ","c1":"#f57145","l2":"113","c2":"#999f01"},"geometry":{"type":"Point","coordinates":[24.722232,42.167228]}},{"type":"Feature","properties":{"lines":"11, 93, 113","arr":["11","93","113"],"mode":"bus","angle":44.5,"l0":"11, ","c0":"#4d4aba","l1":"93, ","c1":"#f57145","l2":"113","c2":"#999f01"},"geometry":{"type":"Point","coordinates":[24.725786,42.164422]}},{"type":"Feature","properties":{"lines":"11, 93, 113","arr":["11","93","113"],"mode":"bus","angle":49.8,"extra":1,"ei":0,"l0":"11, ","c0":"#4d4aba","l1":"93, ","c1":"#f57145","l2":"113","c2":"#999f01"},"geometry":{"type":"Point","coordinates":[24.723833,42.165987]}},{"type":"Feature","properties":{"lines":"11, 93, 113","arr":["11","93","113"],"mode":"bus","angle":48.7,"extra":1,"ei":1,"l0":"11, ","c0":"#4d4aba","l1":"93, ","c1":"#f57145","l2":"113","c2":"#999f01"},"geometry":{"type":"Point","coordinates":[24.720521,42.168857]}},{"type":"Feature","properties":{"lines":"11, 93","arr":["11","93"],"mode":"bus","angle":43.8,"side":-1,"l0":"11, ","c0":"#4d4aba","l1":"93","c1":"#f57145"},"geometry":{"type":"Point","coordinates":[24.725618,42.16435]}},{"type":"Feature","properties":{"lines":"11, 20, 37, 44, 93, 99","arr":["11","20","37","44","93","99"],"mode":"bus","angle":39.4,"side":-1,"l0":"11, ","c0":"#4d4aba","l1":"20, ","c1":"#126804","l2":"37, ","c2":"#b59607","l3":"44, ","c3":"#05617d","l4":"93, ","c4":"#f57145","l5":"99","c5":"#c17aef"},"geometry":{"type":"Point","coordinates":[24.75001,42.151446]}},{"type":"Feature","properties":{"lines":"11","arr":["11"],"mode":"bus","angle":-88.1,"mi":3,"l0":"11","c0":"#4d4aba"},"geometry":{"type":"Point","coordinates":[24.746673,42.128278]}},{"type":"Feature","properties":{"lines":"11, 17, 24, 116","arr":["11","17","24","116"],"mode":"bus","angle":-3.8,"side":-1,"l0":"11, ","c0":"#4d4aba","l1":"17, ","c1":"#b0045c","l2":"24, ","c2":"#7c5001","l3":"116","c3":"#11a2e3"},"geometry":{"type":"Point","coordinates":[24.757507,42.118842]}},{"type":"Feature","properties":{"lines":"12, 26, 29","arr":["12","26","29"],"mode":"bus","angle":-3.3,"side":-1,"l0":"12, ","c0":"#f57145","l1":"26, ","c1":"#e16cd6","l2":"29","c2":"#027ecb"},"geometry":{"type":"Point","coordinates":[24.717427,42.131755]}},{"type":"Feature","properties":{"lines":"12, 26, 29, 222","arr":["12","26","29","222"],"mode":"bus","angle":-5.1,"l0":"12, ","c0":"#f57145","l1":"26, ","c1":"#e16cd6","l2":"29, ","c2":"#027ecb","l3":"222","c3":"#1cab97"},"geometry":{"type":"Point","coordinates":[24.722425,42.132201]}},{"type":"Feature","properties":{"lines":"12, 26, 29, 222","arr":["12","26","29","222"],"mode":"bus","angle":-4,"side":-1,"extra":1,"ei":0,"l0":"12, ","c0":"#f57145","l1":"26, ","c1":"#e16cd6","l2":"29, ","c2":"#027ecb","l3":"222","c3":"#1cab97"},"geometry":{"type":"Point","coordinates":[24.719296,42.131846]}},{"type":"Feature","properties":{"lines":"12, 26, 29, 222","arr":["12","26","29","222"],"mode":"bus","angle":-5.7,"side":-1,"extra":1,"ei":1,"l0":"12, ","c0":"#f57145","l1":"26, ","c1":"#e16cd6","l2":"29, ","c2":"#027ecb","l3":"222","c3":"#1cab97"},"geometry":{"type":"Point","coordinates":[24.724374,42.132149]}},{"type":"Feature","properties":{"lines":"12, 26, 29, 222","arr":["12","26","29","222"],"mode":"bus","angle":-19.9,"side":-1,"extra":1,"ei":2,"l0":"12, ","c0":"#f57145","l1":"26, ","c1":"#e16cd6","l2":"29, ","c2":"#027ecb","l3":"222","c3":"#1cab97"},"geometry":{"type":"Point","coordinates":[24.726825,42.132643]}},{"type":"Feature","properties":{"lines":"12, 16, 17, 24, 113, 116, 222","arr":["12","16","17","24","113","116","222"],"mode":"bus","angle":-76.3,"l0":"12, ","c0":"#f57145","l1":"16, ","c1":"#f661b9","l2":"17, ","c2":"#b0045c","l3":"24, ","c3":"#7c5001","l4":"113, ","c4":"#999f01","l5":"116, ","c5":"#11a2e3","l6":"222","c6":"#1cab97"},"geometry":{"type":"Point","coordinates":[24.741717,42.135419]}},{"type":"Feature","properties":{"lines":"12, 16, 17, 18, 24, 113, 116, 222","arr":["12","16","17","18","24","113","116","222"],"mode":"bus","angle":87.4,"l0":"12, ","c0":"#f57145","l1":"16, ","c1":"#f661b9","l2":"17, ","c2":"#b0045c","l3":"18, ","c3":"#02af5a","l4":"24, ","c4":"#7c5001","l5":"113, ","c5":"#999f01","l6":"116, ","c6":"#11a2e3","l7":"222","c7":"#1cab97"},"geometry":{"type":"Point","coordinates":[24.742514,42.135712]}},{"type":"Feature","properties":{"lines":"12, 16, 18, 116","arr":["12","16","18","116"],"mode":"bus","angle":85,"l0":"12, ","c0":"#f57145","l1":"16, ","c1":"#f661b9","l2":"18, ","c2":"#02af5a","l3":"116","c3":"#11a2e3"},"geometry":{"type":"Point","coordinates":[24.74195,42.139167]}},{"type":"Feature","properties":{"lines":"12, 16, 18, 116","arr":["12","16","18","116"],"mode":"bus","angle":85.1,"extra":1,"ei":0,"l0":"12, ","c0":"#f57145","l1":"16, ","c1":"#f661b9","l2":"18, ","c2":"#02af5a","l3":"116","c3":"#11a2e3"},"geometry":{"type":"Point","coordinates":[24.742172,42.137191]}},{"type":"Feature","properties":{"lines":"12, 16, 18, 116","arr":["12","16","18","116"],"mode":"bus","angle":84.5,"extra":1,"ei":1,"l0":"12, ","c0":"#f57145","l1":"16, ","c1":"#f661b9","l2":"18, ","c2":"#02af5a","l3":"116","c3":"#11a2e3"},"geometry":{"type":"Point","coordinates":[24.741731,42.140954]}},{"type":"Feature","properties":{"lines":"12, 21, 99","arr":["12","21","99"],"mode":"bus","angle":84.3,"mi":2,"l0":"12, ","c0":"#f57145","l1":"21, ","c1":"#999f01","l2":"99","c2":"#c17aef"},"geometry":{"type":"Point","coordinates":[24.73746,42.16238]}},{"type":"Feature","properties":{"lines":"12, 21, 99","arr":["12","21","99"],"mode":"bus","angle":83.1,"extra":1,"ei":0,"l0":"12, ","c0":"#f57145","l1":"21, ","c1":"#999f01","l2":"99","c2":"#c17aef"},"geometry":{"type":"Point","coordinates":[24.73783,42.160105]}},{"type":"Feature","properties":{"lines":"12, 21, 99","arr":["12","21","99"],"mode":"bus","angle":84.6,"extra":1,"ei":1,"l0":"12, ","c0":"#f57145","l1":"21, ","c1":"#999f01","l2":"99","c2":"#c17aef"},"geometry":{"type":"Point","coordinates":[24.737274,42.163859]}},{"type":"Feature","properties":{"lines":"12, 21, 99","arr":["12","21","99"],"mode":"bus","angle":-26.2,"l0":"12, ","c0":"#f57145","l1":"21, ","c1":"#999f01","l2":"99","c2":"#c17aef"},"geometry":{"type":"Point","coordinates":[24.739305,42.16655]}},{"type":"Feature","properties":{"lines":"12, 21, 99","arr":["12","21","99"],"mode":"bus","angle":-26.2,"extra":1,"ei":0,"l0":"12, ","c0":"#f57145","l1":"21, ","c1":"#999f01","l2":"99","c2":"#c17aef"},"geometry":{"type":"Point","coordinates":[24.741091,42.167202]}},{"type":"Feature","properties":{"lines":"12, 21, 99","arr":["12","21","99"],"mode":"bus","angle":-19.2,"extra":1,"ei":1,"l0":"12, ","c0":"#f57145","l1":"21, ","c1":"#999f01","l2":"99","c2":"#c17aef"},"geometry":{"type":"Point","coordinates":[24.736567,42.16548]}},{"type":"Feature","properties":{"lines":"12, 21, 99","arr":["12","21","99"],"mode":"bus","angle":-34.2,"mi":3,"l0":"12, ","c0":"#f57145","l1":"21, ","c1":"#999f01","l2":"99","c2":"#c17aef"},"geometry":{"type":"Point","coordinates":[24.743485,42.167966]}},{"type":"Feature","properties":{"lines":"12","arr":["12"],"mode":"bus","angle":17.8,"l0":"12","c0":"#f57145"},"geometry":{"type":"Point","coordinates":[24.747297,42.167874]}},{"type":"Feature","properties":{"lines":"12","arr":["12"],"mode":"bus","angle":15.2,"mi":1,"l0":"12","c0":"#f57145"},"geometry":{"type":"Point","coordinates":[24.750698,42.167069]}},{"type":"Feature","properties":{"lines":"12, 21, 99","arr":["12","21","99"],"mode":"bus","angle":81.7,"mi":1,"l0":"12, ","c0":"#f57145","l1":"21, ","c1":"#999f01","l2":"99","c2":"#c17aef"},"geometry":{"type":"Point","coordinates":[24.736736,42.164434]}},{"type":"Feature","properties":{"lines":"15, 17, 113, 222","arr":["15","17","113","222"],"mode":"bus","angle":67,"l0":"15, ","c0":"#119efc","l1":"17, ","c1":"#b0045c","l2":"113, ","c2":"#999f01","l3":"222","c3":"#1cab97"},"geometry":{"type":"Point","coordinates":[24.731483,42.145399]}},{"type":"Feature","properties":{"lines":"15, 17, 113, 222","arr":["15","17","113","222"],"mode":"bus","angle":67.9,"extra":1,"ei":0,"l0":"15, ","c0":"#119efc","l1":"17, ","c1":"#b0045c","l2":"113, ","c2":"#999f01","l3":"222","c3":"#1cab97"},"geometry":{"type":"Point","coordinates":[24.73214,42.1442]}},{"type":"Feature","properties":{"lines":"15, 22, 37, 44, 93, 99","arr":["15","22","37","44","93","99"],"mode":"bus","angle":-9.6,"side":-1,"l0":"15, ","c0":"#119efc","l1":"22, ","c1":"#6b5806","l2":"37, ","c2":"#b59607","l3":"44, ","c3":"#05617d","l4":"93, ","c4":"#f57145","l5":"99","c5":"#c17aef"},"geometry":{"type":"Point","coordinates":[24.735871,42.148513]}},{"type":"Feature","properties":{"lines":"15, 22, 37, 44, 93, 99","arr":["15","22","37","44","93","99"],"mode":"bus","angle":-10.8,"side":-1,"extra":1,"ei":0,"l0":"15, ","c0":"#119efc","l1":"22, ","c1":"#6b5806","l2":"37, ","c2":"#b59607","l3":"44, ","c3":"#05617d","l4":"93, ","c4":"#f57145","l5":"99","c5":"#c17aef"},"geometry":{"type":"Point","coordinates":[24.732404,42.148053]}},{"type":"Feature","properties":{"lines":"15, 22, 37, 44, 93, 99","arr":["15","22","37","44","93","99"],"mode":"bus","angle":-13.5,"side":-1,"extra":1,"ei":1,"l0":"15, ","c0":"#119efc","l1":"22, ","c1":"#6b5806","l2":"37, ","c2":"#b59607","l3":"44, ","c3":"#05617d","l4":"93, ","c4":"#f57145","l5":"99","c5":"#c17aef"},"geometry":{"type":"Point","coordinates":[24.739923,42.149066]}},{"type":"Feature","properties":{"lines":"15, 22, 37, 44, 93, 99","arr":["15","22","37","44","93","99"],"mode":"bus","angle":-10,"extra":1,"ei":0,"l0":"15, ","c0":"#119efc","l1":"22, ","c1":"#6b5806","l2":"37, ","c2":"#b59607","l3":"44, ","c3":"#05617d","l4":"93, ","c4":"#f57145","l5":"99","c5":"#c17aef"},"geometry":{"type":"Point","coordinates":[24.734287,42.1484]}},{"type":"Feature","properties":{"lines":"16, 36","arr":["16","36"],"mode":"bus","angle":-63.6,"l0":"16, ","c0":"#f661b9","l1":"36","c1":"#2d8c1b"},"geometry":{"type":"Point","coordinates":[24.732054,42.123996]}},{"type":"Feature","properties":{"lines":"16, 36","arr":["16","36"],"mode":"bus","angle":-62.8,"extra":1,"ei":0,"l0":"16, ","c0":"#f661b9","l1":"36","c1":"#2d8c1b"},"geometry":{"type":"Point","coordinates":[24.730984,42.122431]}},{"type":"Feature","properties":{"lines":"16, 36","arr":["16","36"],"mode":"bus","angle":-65.9,"extra":1,"ei":1,"l0":"16, ","c0":"#f661b9","l1":"36","c1":"#2d8c1b"},"geometry":{"type":"Point","coordinates":[24.733172,42.12584]}},{"type":"Feature","properties":{"lines":"16","arr":["16"],"mode":"bus","angle":0,"mi":5,"l0":"16","c0":"#f661b9"},"geometry":{"type":"Point","coordinates":[24.752067,42.163318]}},{"type":"Feature","properties":{"lines":"16","arr":["16"],"mode":"bus","angle":-7.1,"extra":1,"ei":0,"l0":"16","c0":"#f661b9"},"geometry":{"type":"Point","coordinates":[24.749128,42.163191]}},{"type":"Feature","properties":{"lines":"16","arr":["16"],"mode":"bus","angle":-0.3,"extra":1,"ei":1,"l0":"16","c0":"#f661b9"},"geometry":{"type":"Point","coordinates":[24.754214,42.163325]}},{"type":"Feature","properties":{"lines":"16","arr":["16"],"mode":"bus","angle":-88.1,"mi":1,"l0":"16","c0":"#f661b9"},"geometry":{"type":"Point","coordinates":[24.75628,42.163131]}},{"type":"Feature","properties":{"lines":"16","arr":["16"],"mode":"bus","angle":22.4,"l0":"16","c0":"#f661b9"},"geometry":{"type":"Point","coordinates":[24.758061,42.162552]}},{"type":"Feature","properties":{"lines":"16","arr":["16"],"mode":"bus","angle":-0.4,"mi":2,"l0":"16","c0":"#f661b9"},"geometry":{"type":"Point","coordinates":[24.759802,42.161526]}},{"type":"Feature","properties":{"lines":"16","arr":["16"],"mode":"bus","angle":-77.8,"mi":4,"l0":"16","c0":"#f661b9"},"geometry":{"type":"Point","coordinates":[24.759254,42.16069]}},{"type":"Feature","properties":{"lines":"17","arr":["17"],"mode":"bus","angle":-68.2,"l0":"17","c0":"#b0045c"},"geometry":{"type":"Point","coordinates":[24.702463,42.139223]}},{"type":"Feature","properties":{"lines":"17","arr":["17"],"mode":"bus","angle":-66.6,"extra":1,"ei":0,"l0":"17","c0":"#b0045c"},"geometry":{"type":"Point","coordinates":[24.690786,42.131713]}},{"type":"Feature","properties":{"lines":"17","arr":["17"],"mode":"bus","angle":-37.2,"extra":1,"ei":1,"l0":"17","c0":"#b0045c"},"geometry":{"type":"Point","coordinates":[24.692726,42.13291]}},{"type":"Feature","properties":{"lines":"17","arr":["17"],"mode":"bus","angle":-38.1,"extra":1,"ei":2,"l0":"17","c0":"#b0045c"},"geometry":{"type":"Point","coordinates":[24.69475,42.134057]}},{"type":"Feature","properties":{"lines":"17","arr":["17"],"mode":"bus","angle":-37.5,"extra":1,"ei":3,"l0":"17","c0":"#b0045c"},"geometry":{"type":"Point","coordinates":[24.696741,42.135234]}},{"type":"Feature","properties":{"lines":"17","arr":["17"],"mode":"bus","angle":-38.2,"extra":1,"ei":4,"l0":"17","c0":"#b0045c"},"geometry":{"type":"Point","coordinates":[24.698761,42.136385]}},{"type":"Feature","properties":{"lines":"17","arr":["17"],"mode":"bus","angle":-38.3,"extra":1,"ei":5,"l0":"17","c0":"#b0045c"},"geometry":{"type":"Point","coordinates":[24.70075,42.137565]}},{"type":"Feature","properties":{"lines":"17","arr":["17"],"mode":"bus","angle":-39.3,"extra":1,"ei":6,"l0":"17","c0":"#b0045c"},"geometry":{"type":"Point","coordinates":[24.703661,42.140543]}},{"type":"Feature","properties":{"lines":"17","arr":["17"],"mode":"bus","angle":-29.3,"extra":1,"ei":7,"l0":"17","c0":"#b0045c"},"geometry":{"type":"Point","coordinates":[24.7058,42.141556]}},{"type":"Feature","properties":{"lines":"17","arr":["17"],"mode":"bus","angle":-40.9,"extra":1,"ei":8,"l0":"17","c0":"#b0045c"},"geometry":{"type":"Point","coordinates":[24.707915,42.142598]}},{"type":"Feature","properties":{"lines":"17","arr":["17"],"mode":"bus","angle":-18.6,"extra":1,"ei":9,"l0":"17","c0":"#b0045c"},"geometry":{"type":"Point","coordinates":[24.709986,42.143667]}},{"type":"Feature","properties":{"lines":"17","arr":["17"],"mode":"bus","angle":-17.1,"extra":1,"ei":10,"l0":"17","c0":"#b0045c"},"geometry":{"type":"Point","coordinates":[24.712414,42.144239]}},{"type":"Feature","properties":{"lines":"17","arr":["17"],"mode":"bus","angle":-13.2,"extra":1,"ei":11,"l0":"17","c0":"#b0045c"},"geometry":{"type":"Point","coordinates":[24.714849,42.144791]}},{"type":"Feature","properties":{"lines":"17","arr":["17"],"mode":"bus","angle":37,"mi":2,"l0":"17","c0":"#b0045c"},"geometry":{"type":"Point","coordinates":[24.717957,42.14445]}},{"type":"Feature","properties":{"lines":"17","arr":["17"],"mode":"bus","angle":-2.1,"mi":1,"l0":"17","c0":"#b0045c"},"geometry":{"type":"Point","coordinates":[24.722636,42.144215]}},{"type":"Feature","properties":{"lines":"17","arr":["17"],"mode":"bus","angle":-3.2,"extra":1,"ei":0,"l0":"17","c0":"#b0045c"},"geometry":{"type":"Point","coordinates":[24.720249,42.144119]}},{"type":"Feature","properties":{"lines":"17","arr":["17"],"mode":"bus","angle":-2.7,"extra":1,"ei":1,"l0":"17","c0":"#b0045c"},"geometry":{"type":"Point","coordinates":[24.725337,42.144311]}},{"type":"Feature","properties":{"lines":"17","arr":["17"],"mode":"bus","angle":89.3,"l0":"17","c0":"#b0045c"},"geometry":{"type":"Point","coordinates":[24.721382,42.143558]}},{"type":"Feature","properties":{"lines":"17, 37","arr":["17","37"],"mode":"bus","angle":58.4,"mi":4,"l0":"17, ","c0":"#b0045c","l1":"37","c1":"#b59607"},"geometry":{"type":"Point","coordinates":[24.724475,42.148008]}},{"type":"Feature","properties":{"lines":"17, 37","arr":["17","37"],"mode":"bus","angle":84.1,"extra":1,"ei":0,"l0":"17, ","c0":"#b0045c","l1":"37","c1":"#b59607"},"geometry":{"type":"Point","coordinates":[24.726348,42.144075]}},{"type":"Feature","properties":{"lines":"17, 37","arr":["17","37"],"mode":"bus","angle":74.4,"extra":1,"ei":1,"l0":"17, ","c0":"#b0045c","l1":"37","c1":"#b59607"},"geometry":{"type":"Point","coordinates":[24.725721,42.145903]}},{"type":"Feature","properties":{"lines":"17, 37","arr":["17","37"],"mode":"bus","angle":62.4,"side":-1,"extra":1,"ei":2,"l0":"17, ","c0":"#b0045c","l1":"37","c1":"#b59607"},"geometry":{"type":"Point","coordinates":[24.72352,42.149282]}},{"type":"Feature","properties":{"lines":"17, 37","arr":["17","37"],"mode":"bus","angle":75.8,"extra":1,"ei":3,"l0":"17, ","c0":"#b0045c","l1":"37","c1":"#b59607"},"geometry":{"type":"Point","coordinates":[24.722628,42.151041]}},{"type":"Feature","properties":{"lines":"17, 37","arr":["17","37"],"mode":"bus","angle":0,"mi":1,"l0":"17, ","c0":"#b0045c","l1":"37","c1":"#b59607"},"geometry":{"type":"Point","coordinates":[24.728305,42.152708]}},{"type":"Feature","properties":{"lines":"17, 37","arr":["17","37"],"mode":"bus","angle":-1.3,"extra":1,"ei":0,"l0":"17, ","c0":"#b0045c","l1":"37","c1":"#b59607"},"geometry":{"type":"Point","coordinates":[24.723612,42.152696]}},{"type":"Feature","properties":{"lines":"17, 37","arr":["17","37"],"mode":"bus","angle":0,"extra":1,"ei":1,"l0":"17, ","c0":"#b0045c","l1":"37","c1":"#b59607"},"geometry":{"type":"Point","coordinates":[24.726159,42.152712]}},{"type":"Feature","properties":{"lines":"17, 37","arr":["17","37"],"mode":"bus","angle":0,"extra":1,"ei":2,"l0":"17, ","c0":"#b0045c","l1":"37","c1":"#b59607"},"geometry":{"type":"Point","coordinates":[24.731249,42.152742]}},{"type":"Feature","properties":{"lines":"17, 37","arr":["17","37"],"mode":"bus","angle":2.5,"extra":1,"ei":3,"l0":"17, ","c0":"#b0045c","l1":"37","c1":"#b59607"},"geometry":{"type":"Point","coordinates":[24.733787,42.152673]}},{"type":"Feature","properties":{"lines":"17, 37","arr":["17","37"],"mode":"bus","angle":6.7,"l0":"17, ","c0":"#b0045c","l1":"37","c1":"#b59607"},"geometry":{"type":"Point","coordinates":[24.729994,42.152254]}},{"type":"Feature","properties":{"lines":"17, 37, 44, 93, 99, 113, 222","arr":["17","37","44","93","99","113","222"],"mode":"bus","angle":-89.8,"l0":"17, ","c0":"#b0045c","l1":"37, ","c1":"#b59607","l2":"44, ","c2":"#05617d","l3":"93, ","c3":"#f57145","l4":"99, ","c4":"#c17aef","l5":"113, ","c5":"#999f01","l6":"222","c6":"#1cab97"},"geometry":{"type":"Point","coordinates":[24.731022,42.150019]}},{"type":"Feature","properties":{"lines":"17, 24, 113, 222","arr":["17","24","113","222"],"mode":"bus","angle":36.5,"side":-1,"l0":"17, ","c0":"#b0045c","l1":"24, ","c1":"#7c5001","l2":"113, ","c2":"#999f01","l3":"222","c3":"#1cab97"},"geometry":{"type":"Point","coordinates":[24.736038,42.140204]}},{"type":"Feature","properties":{"lines":"17, 24, 113, 222","arr":["17","24","113","222"],"mode":"bus","angle":46.7,"mi":1,"l0":"17, ","c0":"#b0045c","l1":"24, ","c1":"#7c5001","l2":"113, ","c2":"#999f01","l3":"222","c3":"#1cab97"},"geometry":{"type":"Point","coordinates":[24.740372,42.137481]}},{"type":"Feature","properties":{"lines":"17, 24, 113, 222","arr":["17","24","113","222"],"mode":"bus","angle":35.5,"side":-1,"extra":1,"ei":0,"l0":"17, ","c0":"#b0045c","l1":"24, ","c1":"#7c5001","l2":"113, ","c2":"#999f01","l3":"222","c3":"#1cab97"},"geometry":{"type":"Point","coordinates":[24.734624,42.140969]}},{"type":"Feature","properties":{"lines":"17, 24, 36, 116","arr":["17","24","36","116"],"mode":"bus","angle":12.7,"side":-1,"l0":"17, ","c0":"#b0045c","l1":"24, ","c1":"#7c5001","l2":"36, ","c2":"#2d8c1b","l3":"116","c3":"#11a2e3"},"geometry":{"type":"Point","coordinates":[24.744197,42.123351]}},{"type":"Feature","properties":{"lines":"17, 24, 36, 116","arr":["17","24","36","116"],"mode":"bus","angle":-8,"side":-1,"mi":1,"l0":"17, ","c0":"#b0045c","l1":"24, ","c1":"#7c5001","l2":"36, ","c2":"#2d8c1b","l3":"116","c3":"#11a2e3"},"geometry":{"type":"Point","coordinates":[24.753776,42.122644]}},{"type":"Feature","properties":{"lines":"17, 24, 36, 116","arr":["17","24","36","116"],"mode":"bus","angle":13.5,"side":-1,"extra":1,"ei":0,"l0":"17, ","c0":"#b0045c","l1":"24, ","c1":"#7c5001","l2":"36, ","c2":"#2d8c1b","l3":"116","c3":"#11a2e3"},"geometry":{"type":"Point","coordinates":[24.741957,42.12374]}},{"type":"Feature","properties":{"lines":"17, 24, 36, 116","arr":["17","24","36","116"],"mode":"bus","angle":12.1,"side":-1,"extra":1,"ei":1,"l0":"17, ","c0":"#b0045c","l1":"24, ","c1":"#7c5001","l2":"36, ","c2":"#2d8c1b","l3":"116","c3":"#11a2e3"},"geometry":{"type":"Point","coordinates":[24.746924,42.122898]}},{"type":"Feature","properties":{"lines":"17, 24, 37, 116","arr":["17","24","37","116"],"mode":"bus","angle":83,"l0":"17, ","c0":"#b0045c","l1":"24, ","c1":"#7c5001","l2":"37, ","c2":"#b59607","l3":"116","c3":"#11a2e3"},"geometry":{"type":"Point","coordinates":[24.755566,42.120989]}},{"type":"Feature","properties":{"lines":"17, 24","arr":["17","24"],"mode":"bus","angle":83.7,"mi":2,"l0":"17, ","c0":"#b0045c","l1":"24","c1":"#7c5001"},"geometry":{"type":"Point","coordinates":[24.758027,42.124874]}},{"type":"Feature","properties":{"lines":"17, 24","arr":["17","24"],"mode":"bus","angle":84.8,"extra":1,"ei":0,"l0":"17, ","c0":"#b0045c","l1":"24","c1":"#7c5001"},"geometry":{"type":"Point","coordinates":[24.758674,42.119931]}},{"type":"Feature","properties":{"lines":"17, 24","arr":["17","24"],"mode":"bus","angle":84.6,"extra":1,"ei":1,"l0":"17, ","c0":"#b0045c","l1":"24","c1":"#7c5001"},"geometry":{"type":"Point","coordinates":[24.75844,42.121811]}},{"type":"Feature","properties":{"lines":"17, 24","arr":["17","24"],"mode":"bus","angle":83.7,"extra":1,"ei":2,"l0":"17, ","c0":"#b0045c","l1":"24","c1":"#7c5001"},"geometry":{"type":"Point","coordinates":[24.758207,42.123692]}},{"type":"Feature","properties":{"lines":"17, 24","arr":["17","24"],"mode":"bus","angle":75.1,"extra":1,"ei":3,"l0":"17, ","c0":"#b0045c","l1":"24","c1":"#7c5001"},"geometry":{"type":"Point","coordinates":[24.757333,42.127404]}},{"type":"Feature","properties":{"lines":"17, 24","arr":["17","24"],"mode":"bus","angle":56.1,"extra":1,"ei":4,"l0":"17, ","c0":"#b0045c","l1":"24","c1":"#7c5001"},"geometry":{"type":"Point","coordinates":[24.756185,42.12907]}},{"type":"Feature","properties":{"lines":"17, 24","arr":["17","24"],"mode":"bus","angle":-22.9,"mi":1,"l0":"17, ","c0":"#b0045c","l1":"24","c1":"#7c5001"},"geometry":{"type":"Point","coordinates":[24.759669,42.134442]}},{"type":"Feature","properties":{"lines":"17, 24","arr":["17","24"],"mode":"bus","angle":81.3,"l0":"17, ","c0":"#b0045c","l1":"24","c1":"#7c5001"},"geometry":{"type":"Point","coordinates":[24.755109,42.130704]}},{"type":"Feature","properties":{"lines":"17, 24","arr":["17","24"],"mode":"bus","angle":-21.5,"side":-1,"extra":1,"ei":0,"l0":"17, ","c0":"#b0045c","l1":"24","c1":"#7c5001"},"geometry":{"type":"Point","coordinates":[24.763121,42.135324]}},{"type":"Feature","properties":{"lines":"17, 24","arr":["17","24"],"mode":"bus","angle":-23.3,"extra":1,"ei":0,"l0":"17, ","c0":"#b0045c","l1":"24","c1":"#7c5001"},"geometry":{"type":"Point","coordinates":[24.757734,42.133828]}},{"type":"Feature","properties":{"lines":"17, 24, 37","arr":["17","24","37"],"mode":"bus","angle":-57.5,"side":-1,"l0":"17, ","c0":"#b0045c","l1":"24, ","c1":"#7c5001","l2":"37","c2":"#b59607"},"geometry":{"type":"Point","coordinates":[24.755642,42.132576]}},{"type":"Feature","properties":{"lines":"17, 24, 37","arr":["17","24","37"],"mode":"bus","angle":-29,"extra":1,"ei":0,"l0":"17, ","c0":"#b0045c","l1":"24, ","c1":"#7c5001","l2":"37","c2":"#b59607"},"geometry":{"type":"Point","coordinates":[24.756878,42.133447]}},{"type":"Feature","properties":{"lines":"17, 24, 37","arr":["17","24","37"],"mode":"bus","angle":75.4,"side":-1,"extra":1,"ei":0,"l0":"17, ","c0":"#b0045c","l1":"24, ","c1":"#7c5001","l2":"37","c2":"#b59607"},"geometry":{"type":"Point","coordinates":[24.755041,42.13037]}},{"type":"Feature","properties":{"lines":"17","arr":["17"],"mode":"bus","angle":62.5,"side":-1,"l0":"17","c0":"#b0045c"},"geometry":{"type":"Point","coordinates":[24.771618,42.124892]}},{"type":"Feature","properties":{"lines":"17","arr":["17"],"mode":"bus","angle":61.5,"side":-1,"extra":1,"ei":0,"l0":"17","c0":"#b0045c"},"geometry":{"type":"Point","coordinates":[24.77061,42.126308]}},{"type":"Feature","properties":{"lines":"17","arr":["17"],"mode":"bus","angle":61.9,"extra":1,"ei":1,"l0":"17","c0":"#b0045c"},"geometry":{"type":"Point","coordinates":[24.772997,42.122971]}},{"type":"Feature","properties":{"lines":"17, 24, 44","arr":["17","24","44"],"mode":"bus","angle":-28.8,"side":-1,"l0":"17, ","c0":"#b0045c","l1":"24, ","c1":"#7c5001","l2":"44","c2":"#05617d"},"geometry":{"type":"Point","coordinates":[24.774623,42.123099]}},{"type":"Feature","properties":{"lines":"17, 93","arr":["17","93"],"mode":"bus","angle":67.4,"l0":"17, ","c0":"#b0045c","l1":"93","c1":"#f57145"},"geometry":{"type":"Point","coordinates":[24.774864,42.125157]}},{"type":"Feature","properties":{"lines":"17, 93","arr":["17","93"],"mode":"bus","angle":67.4,"extra":1,"ei":0,"l0":"17, ","c0":"#b0045c","l1":"93","c1":"#f57145"},"geometry":{"type":"Point","coordinates":[24.77425,42.126252]}},{"type":"Feature","properties":{"lines":"24, 44","arr":["24","44"],"mode":"bus","angle":-21.6,"side":-1,"mi":6,"l0":"24, ","c0":"#7c5001","l1":"44","c1":"#05617d"},"geometry":{"type":"Point","coordinates":[24.779174,42.124527]}},{"type":"Feature","properties":{"lines":"24, 44","arr":["24","44"],"mode":"bus","angle":-29.3,"mi":4,"l0":"24, ","c0":"#7c5001","l1":"44","c1":"#05617d"},"geometry":{"type":"Point","coordinates":[24.773608,42.122801]}},{"type":"Feature","properties":{"lines":"24, 44","arr":["24","44"],"mode":"bus","angle":-21.3,"side":-1,"extra":1,"ei":0,"l0":"24, ","c0":"#7c5001","l1":"44","c1":"#05617d"},"geometry":{"type":"Point","coordinates":[24.776956,42.123886]}},{"type":"Feature","properties":{"lines":"24, 44","arr":["24","44"],"mode":"bus","angle":-22.6,"side":-1,"extra":1,"ei":1,"l0":"24, ","c0":"#7c5001","l1":"44","c1":"#05617d"},"geometry":{"type":"Point","coordinates":[24.781681,42.125299]}},{"type":"Feature","properties":{"lines":"17","arr":["17"],"mode":"bus","angle":59.8,"mi":1,"l0":"17","c0":"#b0045c"},"geometry":{"type":"Point","coordinates":[24.77313,42.123535]}},{"type":"Feature","properties":{"lines":"17, 24, 37","arr":["17","24","37"],"mode":"bus","angle":84.8,"side":-1,"l0":"17, ","c0":"#b0045c","l1":"24, ","c1":"#7c5001","l2":"37","c2":"#b59607"},"geometry":{"type":"Point","coordinates":[24.7582,42.122454]}},{"type":"Feature","properties":{"lines":"17, 24, 37","arr":["17","24","37"],"mode":"bus","angle":84.1,"side":-1,"extra":1,"ei":0,"l0":"17, ","c0":"#b0045c","l1":"24, ","c1":"#7c5001","l2":"37","c2":"#b59607"},"geometry":{"type":"Point","coordinates":[24.757873,42.124968]}},{"type":"Feature","properties":{"lines":"17, 24, 37","arr":["17","24","37"],"mode":"bus","angle":84.8,"side":-1,"extra":1,"ei":1,"l0":"17, ","c0":"#b0045c","l1":"24, ","c1":"#7c5001","l2":"37","c2":"#b59607"},"geometry":{"type":"Point","coordinates":[24.758352,42.121207]}},{"type":"Feature","properties":{"lines":"17, 24, 37","arr":["17","24","37"],"mode":"bus","angle":84.8,"side":-1,"extra":1,"ei":2,"l0":"17, ","c0":"#b0045c","l1":"24, ","c1":"#7c5001","l2":"37","c2":"#b59607"},"geometry":{"type":"Point","coordinates":[24.758582,42.119326]}},{"type":"Feature","properties":{"lines":"17, 24, 116","arr":["17","24","116"],"mode":"bus","angle":-6.9,"l0":"17, ","c0":"#b0045c","l1":"24, ","c1":"#7c5001","l2":"116","c2":"#11a2e3"},"geometry":{"type":"Point","coordinates":[24.753756,42.122759]}},{"type":"Feature","properties":{"lines":"17, 24, 27, 36, 116","arr":["17","24","27","36","116"],"mode":"bus","angle":23.8,"l0":"17, ","c0":"#b0045c","l1":"24, ","c1":"#7c5001","l2":"27, ","c2":"#f57145","l3":"36, ","c3":"#2d8c1b","l4":"116","c4":"#11a2e3"},"geometry":{"type":"Point","coordinates":[24.739894,42.124426]}},{"type":"Feature","properties":{"lines":"17, 37","arr":["17","37"],"mode":"bus","angle":-1.3,"mi":2,"l0":"17, ","c0":"#b0045c","l1":"37","c1":"#b59607"},"geometry":{"type":"Point","coordinates":[24.732662,42.151458]}},{"type":"Feature","properties":{"lines":"17, 37","arr":["17","37"],"mode":"bus","angle":88.3,"mi":3,"l0":"17, ","c0":"#b0045c","l1":"37","c1":"#b59607"},"geometry":{"type":"Point","coordinates":[24.734275,42.152232]}},{"type":"Feature","properties":{"lines":"17","arr":["17"],"mode":"bus","angle":3.1,"l0":"17","c0":"#b0045c"},"geometry":{"type":"Point","coordinates":[24.687853,42.126219]}},{"type":"Feature","properties":{"lines":"18","arr":["18"],"mode":"bus","angle":64.7,"l0":"18","c0":"#02af5a"},"geometry":{"type":"Point","coordinates":[24.787845,42.12275]}},{"type":"Feature","properties":{"lines":"18","arr":["18"],"mode":"bus","angle":-15.5,"mi":1,"l0":"18","c0":"#02af5a"},"geometry":{"type":"Point","coordinates":[24.786818,42.124691]}},{"type":"Feature","properties":{"lines":"18, 44, 99","arr":["18","44","99"],"mode":"bus","angle":84.9,"side":-1,"l0":"18, ","c0":"#02af5a","l1":"44, ","c1":"#05617d","l2":"99","c2":"#c17aef"},"geometry":{"type":"Point","coordinates":[24.785962,42.127968]}},{"type":"Feature","properties":{"lines":"18, 29, 36, 44, 99","arr":["18","29","36","44","99"],"mode":"bus","angle":1.7,"l0":"18, ","c0":"#02af5a","l1":"29, ","c1":"#027ecb","l2":"36, ","c2":"#2d8c1b","l3":"44, ","c3":"#05617d","l4":"99","c4":"#c17aef"},"geometry":{"type":"Point","coordinates":[24.758973,42.136206]}},{"type":"Feature","properties":{"lines":"18, 29, 36, 44, 99","arr":["18","29","36","44","99"],"mode":"bus","angle":48.6,"mi":1,"l0":"18, ","c0":"#02af5a","l1":"29, ","c1":"#027ecb","l2":"36, ","c2":"#2d8c1b","l3":"44, ","c3":"#05617d","l4":"99","c4":"#c17aef"},"geometry":{"type":"Point","coordinates":[24.754627,42.136268]}},{"type":"Feature","properties":{"lines":"18, 29, 36, 44, 99","arr":["18","29","36","44","99"],"mode":"bus","angle":-0.9,"extra":1,"ei":0,"l0":"18, ","c0":"#02af5a","l1":"29, ","c1":"#027ecb","l2":"36, ","c2":"#2d8c1b","l3":"44, ","c3":"#05617d","l4":"99","c4":"#c17aef"},"geometry":{"type":"Point","coordinates":[24.761999,42.136168]}},{"type":"Feature","properties":{"lines":"18, 29, 36, 44, 99","arr":["18","29","36","44","99"],"mode":"bus","angle":1.5,"extra":1,"ei":1,"l0":"18, ","c0":"#02af5a","l1":"29, ","c1":"#027ecb","l2":"36, ","c2":"#2d8c1b","l3":"44, ","c3":"#05617d","l4":"99","c4":"#c17aef"},"geometry":{"type":"Point","coordinates":[24.756906,42.136231]}},{"type":"Feature","properties":{"lines":"18, 29, 36, 44, 99","arr":["18","29","36","44","99"],"mode":"bus","angle":1.3,"extra":1,"ei":0,"l0":"18, ","c0":"#02af5a","l1":"29, ","c1":"#027ecb","l2":"36, ","c2":"#2d8c1b","l3":"44, ","c3":"#05617d","l4":"99","c4":"#c17aef"},"geometry":{"type":"Point","coordinates":[24.752833,42.136214]}},{"type":"Feature","properties":{"lines":"18, 29, 36","arr":["18","29","36"],"mode":"bus","angle":0.5,"side":-1,"l0":"18, ","c0":"#02af5a","l1":"29, ","c1":"#027ecb","l2":"36","c2":"#2d8c1b"},"geometry":{"type":"Point","coordinates":[24.752231,42.136316]}},{"type":"Feature","properties":{"lines":"18","arr":["18"],"mode":"bus","angle":-89.1,"mi":3,"l0":"18","c0":"#02af5a"},"geometry":{"type":"Point","coordinates":[24.697465,42.15451]}},{"type":"Feature","properties":{"lines":"18","arr":["18"],"mode":"bus","angle":88.2,"l0":"18","c0":"#02af5a"},"geometry":{"type":"Point","coordinates":[24.741857,42.135379]}},{"type":"Feature","properties":{"lines":"18","arr":["18"],"mode":"bus","angle":-12.9,"mi":1,"l0":"18","c0":"#02af5a"},"geometry":{"type":"Point","coordinates":[24.706915,42.155183]}},{"type":"Feature","properties":{"lines":"18","arr":["18"],"mode":"bus","angle":-12.5,"l0":"18","c0":"#02af5a"},"geometry":{"type":"Point","coordinates":[24.704882,42.154573]}},{"type":"Feature","properties":{"lines":"18","arr":["18"],"mode":"bus","angle":77.2,"mi":2,"l0":"18","c0":"#02af5a"},"geometry":{"type":"Point","coordinates":[24.712218,42.155762]}},{"type":"Feature","properties":{"lines":"18","arr":["18"],"mode":"bus","angle":-12.6,"extra":1,"ei":0,"l0":"18","c0":"#02af5a"},"geometry":{"type":"Point","coordinates":[24.698804,42.153546]}},{"type":"Feature","properties":{"lines":"18","arr":["18"],"mode":"bus","angle":-13,"extra":1,"ei":1,"l0":"18","c0":"#02af5a"},"geometry":{"type":"Point","coordinates":[24.701286,42.153971]}},{"type":"Feature","properties":{"lines":"18","arr":["18"],"mode":"bus","angle":-12.3,"extra":1,"ei":2,"l0":"18","c0":"#02af5a"},"geometry":{"type":"Point","coordinates":[24.708747,42.1552]}},{"type":"Feature","properties":{"lines":"20, 27, 113","arr":["20","27","113"],"mode":"bus","angle":-60.8,"side":-1,"l0":"20, ","c0":"#126804","l1":"27, ","c1":"#f57145","l2":"113","c2":"#999f01"},"geometry":{"type":"Point","coordinates":[24.721465,42.127303]}},{"type":"Feature","properties":{"lines":"21, 66","arr":["21","66"],"mode":"bus","angle":-12.3,"mi":2,"l0":"21, ","c0":"#999f01","l1":"66","c1":"#4d4aba"},"geometry":{"type":"Point","coordinates":[24.799664,42.146511]}},{"type":"Feature","properties":{"lines":"21","arr":["21"],"mode":"bus","angle":48.4,"l0":"21","c0":"#999f01"},"geometry":{"type":"Point","coordinates":[24.800956,42.146391]}},{"type":"Feature","properties":{"lines":"21, 22, 66","arr":["21","22","66"],"mode":"bus","angle":3.8,"mi":1,"l0":"21, ","c0":"#999f01","l1":"22, ","c1":"#6b5806","l2":"66","c2":"#4d4aba"},"geometry":{"type":"Point","coordinates":[24.795163,42.148141]}},{"type":"Feature","properties":{"lines":"21, 22, 66","arr":["21","22","66"],"mode":"bus","angle":5.8,"side":-1,"l0":"21, ","c0":"#999f01","l1":"22, ","c1":"#6b5806","l2":"66","c2":"#4d4aba"},"geometry":{"type":"Point","coordinates":[24.79507,42.14789]}},{"type":"Feature","properties":{"lines":"21, 22, 66","arr":["21","22","66"],"mode":"bus","angle":4.8,"side":-1,"mi":2,"l0":"21, ","c0":"#999f01","l1":"22, ","c1":"#6b5806","l2":"66","c2":"#4d4aba"},"geometry":{"type":"Point","coordinates":[24.792905,42.148078]}},{"type":"Feature","properties":{"lines":"21, 66","arr":["21","66"],"mode":"bus","angle":-46.3,"l0":"21, ","c0":"#999f01","l1":"66","c1":"#4d4aba"},"geometry":{"type":"Point","coordinates":[24.793245,42.149713]}},{"type":"Feature","properties":{"lines":"21, 66","arr":["21","66"],"mode":"bus","angle":3.5,"mi":1,"l0":"21, ","c0":"#999f01","l1":"66","c1":"#4d4aba"},"geometry":{"type":"Point","coordinates":[24.791585,42.1518]}},{"type":"Feature","properties":{"lines":"21, 25, 36, 66, 93","arr":["21","25","36","66","93"],"mode":"bus","angle":-14.3,"side":-1,"mi":4,"l0":"21, ","c0":"#999f01","l1":"25, ","c1":"#1cab97","l2":"36, ","c2":"#2d8c1b","l3":"66, ","c3":"#4d4aba","l4":"93","c4":"#f57145"},"geometry":{"type":"Point","coordinates":[24.770416,42.148132]}},{"type":"Feature","properties":{"lines":"21, 25, 36, 66, 93","arr":["21","25","36","66","93"],"mode":"bus","angle":-6.8,"extra":1,"ei":0,"l0":"21, ","c0":"#999f01","l1":"25, ","c1":"#1cab97","l2":"36, ","c2":"#2d8c1b","l3":"66, ","c3":"#4d4aba","l4":"93","c4":"#f57145"},"geometry":{"type":"Point","coordinates":[24.775916,42.14928]}},{"type":"Feature","properties":{"lines":"21, 25, 36, 66, 93","arr":["21","25","36","66","93"],"mode":"bus","angle":-14.2,"extra":1,"ei":1,"l0":"21, ","c0":"#999f01","l1":"25, ","c1":"#1cab97","l2":"36, ","c2":"#2d8c1b","l3":"66, ","c3":"#4d4aba","l4":"93","c4":"#f57145"},"geometry":{"type":"Point","coordinates":[24.773436,42.148852]}},{"type":"Feature","properties":{"lines":"21, 25, 36, 66, 93","arr":["21","25","36","66","93"],"mode":"bus","angle":-14,"extra":1,"ei":2,"l0":"21, ","c0":"#999f01","l1":"25, ","c1":"#1cab97","l2":"36, ","c2":"#2d8c1b","l3":"66, ","c3":"#4d4aba","l4":"93","c4":"#f57145"},"geometry":{"type":"Point","coordinates":[24.768495,42.147932]}},{"type":"Feature","properties":{"lines":"21, 25, 36, 66, 93","arr":["21","25","36","66","93"],"mode":"bus","angle":-14,"extra":1,"ei":3,"l0":"21, ","c0":"#999f01","l1":"25, ","c1":"#1cab97","l2":"36, ","c2":"#2d8c1b","l3":"66, ","c3":"#4d4aba","l4":"93","c4":"#f57145"},"geometry":{"type":"Point","coordinates":[24.766023,42.147476]}},{"type":"Feature","properties":{"lines":"21, 25, 36, 66, 93","arr":["21","25","36","66","93"],"mode":"bus","angle":-12.2,"extra":1,"ei":4,"l0":"21, ","c0":"#999f01","l1":"25, ","c1":"#1cab97","l2":"36, ","c2":"#2d8c1b","l3":"66, ","c3":"#4d4aba","l4":"93","c4":"#f57145"},"geometry":{"type":"Point","coordinates":[24.763536,42.147065]}},{"type":"Feature","properties":{"lines":"21, 25, 36, 66, 93","arr":["21","25","36","66","93"],"mode":"bus","angle":-14.2,"mi":6,"l0":"21, ","c0":"#999f01","l1":"25, ","c1":"#1cab97","l2":"36, ","c2":"#2d8c1b","l3":"66, ","c3":"#4d4aba","l4":"93","c4":"#f57145"},"geometry":{"type":"Point","coordinates":[24.767897,42.148836]}},{"type":"Feature","properties":{"lines":"21, 25, 36, 66, 93","arr":["21","25","36","66","93"],"mode":"bus","angle":-53.4,"extra":1,"ei":0,"l0":"21, ","c0":"#999f01","l1":"25, ","c1":"#1cab97","l2":"36, ","c2":"#2d8c1b","l3":"66, ","c3":"#4d4aba","l4":"93","c4":"#f57145"},"geometry":{"type":"Point","coordinates":[24.764993,42.148234]}},{"type":"Feature","properties":{"lines":"21, 25, 36, 66, 93","arr":["21","25","36","66","93"],"mode":"bus","angle":-31.2,"extra":1,"ei":1,"l0":"21, ","c0":"#999f01","l1":"25, ","c1":"#1cab97","l2":"36, ","c2":"#2d8c1b","l3":"66, ","c3":"#4d4aba","l4":"93","c4":"#f57145"},"geometry":{"type":"Point","coordinates":[24.769901,42.14921]}},{"type":"Feature","properties":{"lines":"21, 25, 36, 66, 93","arr":["21","25","36","66","93"],"mode":"bus","angle":76,"l0":"21, ","c0":"#999f01","l1":"25, ","c1":"#1cab97","l2":"36, ","c2":"#2d8c1b","l3":"66, ","c3":"#4d4aba","l4":"93","c4":"#f57145"},"geometry":{"type":"Point","coordinates":[24.769992,42.148818]}},{"type":"Feature","properties":{"lines":"21, 25, 36, 66, 93","arr":["21","25","36","66","93"],"mode":"bus","angle":-9.2,"mi":7,"l0":"21, ","c0":"#999f01","l1":"25, ","c1":"#1cab97","l2":"36, ","c2":"#2d8c1b","l3":"66, ","c3":"#4d4aba","l4":"93","c4":"#f57145"},"geometry":{"type":"Point","coordinates":[24.769605,42.150689]}},{"type":"Feature","properties":{"lines":"21, 25, 36, 66, 93","arr":["21","25","36","66","93"],"mode":"bus","angle":80.2,"mi":2,"l0":"21, ","c0":"#999f01","l1":"25, ","c1":"#1cab97","l2":"36, ","c2":"#2d8c1b","l3":"66, ","c3":"#4d4aba","l4":"93","c4":"#f57145"},"geometry":{"type":"Point","coordinates":[24.770578,42.149569]}},{"type":"Feature","properties":{"lines":"21, 25","arr":["21","25"],"mode":"bus","angle":-88.9,"l0":"21, ","c0":"#999f01","l1":"25","c1":"#1cab97"},"geometry":{"type":"Point","coordinates":[24.763139,42.149946]}},{"type":"Feature","properties":{"lines":"21, 25","arr":["21","25"],"mode":"bus","angle":88.1,"extra":1,"ei":0,"l0":"21, ","c0":"#999f01","l1":"25","c1":"#1cab97"},"geometry":{"type":"Point","coordinates":[24.763254,42.147963]}},{"type":"Feature","properties":{"lines":"21, 25","arr":["21","25"],"mode":"bus","angle":-89.2,"side":-1,"extra":1,"ei":1,"l0":"21, ","c0":"#999f01","l1":"25","c1":"#1cab97"},"geometry":{"type":"Point","coordinates":[24.763282,42.15174]}},{"type":"Feature","properties":{"lines":"21, 99","arr":["21","99"],"mode":"bus","angle":32.4,"l0":"21, ","c0":"#999f01","l1":"99","c1":"#c17aef"},"geometry":{"type":"Point","coordinates":[24.745538,42.167848]}},{"type":"Feature","properties":{"lines":"22","arr":["22"],"mode":"bus","angle":4.9,"side":-1,"mi":9,"l0":"22","c0":"#6b5806"},"geometry":{"type":"Point","coordinates":[24.789338,42.148162]}},{"type":"Feature","properties":{"lines":"22","arr":["22"],"mode":"bus","angle":-4.5,"side":-1,"extra":1,"ei":0,"l0":"22","c0":"#6b5806"},"geometry":{"type":"Point","coordinates":[24.787157,42.148299]}},{"type":"Feature","properties":{"lines":"22","arr":["22"],"mode":"bus","angle":-5.4,"extra":1,"ei":1,"l0":"22","c0":"#6b5806"},"geometry":{"type":"Point","coordinates":[24.792174,42.147828]}},{"type":"Feature","properties":{"lines":"22","arr":["22"],"mode":"bus","angle":-17.6,"mi":4,"l0":"22","c0":"#6b5806"},"geometry":{"type":"Point","coordinates":[24.804737,42.142235]}},{"type":"Feature","properties":{"lines":"22","arr":["22"],"mode":"bus","angle":81.5,"mi":6,"l0":"22","c0":"#6b5806"},"geometry":{"type":"Point","coordinates":[24.808542,42.148327]}},{"type":"Feature","properties":{"lines":"22","arr":["22"],"mode":"bus","angle":5.2,"mi":1,"l0":"22","c0":"#6b5806"},"geometry":{"type":"Point","coordinates":[24.800155,42.147843]}},{"type":"Feature","properties":{"lines":"22","arr":["22"],"mode":"bus","angle":4.7,"side":-1,"l0":"22","c0":"#6b5806"},"geometry":{"type":"Point","coordinates":[24.800183,42.147574]}},{"type":"Feature","properties":{"lines":"22","arr":["22"],"mode":"bus","angle":-57.3,"mi":5,"l0":"22","c0":"#6b5806"},"geometry":{"type":"Point","coordinates":[24.80811,42.146837]}},{"type":"Feature","properties":{"lines":"22","arr":["22"],"mode":"bus","angle":2.9,"extra":1,"ei":0,"l0":"22","c0":"#6b5806"},"geometry":{"type":"Point","coordinates":[24.806548,42.146614]}},{"type":"Feature","properties":{"lines":"22","arr":["22"],"mode":"bus","angle":57.9,"l0":"22","c0":"#6b5806"},"geometry":{"type":"Point","coordinates":[24.724403,42.148631]}},{"type":"Feature","properties":{"lines":"22","arr":["22"],"mode":"bus","angle":-89.3,"mi":1,"l0":"22","c0":"#6b5806"},"geometry":{"type":"Point","coordinates":[24.725817,42.14682]}},{"type":"Feature","properties":{"lines":"22","arr":["22"],"mode":"bus","angle":-9.2,"extra":1,"ei":0,"l0":"22","c0":"#6b5806"},"geometry":{"type":"Point","coordinates":[24.729755,42.147712]}},{"type":"Feature","properties":{"lines":"22","arr":["22"],"mode":"bus","angle":-20.6,"extra":1,"ei":1,"l0":"22","c0":"#6b5806"},"geometry":{"type":"Point","coordinates":[24.727346,42.147129]}},{"type":"Feature","properties":{"lines":"22","arr":["22"],"mode":"bus","angle":49.2,"mi":7,"l0":"22","c0":"#6b5806"},"geometry":{"type":"Point","coordinates":[24.806876,42.140302]}},{"type":"Feature","properties":{"lines":"22","arr":["22"],"mode":"bus","angle":51.4,"extra":1,"ei":0,"l0":"22","c0":"#6b5806"},"geometry":{"type":"Point","coordinates":[24.805518,42.141484]}},{"type":"Feature","properties":{"lines":"22","arr":["22"],"mode":"bus","angle":50.2,"extra":1,"ei":1,"l0":"22","c0":"#6b5806"},"geometry":{"type":"Point","coordinates":[24.808832,42.138616]}},{"type":"Feature","properties":{"lines":"22","arr":["22"],"mode":"bus","angle":-74.5,"mi":3,"l0":"22","c0":"#6b5806"},"geometry":{"type":"Point","coordinates":[24.805696,42.145707]}},{"type":"Feature","properties":{"lines":"22","arr":["22"],"mode":"bus","angle":-75.2,"side":-1,"extra":1,"ei":0,"l0":"22","c0":"#6b5806"},"geometry":{"type":"Point","coordinates":[24.805014,42.143562]}},{"type":"Feature","properties":{"lines":"22","arr":["22"],"mode":"bus","angle":-74.6,"extra":1,"ei":0,"l0":"22","c0":"#6b5806"},"geometry":{"type":"Point","coordinates":[24.806487,42.147877]}},{"type":"Feature","properties":{"lines":"22","arr":["22"],"mode":"bus","angle":4.7,"mi":8,"l0":"22","c0":"#6b5806"},"geometry":{"type":"Point","coordinates":[24.789426,42.148428]}},{"type":"Feature","properties":{"lines":"22","arr":["22"],"mode":"bus","angle":1.2,"mi":2,"l0":"22","c0":"#6b5806"},"geometry":{"type":"Point","coordinates":[24.804762,42.147483]}},{"type":"Feature","properties":{"lines":"22","arr":["22"],"mode":"bus","angle":5.8,"extra":1,"ei":0,"l0":"22","c0":"#6b5806"},"geometry":{"type":"Point","coordinates":[24.80296,42.147574]}},{"type":"Feature","properties":{"lines":"22","arr":["22"],"mode":"bus","angle":4.7,"extra":1,"ei":0,"l0":"22","c0":"#6b5806"},"geometry":{"type":"Point","coordinates":[24.791186,42.148321]}},{"type":"Feature","properties":{"lines":"22","arr":["22"],"mode":"bus","angle":-6.5,"side":-1,"extra":1,"ei":0,"l0":"22","c0":"#6b5806"},"geometry":{"type":"Point","coordinates":[24.80656,42.147455]}},{"type":"Feature","properties":{"lines":"24, 44","arr":["24","44"],"mode":"bus","angle":44.3,"mi":5,"l0":"24, ","c0":"#7c5001","l1":"44","c1":"#05617d"},"geometry":{"type":"Point","coordinates":[24.77837,42.117614]}},{"type":"Feature","properties":{"lines":"24, 44","arr":["24","44"],"mode":"bus","angle":73.8,"mi":1,"l0":"24, ","c0":"#7c5001","l1":"44","c1":"#05617d"},"geometry":{"type":"Point","coordinates":[24.775775,42.119565]}},{"type":"Feature","properties":{"lines":"24, 44","arr":["24","44"],"mode":"bus","angle":19.9,"l0":"24, ","c0":"#7c5001","l1":"44","c1":"#05617d"},"geometry":{"type":"Point","coordinates":[24.775357,42.120418]}},{"type":"Feature","properties":{"lines":"24, 44","arr":["24","44"],"mode":"bus","angle":63.8,"mi":3,"l0":"24, ","c0":"#7c5001","l1":"44","c1":"#05617d"},"geometry":{"type":"Point","coordinates":[24.774863,42.119169]}},{"type":"Feature","properties":{"lines":"24, 44","arr":["24","44"],"mode":"bus","angle":65.1,"side":-1,"mi":2,"l0":"24, ","c0":"#7c5001","l1":"44","c1":"#05617d"},"geometry":{"type":"Point","coordinates":[24.773925,42.121541]}},{"type":"Feature","properties":{"lines":"24, 93","arr":["24","93"],"mode":"bus","angle":67.7,"l0":"24, ","c0":"#7c5001","l1":"93","c1":"#f57145"},"geometry":{"type":"Point","coordinates":[24.781691,42.127126]}},{"type":"Feature","properties":{"lines":"24, 93","arr":["24","93"],"mode":"bus","angle":68.1,"extra":1,"ei":0,"l0":"24, ","c0":"#7c5001","l1":"93","c1":"#f57145"},"geometry":{"type":"Point","coordinates":[24.781066,42.128296]}},{"type":"Feature","properties":{"lines":"24, 44, 93","arr":["24","44","93"],"mode":"bus","angle":-21.9,"l0":"24, ","c0":"#7c5001","l1":"44, ","c1":"#05617d","l2":"93","c2":"#f57145"},"geometry":{"type":"Point","coordinates":[24.779108,42.124646]}},{"type":"Feature","properties":{"lines":"24, 44, 93","arr":["24","44","93"],"mode":"bus","angle":-22.2,"extra":1,"ei":0,"l0":"24, ","c0":"#7c5001","l1":"44, ","c1":"#05617d","l2":"93","c2":"#f57145"},"geometry":{"type":"Point","coordinates":[24.781312,42.125311]}},{"type":"Feature","properties":{"lines":"24, 44, 93","arr":["24","44","93"],"mode":"bus","angle":-21.9,"extra":1,"ei":1,"l0":"24, ","c0":"#7c5001","l1":"44, ","c1":"#05617d","l2":"93","c2":"#f57145"},"geometry":{"type":"Point","coordinates":[24.776588,42.123896]}},{"type":"Feature","properties":{"lines":"25, 93","arr":["25","93"],"mode":"bus","angle":15.1,"side":-1,"l0":"25, ","c0":"#1cab97","l1":"93","c1":"#f57145"},"geometry":{"type":"Point","coordinates":[24.793183,42.134631]}},{"type":"Feature","properties":{"lines":"25","arr":["25"],"mode":"bus","angle":-84.4,"side":-1,"l0":"25","c0":"#1cab97"},"geometry":{"type":"Point","coordinates":[24.791521,42.137144]}},{"type":"Feature","properties":{"lines":"25","arr":["25"],"mode":"bus","angle":83.2,"extra":1,"ei":0,"l0":"25","c0":"#1cab97"},"geometry":{"type":"Point","coordinates":[24.791623,42.138316]}},{"type":"Feature","properties":{"lines":"25","arr":["25"],"mode":"bus","angle":-67.4,"extra":1,"ei":0,"l0":"25","c0":"#1cab97"},"geometry":{"type":"Point","coordinates":[24.790881,42.135868]}},{"type":"Feature","properties":{"lines":"25, 44, 93","arr":["25","44","93"],"mode":"bus","angle":40.3,"l0":"25, ","c0":"#1cab97","l1":"44, ","c1":"#05617d","l2":"93","c2":"#f57145"},"geometry":{"type":"Point","coordinates":[24.78985,42.140229]}},{"type":"Feature","properties":{"lines":"25, 44, 93","arr":["25","44","93"],"mode":"bus","angle":41.7,"extra":1,"ei":0,"l0":"25, ","c0":"#1cab97","l1":"44, ","c1":"#05617d","l2":"93","c2":"#f57145"},"geometry":{"type":"Point","coordinates":[24.788585,42.141033]}},{"type":"Feature","properties":{"lines":"25, 44, 93","arr":["25","44","93"],"mode":"bus","angle":60.6,"extra":1,"ei":0,"l0":"25, ","c0":"#1cab97","l1":"44, ","c1":"#05617d","l2":"93","c2":"#f57145"},"geometry":{"type":"Point","coordinates":[24.79073,42.139136]}},{"type":"Feature","properties":{"lines":"25, 93","arr":["25","93"],"mode":"bus","angle":37.5,"side":-1,"mi":3,"l0":"25, ","c0":"#1cab97","l1":"93","c1":"#f57145"},"geometry":{"type":"Point","coordinates":[24.782739,42.146542]}},{"type":"Feature","properties":{"lines":"25, 93","arr":["25","93"],"mode":"bus","angle":57.1,"extra":1,"ei":0,"l0":"25, ","c0":"#1cab97","l1":"93","c1":"#f57145"},"geometry":{"type":"Point","coordinates":[24.785153,42.144362]}},{"type":"Feature","properties":{"lines":"25, 93","arr":["25","93"],"mode":"bus","angle":37.9,"side":-1,"extra":1,"ei":0,"l0":"25, ","c0":"#1cab97","l1":"93","c1":"#f57145"},"geometry":{"type":"Point","coordinates":[24.779836,42.14815]}},{"type":"Feature","properties":{"lines":"25, 93","arr":["25","93"],"mode":"bus","angle":32.3,"mi":1,"l0":"25, ","c0":"#1cab97","l1":"93","c1":"#f57145"},"geometry":{"type":"Point","coordinates":[24.780336,42.148423]}},{"type":"Feature","properties":{"lines":"25, 93","arr":["25","93"],"mode":"bus","angle":70.4,"l0":"25, ","c0":"#1cab97","l1":"93","c1":"#f57145"},"geometry":{"type":"Point","coordinates":[24.781034,42.148205]}},{"type":"Feature","properties":{"lines":"25, 93","arr":["25","93"],"mode":"bus","angle":54.6,"mi":2,"l0":"25, ","c0":"#1cab97","l1":"93","c1":"#f57145"},"geometry":{"type":"Point","coordinates":[24.779131,42.149032]}},{"type":"Feature","properties":{"lines":"25","arr":["25"],"mode":"bus","angle":37.3,"l0":"25","c0":"#1cab97"},"geometry":{"type":"Point","coordinates":[24.75065,42.152229]}},{"type":"Feature","properties":{"lines":"26, 36, 66","arr":["26","36","66"],"mode":"bus","angle":-84.2,"mi":1,"l0":"26, ","c0":"#e16cd6","l1":"36, ","c1":"#2d8c1b","l2":"66","c2":"#4d4aba"},"geometry":{"type":"Point","coordinates":[24.786759,42.151502]}},{"type":"Feature","properties":{"lines":"26, 36, 66","arr":["26","36","66"],"mode":"bus","angle":5.3,"l0":"26, ","c0":"#e16cd6","l1":"36, ","c1":"#2d8c1b","l2":"66","c2":"#4d4aba"},"geometry":{"type":"Point","coordinates":[24.78818,42.152612]}},{"type":"Feature","properties":{"lines":"27","arr":["27"],"mode":"bus","angle":64.1,"mi":2,"l0":"27","c0":"#f57145"},"geometry":{"type":"Point","coordinates":[24.771295,42.16019]}},{"type":"Feature","properties":{"lines":"27","arr":["27"],"mode":"bus","angle":62.3,"extra":1,"ei":0,"l0":"27","c0":"#f57145"},"geometry":{"type":"Point","coordinates":[24.770673,42.1616]}},{"type":"Feature","properties":{"lines":"27","arr":["27"],"mode":"bus","angle":54.4,"extra":1,"ei":1,"l0":"27","c0":"#f57145"},"geometry":{"type":"Point","coordinates":[24.773058,42.158314]}},{"type":"Feature","properties":{"lines":"27","arr":["27"],"mode":"bus","angle":-22.2,"mi":1,"l0":"27","c0":"#f57145"},"geometry":{"type":"Point","coordinates":[24.769836,42.156905]}},{"type":"Feature","properties":{"lines":"27","arr":["27"],"mode":"bus","angle":-33.3,"l0":"27","c0":"#f57145"},"geometry":{"type":"Point","coordinates":[24.771611,42.157266]}},{"type":"Feature","properties":{"lines":"27","arr":["27"],"mode":"bus","angle":-22.5,"side":-1,"extra":1,"ei":0,"l0":"27","c0":"#f57145"},"geometry":{"type":"Point","coordinates":[24.769983,42.156683]}},{"type":"Feature","properties":{"lines":"36, 37","arr":["36","37"],"mode":"bus","angle":81.6,"mi":1,"l0":"36, ","c0":"#2d8c1b","l1":"37","c1":"#b59607"},"geometry":{"type":"Point","coordinates":[24.754935,42.12446]}},{"type":"Feature","properties":{"lines":"36, 37","arr":["36","37"],"mode":"bus","angle":81.5,"extra":1,"ei":0,"l0":"36, ","c0":"#2d8c1b","l1":"37","c1":"#b59607"},"geometry":{"type":"Point","coordinates":[24.75468,42.125716]}},{"type":"Feature","properties":{"lines":"36, 37","arr":["36","37"],"mode":"bus","angle":2.6,"mi":2,"l0":"36, ","c0":"#2d8c1b","l1":"37","c1":"#b59607"},"geometry":{"type":"Point","coordinates":[24.744337,42.126452]}},{"type":"Feature","properties":{"lines":"36, 37","arr":["36","37"],"mode":"bus","angle":3.5,"l0":"36, ","c0":"#2d8c1b","l1":"37","c1":"#b59607"},"geometry":{"type":"Point","coordinates":[24.75342,42.126059]}},{"type":"Feature","properties":{"lines":"36, 37","arr":["36","37"],"mode":"bus","angle":4.3,"extra":1,"ei":0,"l0":"36, ","c0":"#2d8c1b","l1":"37","c1":"#b59607"},"geometry":{"type":"Point","coordinates":[24.742681,42.126522]}},{"type":"Feature","properties":{"lines":"36","arr":["36"],"mode":"bus","angle":-47.4,"l0":"36","c0":"#2d8c1b"},"geometry":{"type":"Point","coordinates":[24.762731,42.136318]}},{"type":"Feature","properties":{"lines":"36","arr":["36"],"mode":"bus","angle":-3.5,"l0":"36","c0":"#2d8c1b"},"geometry":{"type":"Point","coordinates":[24.753063,42.125735]}},{"type":"Feature","properties":{"lines":"37","arr":["37"],"mode":"bus","angle":-82.6,"l0":"37","c0":"#b59607"},"geometry":{"type":"Point","coordinates":[24.726121,42.141063]}},{"type":"Feature","properties":{"lines":"37","arr":["37"],"mode":"bus","angle":45.3,"side":-1,"mi":3,"l0":"37","c0":"#b59607"},"geometry":{"type":"Point","coordinates":[24.755022,42.134306]}},{"type":"Feature","properties":{"lines":"37","arr":["37"],"mode":"bus","angle":78.7,"side":-1,"extra":1,"ei":0,"l0":"37","c0":"#b59607"},"geometry":{"type":"Point","coordinates":[24.756087,42.133441]}},{"type":"Feature","properties":{"lines":"37","arr":["37"],"mode":"bus","angle":-86.5,"l0":"37","c0":"#b59607"},"geometry":{"type":"Point","coordinates":[24.754727,42.13051]}},{"type":"Feature","properties":{"lines":"37","arr":["37"],"mode":"bus","angle":-17.2,"extra":1,"ei":0,"l0":"37","c0":"#b59607"},"geometry":{"type":"Point","coordinates":[24.755112,42.131664]}},{"type":"Feature","properties":{"lines":"37","arr":["37"],"mode":"bus","angle":63.1,"mi":2,"l0":"37","c0":"#b59607"},"geometry":{"type":"Point","coordinates":[24.758368,42.13318]}},{"type":"Feature","properties":{"lines":"37","arr":["37"],"mode":"bus","angle":3.2,"mi":1,"l0":"37","c0":"#b59607"},"geometry":{"type":"Point","coordinates":[24.750728,42.130033]}},{"type":"Feature","properties":{"lines":"37","arr":["37"],"mode":"bus","angle":2.6,"mi":4,"l0":"37","c0":"#b59607"},"geometry":{"type":"Point","coordinates":[24.756155,42.125961]}},{"type":"Feature","properties":{"lines":"37, 116","arr":["37","116"],"mode":"bus","angle":-83.5,"l0":"37, ","c0":"#b59607","l1":"116","c1":"#11a2e3"},"geometry":{"type":"Point","coordinates":[24.756088,42.120933]}},{"type":"Feature","properties":{"lines":"44","arr":["44"],"mode":"bus","angle":-22.3,"mi":1,"l0":"44","c0":"#05617d"},"geometry":{"type":"Point","coordinates":[24.784235,42.126192]}},{"type":"Feature","properties":{"lines":"44","arr":["44"],"mode":"bus","angle":57.3,"l0":"44","c0":"#05617d"},"geometry":{"type":"Point","coordinates":[24.789196,42.132251]}},{"type":"Feature","properties":{"lines":"44","arr":["44"],"mode":"bus","angle":55.7,"extra":1,"ei":0,"l0":"44","c0":"#05617d"},"geometry":{"type":"Point","coordinates":[24.788208,42.133347]}},{"type":"Feature","properties":{"lines":"44, 93","arr":["44","93"],"mode":"bus","angle":59.4,"mi":2,"l0":"44, ","c0":"#05617d","l1":"93","c1":"#f57145"},"geometry":{"type":"Point","coordinates":[24.79028,42.138471]}},{"type":"Feature","properties":{"lines":"44, 93","arr":["44","93"],"mode":"bus","angle":56.1,"mi":1,"l0":"44, ","c0":"#05617d","l1":"93","c1":"#f57145"},"geometry":{"type":"Point","coordinates":[24.787654,42.133953]}},{"type":"Feature","properties":{"lines":"44, 93","arr":["44","93"],"mode":"bus","angle":-58.8,"l0":"44, ","c0":"#05617d","l1":"93","c1":"#f57145"},"geometry":{"type":"Point","coordinates":[24.789392,42.135998]}},{"type":"Feature","properties":{"lines":"44, 93","arr":["44","93"],"mode":"bus","angle":-48.6,"extra":1,"ei":0,"l0":"44, ","c0":"#05617d","l1":"93","c1":"#f57145"},"geometry":{"type":"Point","coordinates":[24.788264,42.134937]}},{"type":"Feature","properties":{"lines":"44, 93, 99, 113, 222","arr":["44","93","99","113","222"],"mode":"bus","angle":89.7,"l0":"44, ","c0":"#05617d","l1":"93, ","c1":"#f57145","l2":"99, ","c2":"#c17aef","l3":"113, ","c3":"#999f01","l4":"222","c4":"#1cab97"},"geometry":{"type":"Point","coordinates":[24.731227,42.154582]}},{"type":"Feature","properties":{"lines":"44, 93, 99, 113, 222","arr":["44","93","99","113","222"],"mode":"bus","angle":-88.6,"side":-1,"extra":1,"ei":0,"l0":"44, ","c0":"#05617d","l1":"93, ","c1":"#f57145","l2":"99, ","c2":"#c17aef","l3":"113, ","c3":"#999f01","l4":"222","c4":"#1cab97"},"geometry":{"type":"Point","coordinates":[24.731208,42.152099]}},{"type":"Feature","properties":{"lines":"44, 93, 99, 113, 222","arr":["44","93","99","113","222"],"mode":"bus","angle":85.7,"extra":1,"ei":1,"l0":"44, ","c0":"#05617d","l1":"93, ","c1":"#f57145","l2":"99, ","c2":"#c17aef","l3":"113, ","c3":"#999f01","l4":"222","c4":"#1cab97"},"geometry":{"type":"Point","coordinates":[24.731182,42.155875]}},{"type":"Feature","properties":{"lines":"44, 93, 99, 113, 222","arr":["44","93","99","113","222"],"mode":"bus","angle":85.8,"extra":1,"ei":2,"l0":"44, ","c0":"#05617d","l1":"93, ","c1":"#f57145","l2":"99, ","c2":"#c17aef","l3":"113, ","c3":"#999f01","l4":"222","c4":"#1cab97"},"geometry":{"type":"Point","coordinates":[24.730968,42.157757]}},{"type":"Feature","properties":{"lines":"44, 93, 99, 113, 222","arr":["44","93","99","113","222"],"mode":"bus","angle":89.9,"side":-1,"extra":1,"ei":0,"l0":"44, ","c0":"#05617d","l1":"93, ","c1":"#f57145","l2":"99, ","c2":"#c17aef","l3":"113, ","c3":"#999f01","l4":"222","c4":"#1cab97"},"geometry":{"type":"Point","coordinates":[24.731076,42.153269]}},{"type":"Feature","properties":{"lines":"93","arr":["93"],"mode":"bus","angle":-25.1,"l0":"93","c0":"#f57145"},"geometry":{"type":"Point","coordinates":[24.734449,42.166848]}},{"type":"Feature","properties":{"lines":"93","arr":["93"],"mode":"bus","angle":-63.9,"extra":1,"ei":0,"l0":"93","c0":"#f57145"},"geometry":{"type":"Point","coordinates":[24.737916,42.170354]}},{"type":"Feature","properties":{"lines":"93","arr":["93"],"mode":"bus","angle":88.8,"extra":1,"ei":1,"l0":"93","c0":"#f57145"},"geometry":{"type":"Point","coordinates":[24.738712,42.168615]}},{"type":"Feature","properties":{"lines":"93","arr":["93"],"mode":"bus","angle":-25,"extra":1,"ei":2,"l0":"93","c0":"#f57145"},"geometry":{"type":"Point","coordinates":[24.736703,42.167629]}},{"type":"Feature","properties":{"lines":"93","arr":["93"],"mode":"bus","angle":-25.2,"extra":1,"ei":3,"l0":"93","c0":"#f57145"},"geometry":{"type":"Point","coordinates":[24.732095,42.166018]}},{"type":"Feature","properties":{"lines":"93","arr":["93"],"mode":"bus","angle":-29,"extra":1,"ei":4,"l0":"93","c0":"#f57145"},"geometry":{"type":"Point","coordinates":[24.729797,42.165206]}},{"type":"Feature","properties":{"lines":"93","arr":["93"],"mode":"bus","angle":-30.4,"extra":1,"ei":5,"l0":"93","c0":"#f57145"},"geometry":{"type":"Point","coordinates":[24.727596,42.164254]}},{"type":"Feature","properties":{"lines":"93","arr":["93"],"mode":"bus","angle":39.5,"l0":"93","c0":"#f57145"},"geometry":{"type":"Point","coordinates":[24.71729,42.171391]}},{"type":"Feature","properties":{"lines":"93","arr":["93"],"mode":"bus","angle":44,"mi":1,"l0":"93","c0":"#f57145"},"geometry":{"type":"Point","coordinates":[24.728208,42.162673]}},{"type":"Feature","properties":{"lines":"93","arr":["93"],"mode":"bus","angle":43.7,"extra":1,"ei":0,"l0":"93","c0":"#f57145"},"geometry":{"type":"Point","coordinates":[24.727063,42.163492]}},{"type":"Feature","properties":{"lines":"93","arr":["93"],"mode":"bus","angle":47.9,"extra":1,"ei":0,"l0":"93","c0":"#f57145"},"geometry":{"type":"Point","coordinates":[24.71887,42.170269]}},{"type":"Feature","properties":{"lines":"93","arr":["93"],"mode":"bus","angle":41,"extra":1,"ei":1,"l0":"93","c0":"#f57145"},"geometry":{"type":"Point","coordinates":[24.715063,42.172772]}},{"type":"Feature","properties":{"lines":"93, 99","arr":["93","99"],"mode":"bus","angle":77.5,"side":-1,"l0":"93, ","c0":"#f57145","l1":"99","c1":"#c17aef"},"geometry":{"type":"Point","coordinates":[24.730298,42.159747]}},{"type":"Feature","properties":{"lines":"93","arr":["93"],"mode":"bus","angle":-34.2,"side":-1,"l0":"93","c0":"#f57145"},"geometry":{"type":"Point","coordinates":[24.789667,42.134266]}},{"type":"Feature","properties":{"lines":"93","arr":["93"],"mode":"bus","angle":77.2,"l0":"93","c0":"#f57145"},"geometry":{"type":"Point","coordinates":[24.754557,42.144513]}},{"type":"Feature","properties":{"lines":"93","arr":["93"],"mode":"bus","angle":39.6,"side":-1,"mi":1,"l0":"93","c0":"#f57145"},"geometry":{"type":"Point","coordinates":[24.717135,42.171238]}},{"type":"Feature","properties":{"lines":"93","arr":["93"],"mode":"bus","angle":40.2,"side":-1,"extra":1,"ei":0,"l0":"93","c0":"#f57145"},"geometry":{"type":"Point","coordinates":[24.715889,42.172004]}},{"type":"Feature","properties":{"lines":"99","arr":["99"],"mode":"bus","angle":14.1,"mi":7,"l0":"99","c0":"#c17aef"},"geometry":{"type":"Point","coordinates":[24.797766,42.133918]}},{"type":"Feature","properties":{"lines":"99","arr":["99"],"mode":"bus","angle":-34.7,"side":-1,"mi":9,"l0":"99","c0":"#c17aef"},"geometry":{"type":"Point","coordinates":[24.795353,42.127834]}},{"type":"Feature","properties":{"lines":"99","arr":["99"],"mode":"bus","angle":-77.9,"mi":4,"l0":"99","c0":"#c17aef"},"geometry":{"type":"Point","coordinates":[24.799134,42.132566]}},{"type":"Feature","properties":{"lines":"99","arr":["99"],"mode":"bus","angle":-21.5,"extra":1,"ei":0,"l0":"99","c0":"#c17aef"},"geometry":{"type":"Point","coordinates":[24.792529,42.126622]}},{"type":"Feature","properties":{"lines":"99","arr":["99"],"mode":"bus","angle":4.4,"extra":1,"ei":1,"l0":"99","c0":"#c17aef"},"geometry":{"type":"Point","coordinates":[24.790012,42.126539]}},{"type":"Feature","properties":{"lines":"99","arr":["99"],"mode":"bus","angle":5.7,"extra":1,"ei":2,"l0":"99","c0":"#c17aef"},"geometry":{"type":"Point","coordinates":[24.787475,42.126708]}},{"type":"Feature","properties":{"lines":"99","arr":["99"],"mode":"bus","angle":-33.5,"extra":1,"ei":0,"l0":"99","c0":"#c17aef"},"geometry":{"type":"Point","coordinates":[24.796952,42.128631]}},{"type":"Feature","properties":{"lines":"99","arr":["99"],"mode":"bus","angle":-71.6,"extra":1,"ei":1,"l0":"99","c0":"#c17aef"},"geometry":{"type":"Point","coordinates":[24.79857,42.130035]}},{"type":"Feature","properties":{"lines":"99","arr":["99"],"mode":"bus","angle":68.8,"l0":"99","c0":"#c17aef"},"geometry":{"type":"Point","coordinates":[24.798382,42.131541]}},{"type":"Feature","properties":{"lines":"99","arr":["99"],"mode":"bus","angle":47.4,"mi":1,"l0":"99","c0":"#c17aef"},"geometry":{"type":"Point","coordinates":[24.797872,42.132378]}},{"type":"Feature","properties":{"lines":"99","arr":["99"],"mode":"bus","angle":-7.7,"side":-1,"mi":5,"l0":"99","c0":"#c17aef"},"geometry":{"type":"Point","coordinates":[24.798709,42.132914]}},{"type":"Feature","properties":{"lines":"99","arr":["99"],"mode":"bus","angle":-33.2,"mi":6,"l0":"99","c0":"#c17aef"},"geometry":{"type":"Point","coordinates":[24.796225,42.130082]}},{"type":"Feature","properties":{"lines":"99","arr":["99"],"mode":"bus","angle":56.8,"mi":8,"l0":"99","c0":"#c17aef"},"geometry":{"type":"Point","coordinates":[24.795204,42.128758]}},{"type":"Feature","properties":{"lines":"113","arr":["113"],"mode":"bus","angle":16.8,"l0":"113","c0":"#999f01"},"geometry":{"type":"Point","coordinates":[24.722837,42.115795]}},{"type":"Feature","properties":{"lines":"113","arr":["113"],"mode":"bus","angle":7.7,"extra":1,"ei":0,"l0":"113","c0":"#999f01"},"geometry":{"type":"Point","coordinates":[24.715099,42.117701]}},{"type":"Feature","properties":{"lines":"113","arr":["113"],"mode":"bus","angle":9.3,"extra":1,"ei":1,"l0":"113","c0":"#999f01"},"geometry":{"type":"Point","coordinates":[24.717617,42.117415]}},{"type":"Feature","properties":{"lines":"113","arr":["113"],"mode":"bus","angle":25,"extra":1,"ei":2,"l0":"113","c0":"#999f01"},"geometry":{"type":"Point","coordinates":[24.720129,42.117128]}},{"type":"Feature","properties":{"lines":"113","arr":["113"],"mode":"bus","angle":16.5,"extra":1,"ei":3,"l0":"113","c0":"#999f01"},"geometry":{"type":"Point","coordinates":[24.724579,42.115411]}},{"type":"Feature","properties":{"lines":"113","arr":["113"],"mode":"bus","angle":18,"extra":1,"ei":4,"l0":"113","c0":"#999f01"},"geometry":{"type":"Point","coordinates":[24.727018,42.114867]}},{"type":"Feature","properties":{"lines":"113","arr":["113"],"mode":"bus","angle":20.1,"extra":1,"ei":5,"l0":"113","c0":"#999f01"},"geometry":{"type":"Point","coordinates":[24.729419,42.114235]}},{"type":"Feature","properties":{"lines":"113","arr":["113"],"mode":"bus","angle":23.8,"side":-1,"extra":1,"ei":6,"l0":"113","c0":"#999f01"},"geometry":{"type":"Point","coordinates":[24.731826,42.113617]}},{"type":"Feature","properties":{"lines":"113","arr":["113"],"mode":"bus","angle":-17.4,"mi":2,"l0":"113","c0":"#999f01"},"geometry":{"type":"Point","coordinates":[24.728027,42.115157]}},{"type":"Feature","properties":{"lines":"113","arr":["113"],"mode":"bus","angle":34,"mi":1,"l0":"113","c0":"#999f01"},"geometry":{"type":"Point","coordinates":[24.722604,42.116879]}},{"type":"Feature","properties":{"lines":"113","arr":["113"],"mode":"bus","angle":-6.8,"l0":"113","c0":"#999f01"},"geometry":{"type":"Point","coordinates":[24.721615,42.164245]}},{"type":"Feature","properties":{"lines":"113","arr":["113"],"mode":"bus","angle":80.5,"mi":1,"l0":"113","c0":"#999f01"},"geometry":{"type":"Point","coordinates":[24.719608,42.161616]}},{"type":"Feature","properties":{"lines":"113","arr":["113"],"mode":"bus","angle":-28.9,"extra":1,"ei":0,"l0":"113","c0":"#999f01"},"geometry":{"type":"Point","coordinates":[24.723427,42.164589]}},{"type":"Feature","properties":{"lines":"116","arr":["116"],"mode":"bus","angle":-8,"l0":"116","c0":"#11a2e3"},"geometry":{"type":"Point","coordinates":[24.755748,42.121442]}},{"type":"Feature","properties":{"lines":"116","arr":["116"],"mode":"bus","angle":76.3,"mi":1,"l0":"116","c0":"#11a2e3"},"geometry":{"type":"Point","coordinates":[24.770513,42.153983]}},{"type":"Feature","properties":{"lines":"116","arr":["116"],"mode":"bus","angle":75.6,"side":-1,"mi":2,"l0":"116","c0":"#11a2e3"},"geometry":{"type":"Point","coordinates":[24.770389,42.153998]}},{"type":"Feature","properties":{"lines":"116","arr":["116"],"mode":"bus","angle":-38.8,"l0":"116","c0":"#11a2e3"},"geometry":{"type":"Point","coordinates":[24.775739,42.157419]}},{"type":"Feature","properties":{"lines":"116","arr":["116"],"mode":"bus","angle":-24.6,"side":-1,"extra":1,"ei":0,"l0":"116","c0":"#11a2e3"},"geometry":{"type":"Point","coordinates":[24.77144,42.155211]}},{"type":"Feature","properties":{"lines":"116","arr":["116"],"mode":"bus","angle":-32.9,"side":-1,"extra":1,"ei":1,"l0":"116","c0":"#11a2e3"},"geometry":{"type":"Point","coordinates":[24.773664,42.156127]}},{"type":"Feature","properties":{"lines":"116","arr":["116"],"mode":"bus","angle":-40.1,"side":-1,"extra":1,"ei":2,"l0":"116","c0":"#11a2e3"},"geometry":{"type":"Point","coordinates":[24.777663,42.158463]}},{"type":"Feature","properties":{"lines":"116","arr":["116"],"mode":"bus","angle":-20.1,"side":-1,"extra":1,"ei":3,"l0":"116","c0":"#11a2e3"},"geometry":{"type":"Point","coordinates":[24.779638,42.159637]}},{"type":"Feature","properties":{"lines":"116","arr":["116"],"mode":"bus","angle":-84.9,"mi":3,"l0":"116","c0":"#11a2e3"},"geometry":{"type":"Point","coordinates":[24.786128,42.160106]}},{"type":"Feature","properties":{"lines":"222","arr":["222"],"mode":"bus","angle":22.2,"side":-1,"mi":2,"l0":"222","c0":"#1cab97"},"geometry":{"type":"Point","coordinates":[24.715386,42.136281]}},{"type":"Feature","properties":{"lines":"222","arr":["222"],"mode":"bus","angle":3.6,"l0":"222","c0":"#1cab97"},"geometry":{"type":"Point","coordinates":[24.717089,42.134109]}},{"type":"Feature","properties":{"lines":"222","arr":["222"],"mode":"bus","angle":87.8,"mi":1,"l0":"222","c0":"#1cab97"},"geometry":{"type":"Point","coordinates":[24.717948,42.132924]}},{"type":"Feature","properties":{"lines":"21, 25, 36, 66, 93","arr":["21","25","36","66","93"],"mode":"bus","angle":-37.8,"mi":3,"l0":"21, ","c0":"#999f01","l1":"25, ","c1":"#1cab97","l2":"36, ","c2":"#2d8c1b","l3":"66, ","c3":"#4d4aba","l4":"93","c4":"#f57145"},"geometry":{"type":"Point","coordinates":[24.769859,42.148284]}},{"type":"Feature","properties":{"lines":"21, 25, 36, 66, 93","arr":["21","25","36","66","93"],"mode":"bus","angle":75.1,"mi":1,"l0":"21, ","c0":"#999f01","l1":"25, ","c1":"#1cab97","l2":"36, ","c2":"#2d8c1b","l3":"66, ","c3":"#4d4aba","l4":"93","c4":"#f57145"},"geometry":{"type":"Point","coordinates":[24.769389,42.148606]}},{"type":"Feature","properties":{"lines":"21, 25, 36, 66, 93","arr":["21","25","36","66","93"],"mode":"bus","angle":83.2,"mi":5,"l0":"21, ","c0":"#999f01","l1":"25, ","c1":"#1cab97","l2":"36, ","c2":"#2d8c1b","l3":"66, ","c3":"#4d4aba","l4":"93","c4":"#f57145"},"geometry":{"type":"Point","coordinates":[24.768913,42.150231]}},{"type":"Feature","properties":{"lines":"99","arr":["99"],"mode":"bus","angle":-7.6,"mi":3,"l0":"99","c0":"#c17aef"},"geometry":{"type":"Point","coordinates":[24.798241,42.132892]}},{"type":"Feature","properties":{"lines":"99","arr":["99"],"mode":"bus","angle":-80.4,"mi":2,"l0":"99","c0":"#c17aef"},"geometry":{"type":"Point","coordinates":[24.798229,42.132532]}},{"type":"Feature","properties":{"lines":"21, 22, 66","arr":["21","22","66"],"mode":"bus","angle":-65.4,"l0":"21, ","c0":"#999f01","l1":"22, ","c1":"#6b5806","l2":"66","c2":"#4d4aba"},"geometry":{"type":"Point","coordinates":[24.797596,42.1475]}},{"type":"Feature","properties":{"lines":"21, 66","arr":["21","66"],"mode":"bus","angle":5.4,"l0":"21, ","c0":"#999f01","l1":"66","c1":"#4d4aba"},"geometry":{"type":"Point","coordinates":[24.793716,42.151309]}},{"type":"Feature","properties":{"lines":"4, 18, 20, 99","arr":["4","18","20","99"],"mode":"bus","angle":-21.2,"l0":"4, ","c0":"#8e4604","l1":"18, ","c1":"#02af5a","l2":"20, ","c2":"#126804","l3":"99","c3":"#c17aef"},"geometry":{"type":"Point","coordinates":[24.729707,42.16149]}}]}