{"type":"FeatureCollection","features":[{"type":"Feature","geometry":{"type":"Point","coordinates":[24.702533,42.100464]},"properties":{"name":"кв. Коматево - последна спирка","lines":"1, 20, 27","arr":["1","20","27"],"terminus":1,"mode":"bus","color":"#0059a9","colorDark":"#00294f","angle":122.8,"snapDist":1,"label":1}},{"type":"Feature","geometry":{"type":"Point","coordinates":[24.705004,42.105271]},"properties":{"name":"ул. Коматевско шосе 113","lines":"1, 20, 27","arr":["1","20","27"],"terminus":0,"mode":"bus","color":"#0059a9","colorDark":"#00294f","angle":110.5,"snapDist":7,"label":1}},{"type":"Feature","geometry":{"type":"Point","coordinates":[24.706095,42.107422]},"properties":{"name":"Стадиона","lines":"1, 20, 27","arr":["1","20","27"],"terminus":0,"mode":"bus","color":"#0059a9","colorDark":"#00294f","angle":111.5,"snapDist":7,"label":1}},{"type":"Feature","geometry":{"type":"Point","coordinates":[24.708663,42.111159]},"properties":{"name":"Коматевско шосе","lines":"1, 20, 27","arr":["1","20","27"],"terminus":0,"mode":"bus","color":"#0059a9","colorDark":"#00294f","angle":120.1,"snapDist":13,"label":1}},{"type":"Feature","geometry":{"type":"Point","coordinates":[24.71231,42.115717]},"properties":{"name":"срещу Фургона","lines":"1, 20, 27","arr":["1","20","27"],"terminus":0,"mode":"bus","color":"#0059a9","colorDark":"#00294f","angle":119.9,"snapDist":4,"label":1}},{"type":"Feature","geometry":{"type":"Point","coordinates":[24.715512,42.119983]},"properties":{"name":"срещу Печатница Деми","lines":"1, 20, 113","arr":["1","20","113"],"terminus":0,"mode":"bus","color":"#0059a9","colorDark":"#00294f","angle":120.6,"snapDist":18,"label":1}},{"type":"Feature","geometry":{"type":"Point","coordinates":[24.717881,42.12254]},"properties":{"name":"Коматевско шосе 2","lines":"1, 20, 27, 113","arr":["1","20","27","113"],"terminus":0,"mode":"bus","color":"#0059a9","colorDark":"#00294f","angle":214.8,"snapDist":1,"label":1}},{"type":"Feature","geometry":{"type":"Point","coordinates":[24.721155,42.125197]},"properties":{"name":"бул. Александър Стамболийски","lines":"1, 16, 36","arr":["1","16","36"],"terminus":0,"mode":"bus","color":"#0059a9","colorDark":"#00294f","angle":207.7,"snapDist":10,"label":1}},{"type":"Feature","geometry":{"type":"Point","coordinates":[24.724089,42.124055]},"properties":{"name":"комплекс Южен полъх","lines":"1, 16, 36","arr":["1","16","36"],"terminus":0,"mode":"bus","color":"#0059a9","colorDark":"#00294f","angle":207.7,"snapDist":7,"label":1}},{"type":"Feature","geometry":{"type":"Point","coordinates":[24.727541,42.122708]},"properties":{"name":"срещу Детска грдина","lines":"1, 16, 36","arr":["1","16","36"],"terminus":0,"mode":"bus","color":"#0059a9","colorDark":"#00294f","angle":208.3,"snapDist":4,"label":1}},{"type":"Feature","geometry":{"type":"Point","coordinates":[24.729974,42.121758]},"properties":{"name":"Светофара","lines":"1, 16, 36","arr":["1","16","36"],"terminus":0,"mode":"bus","color":"#0059a9","colorDark":"#00294f","angle":207.5,"snapDist":6,"label":1}},{"type":"Feature","geometry":{"type":"Point","coordinates":[24.73622,42.12027]},"properties":{"name":"срещу училище Стефан Караджа","lines":"1, 7","arr":["1","7"],"terminus":0,"mode":"bus","color":"#0059a9","colorDark":"#00294f","angle":114.2,"snapDist":16,"label":1}},{"type":"Feature","geometry":{"type":"Point","coordinates":[24.738438,42.123821]},"properties":{"name":"Пощата","lines":"1, 7","arr":["1","7"],"terminus":0,"mode":"bus","color":"#0059a9","colorDark":"#00294f","angle":114.9,"snapDist":6,"label":1}},{"type":"Feature","geometry":{"type":"Point","coordinates":[24.741208,42.124846]},"properties":{"name":"кметсво район Южен","lines":"1, 27","arr":["1","27"],"terminus":0,"mode":"bus","color":"#0059a9","colorDark":"#00294f","angle":113.4,"snapDist":7,"label":1}},{"type":"Feature","geometry":{"type":"Point","coordinates":[24.743169,42.128428]},"properties":{"name":"бул. Македония №55","lines":"1, 27, 36, 37","arr":["1","27","36","37"],"terminus":0,"mode":"bus","color":"#0059a9","colorDark":"#00294f","angle":111.4,"snapDist":5,"label":1}},{"type":"Feature","geometry":{"type":"Point","coordinates":[24.744942,42.132703]},"properties":{"name":"срещу магазин Билла - 2","lines":"1, 11, 27, 36","arr":["1","11","27","36"],"terminus":0,"mode":"bus","color":"#0059a9","colorDark":"#00294f","angle":92,"snapDist":9,"label":1}},{"type":"Feature","geometry":{"type":"Point","coordinates":[24.750857,42.136072]},"properties":{"name":"Сточна гара","lines":"1, 7, 11, 18, 20, 26, 27, 29, 36","arr":["1","7","11","18","20","26","27","29","36"],"terminus":0,"mode":"bus","color":"#0059a9","colorDark":"#00294f","angle":169.4,"snapDist":6,"label":1}},{"type":"Feature","geometry":{"type":"Point","coordinates":[24.752056,42.138629]},"properties":{"name":"Байкал","lines":"1, 4, 7, 11, 20, 26, 27, 37, 44, 99","arr":["1","4","7","11","20","26","27","37","44","99"],"terminus":0,"mode":"bus","color":"#0059a9","colorDark":"#00294f","angle":85.6,"snapDist":2,"label":1}},{"type":"Feature","geometry":{"type":"Point","coordinates":[24.751701,42.142086]},"properties":{"name":"срещу хотел Тримонциум","lines":"1, 4, 7, 9, 11, 20, 26, 27, 37, 44, 93, 99","arr":["1","4","7","9","11","20","26","27","37","44","93","99"],"terminus":0,"mode":"bus","color":"#0059a9","colorDark":"#00294f","angle":85.4,"snapDist":6,"label":1}},{"type":"Feature","geometry":{"type":"Point","coordinates":[24.751545,42.144849]},"properties":{"name":"тунела Юг - изток","lines":"1, 4, 7, 9, 11, 20, 26, 27, 37, 44, 93, 99","arr":["1","4","7","9","11","20","26","27","37","44","93","99"],"terminus":0,"mode":"bus","color":"#0059a9","colorDark":"#00294f","angle":89.2,"snapDist":5,"label":1}},{"type":"Feature","geometry":{"type":"Point","coordinates":[24.750437,42.150094]},"properties":{"name":"Тунела Север - изток","lines":"1, 4, 7, 9, 11, 20, 26, 27, 37, 44, 93, 99","arr":["1","4","7","9","11","20","26","27","37","44","93","99"],"terminus":0,"mode":"bus","color":"#0059a9","colorDark":"#00294f","angle":83.3,"snapDist":6,"label":1}},{"type":"Feature","geometry":{"type":"Point","coordinates":[24.750312,42.153168]},"properties":{"name":"Водна палата","lines":"1, 4, 7, 9, 15, 25, 27","arr":["1","4","7","9","15","25","27"],"terminus":0,"mode":"bus","color":"#0059a9","colorDark":"#00294f","angle":77.9,"snapDist":7,"label":1}},{"type":"Feature","geometry":{"type":"Point","coordinates":[24.749517,42.15628]},"properties":{"name":"Панаира","lines":"1, 4, 7, 9, 15, 25, 27","arr":["1","4","7","9","15","25","27"],"terminus":0,"mode":"bus","color":"#0059a9","colorDark":"#00294f","angle":82.9,"snapDist":0,"label":1}},{"type":"Feature","geometry":{"type":"Point","coordinates":[24.748098,42.161095]},"properties":{"name":"ул. Братя Обрейкови","lines":"1, 9, 15, 16, 25","arr":["1","9","15","16","25"],"terminus":0,"mode":"bus","color":"#0059a9","colorDark":"#00294f","angle":74.4,"snapDist":6,"label":1}},{"type":"Feature","geometry":{"type":"Point","coordinates":[24.746729,42.163097]},"properties":{"name":"срещу ОУ Йордан Йовков","lines":"1","arr":["1"],"terminus":0,"mode":"bus","color":"#0059a9","colorDark":"#00294f","angle":354,"snapDist":7,"label":1}},{"type":"Feature","geometry":{"type":"Point","coordinates":[24.743211,42.163218]},"properties":{"name":"срещу Гиганта","lines":"1, 25","arr":["1","25"],"terminus":0,"mode":"bus","color":"#0059a9","colorDark":"#00294f","angle":86.5,"snapDist":4,"label":1}},{"type":"Feature","geometry":{"type":"Point","coordinates":[24.742264,42.172818]},"properties":{"name":"Ален мак","lines":"1, 25","arr":["1","25"],"terminus":0,"mode":"bus","color":"#0059a9","colorDark":"#00294f","angle":82.1,"snapDist":10,"label":1}},{"type":"Feature","geometry":{"type":"Point","coordinates":[24.740917,42.178645]},"properties":{"name":"срещу Петрол","lines":"1, 25","arr":["1","25"],"terminus":0,"mode":"bus","color":"#0059a9","colorDark":"#00294f","angle":68,"snapDist":16,"label":1}},{"type":"Feature","geometry":{"type":"Point","coordinates":[24.738529,42.183175]},"properties":{"name":"ТЕЦ Север","lines":"1, 25","arr":["1","25"],"terminus":0,"mode":"bus","color":"#0059a9","colorDark":"#00294f","angle":69.7,"snapDist":2,"label":1}},{"type":"Feature","geometry":{"type":"Point","coordinates":[24.737556,42.185987]},"properties":{"name":"АПК-Карловско шосе","lines":"1, 25","arr":["1","25"],"terminus":1,"mode":"bus","color":"#0059a9","colorDark":"#00294f","angle":192.4,"snapDist":10,"label":1}},{"type":"Feature","geometry":{"type":"Point","coordinates":[24.738497,42.182686]},"properties":{"name":"срещу ТЕЦ Север","lines":"1, 25","arr":["1","25"],"terminus":0,"mode":"bus","color":"#0059a9","colorDark":"#00294f","angle":248.8,"snapDist":26,"label":1}},{"type":"Feature","geometry":{"type":"Point","coordinates":[24.740669,42.178551]},"properties":{"name":"Петрол","lines":"1, 25","arr":["1","25"],"terminus":0,"mode":"bus","color":"#0059a9","colorDark":"#00294f","angle":248.7,"snapDist":25,"label":1}},{"type":"Feature","geometry":{"type":"Point","coordinates":[24.741555,42.174823]},"properties":{"name":"Мототехника","lines":"1, 25","arr":["1","25"],"terminus":0,"mode":"bus","color":"#0059a9","colorDark":"#00294f","angle":262.4,"snapDist":11,"label":1}},{"type":"Feature","geometry":{"type":"Point","coordinates":[24.742171,42.172287]},"properties":{"name":"срещу Ален мак","lines":"1, 25","arr":["1","25"],"terminus":0,"mode":"bus","color":"#0059a9","colorDark":"#00294f","angle":263.2,"snapDist":25,"label":1}},{"type":"Feature","geometry":{"type":"Point","coordinates":[24.742975,42.16405]},"properties":{"name":"Гиганта","lines":"1, 25","arr":["1","25"],"terminus":0,"mode":"bus","color":"#0059a9","colorDark":"#00294f","angle":266.9,"snapDist":0,"label":1}},{"type":"Feature","geometry":{"type":"Point","coordinates":[24.744073,42.162762]},"properties":{"name":"Банята","lines":"1","arr":["1"],"terminus":0,"mode":"bus","color":"#0059a9","colorDark":"#00294f","angle":173.1,"snapDist":5,"label":1}},{"type":"Feature","geometry":{"type":"Point","coordinates":[24.747409,42.161693]},"properties":{"name":"Братя Обрейкови (запад)","lines":"1, 9, 15, 25","arr":["1","9","15","25"],"terminus":0,"mode":"bus","color":"#0059a9","colorDark":"#00294f","angle":-16,"snapDist":7,"label":1}},{"type":"Feature","geometry":{"type":"Point","coordinates":[24.749115,42.156342]},"properties":{"name":"хотел Марица","lines":"1, 4, 7, 9, 15, 25, 27","arr":["1","4","7","9","15","25","27"],"terminus":0,"mode":"bus","color":"#0059a9","colorDark":"#00294f","angle":261.2,"snapDist":1,"label":1}},{"type":"Feature","geometry":{"type":"Point","coordinates":[24.750098,42.153313]},"properties":{"name":"Телк","lines":"1, 4, 7, 9, 15, 27","arr":["1","4","7","9","15","27"],"terminus":0,"mode":"bus","color":"#0059a9","colorDark":"#00294f","angle":255.8,"snapDist":6,"label":1}},{"type":"Feature","geometry":{"type":"Point","coordinates":[24.750259,42.150435]},"properties":{"name":"Тунела Север - запад","lines":"1, 4, 7, 9, 11, 20, 26, 27, 37, 44, 93, 99","arr":["1","4","7","9","11","20","26","27","37","44","93","99"],"terminus":0,"mode":"bus","color":"#0059a9","colorDark":"#00294f","angle":263.7,"snapDist":5,"label":1}},{"type":"Feature","geometry":{"type":"Point","coordinates":[24.751402,42.144801]},"properties":{"name":"Тунела ЮГ - запад","lines":"1, 4, 7, 9, 11, 20, 26, 27, 37, 44, 93, 99","arr":["1","4","7","9","11","20","26","27","37","44","93","99"],"terminus":0,"mode":"bus","color":"#0059a9","colorDark":"#00294f","angle":268.9,"snapDist":8,"label":1}},{"type":"Feature","geometry":{"type":"Point","coordinates":[24.751593,42.141996]},"properties":{"name":"хотел Тримонциум","lines":"1, 4, 7, 11, 20, 26, 27, 37, 44, 99","arr":["1","4","7","11","20","26","27","37","44","99"],"terminus":0,"mode":"bus","color":"#0059a9","colorDark":"#00294f","angle":265,"snapDist":8,"label":1}},{"type":"Feature","geometry":{"type":"Point","coordinates":[24.751215,42.136228]},"properties":{"name":"срещу Сточна гара","lines":"1, 7, 11, 18, 20, 26, 27, 29, 36","arr":["1","7","11","18","20","26","27","29","36"],"terminus":0,"mode":"bus","color":"#0059a9","colorDark":"#00294f","angle":348.3,"snapDist":6,"label":1}},{"type":"Feature","geometry":{"type":"Point","coordinates":[24.744938,42.132629]},"properties":{"name":"Билла","lines":"1, 11, 27, 36","arr":["1","11","27","36"],"terminus":0,"mode":"bus","color":"#0059a9","colorDark":"#00294f","angle":272,"snapDist":3,"label":1}},{"type":"Feature","geometry":{"type":"Point","coordinates":[24.742749,42.129952]},"properties":{"name":"ул. Бяло море","lines":"1","arr":["1"],"terminus":0,"mode":"bus","color":"#0059a9","colorDark":"#00294f","angle":331.9,"snapDist":9,"label":1}},{"type":"Feature","geometry":{"type":"Point","coordinates":[24.739678,42.125868]},"properties":{"name":"след Пощата","lines":"1","arr":["1"],"terminus":0,"mode":"bus","color":"#0059a9","colorDark":"#00294f","angle":293.2,"snapDist":6,"label":1}},{"type":"Feature","geometry":{"type":"Point","coordinates":[24.737797,42.122781]},"properties":{"name":"ул. Димитър Талев","lines":"1, 7","arr":["1","7"],"terminus":0,"mode":"bus","color":"#0059a9","colorDark":"#00294f","angle":294.6,"snapDist":5,"label":1}},{"type":"Feature","geometry":{"type":"Point","coordinates":[24.735147,42.119752]},"properties":{"name":"бул. Александър Стамболийски","lines":"1","arr":["1"],"terminus":0,"mode":"bus","color":"#0059a9","colorDark":"#00294f","angle":27,"snapDist":10,"label":1}},{"type":"Feature","geometry":{"type":"Point","coordinates":[24.730927,42.121385]},"properties":{"name":"Луна парк - юг","lines":"1","arr":["1"],"terminus":0,"mode":"bus","color":"#0059a9","colorDark":"#00294f","angle":27.2,"snapDist":13,"label":1}},{"type":"Feature","geometry":{"type":"Point","coordinates":[24.728114,42.12248]},"properties":{"name":"Автосалона","lines":"1, 16, 36","arr":["1","16","36"],"terminus":0,"mode":"bus","color":"#0059a9","colorDark":"#00294f","angle":28.1,"snapDist":15,"label":1}},{"type":"Feature","geometry":{"type":"Point","coordinates":[24.723463,42.1245]},"properties":{"name":"срещу комплекс Южен полъх","lines":"1, 16, 36","arr":["1","16","36"],"terminus":0,"mode":"bus","color":"#0059a9","colorDark":"#00294f","angle":117.6,"snapDist":14,"label":1}},{"type":"Feature","geometry":{"type":"Point","coordinates":[24.719765,42.12533]},"properties":{"name":"Транспортна болница","lines":"1, 20, 27, 113","arr":["1","20","27","113"],"terminus":0,"mode":"bus","color":"#0059a9","colorDark":"#00294f","angle":299.4,"snapDist":2,"label":1}},{"type":"Feature","geometry":{"type":"Point","coordinates":[24.717367,42.122279]},"properties":{"name":"Филкаб","lines":"1, 20, 27, 113","arr":["1","20","27","113"],"terminus":0,"mode":"bus","color":"#0059a9","colorDark":"#00294f","angle":301.5,"snapDist":7,"label":1}},{"type":"Feature","geometry":{"type":"Point","coordinates":[24.715212,42.119607]},"properties":{"name":"Печатница Деми","lines":"1, 20, 27, 113","arr":["1","20","27","113"],"terminus":0,"mode":"bus","color":"#0059a9","colorDark":"#00294f","angle":300.6,"snapDist":20,"label":1}},{"type":"Feature","geometry":{"type":"Point","coordinates":[24.711873,42.115531]},"properties":{"name":"Фургона","lines":"1, 20, 27","arr":["1","20","27"],"terminus":0,"mode":"bus","color":"#0059a9","colorDark":"#00294f","angle":118.5,"snapDist":7,"label":1}},{"type":"Feature","geometry":{"type":"Point","coordinates":[24.708368,42.110771]},"properties":{"name":"Коматевско шосе (север)","lines":"1, 20","arr":["1","20"],"terminus":0,"mode":"bus","color":"#0059a9","colorDark":"#00294f","angle":299.8,"snapDist":6,"label":1}},{"type":"Feature","geometry":{"type":"Point","coordinates":[24.705498,42.106253]},"properties":{"name":"срещу Стадиона","lines":"1, 20, 27","arr":["1","20","27"],"terminus":0,"mode":"bus","color":"#0059a9","colorDark":"#00294f","angle":290.5,"snapDist":9,"label":1}},{"type":"Feature","geometry":{"type":"Point","coordinates":[24.712857,42.156879]},"properties":{"name":"ПУ - бул. България","lines":"4, 18, 20, 44, 222","arr":["4","18","20","44","222"],"terminus":1,"mode":"bus","color":"#0059a9","colorDark":"#00294f","angle":88.1,"snapDist":4,"label":1}},{"type":"Feature","geometry":{"type":"Point","coordinates":[24.713987,42.155938]},"properties":{"name":"Алати","lines":"4, 18, 20, 44, 222","arr":["4","18","20","44","222"],"terminus":0,"mode":"bus","color":"#0059a9","colorDark":"#00294f","angle":172,"snapDist":8,"label":1}},{"type":"Feature","geometry":{"type":"Point","coordinates":[24.71735,42.15627]},"properties":{"name":"Английска гимназия","lines":"4, 18, 20, 44, 222","arr":["4","18","20","44","222"],"terminus":0,"mode":"bus","color":"#0059a9","colorDark":"#00294f","angle":173,"snapDist":0,"label":1}},{"type":"Feature","geometry":{"type":"Point","coordinates":[24.721497,42.156669]},"properties":{"name":"Стадион Марица","lines":"4, 11, 18, 20, 44, 113, 222","arr":["4","11","18","20","44","113","222"],"terminus":0,"mode":"bus","color":"#0059a9","colorDark":"#00294f","angle":172.5,"snapDist":2,"label":1}},{"type":"Feature","geometry":{"type":"Point","coordinates":[24.724863,42.157099]},"properties":{"name":"Захарен комбинат","lines":"4, 11, 18, 20, 44, 113, 222","arr":["4","11","18","20","44","113","222"],"terminus":0,"mode":"bus","color":"#0059a9","colorDark":"#00294f","angle":169.5,"snapDist":12,"label":1}},{"type":"Feature","geometry":{"type":"Point","coordinates":[24.728886,42.157703]},"properties":{"name":"Практикер","lines":"4, 11, 18, 20, 44, 113, 222","arr":["4","11","18","20","44","113","222"],"terminus":0,"mode":"bus","color":"#0059a9","colorDark":"#00294f","angle":168.7,"snapDist":6,"label":1}},{"type":"Feature","geometry":{"type":"Point","coordinates":[24.733617,42.158375]},"properties":{"name":"бул. България -хотел С.Петербург","lines":"4, 11, 18, 20, 99","arr":["4","11","18","20","99"],"terminus":0,"mode":"bus","color":"#0059a9","colorDark":"#00294f","angle":169.9,"snapDist":11,"label":1}},{"type":"Feature","geometry":{"type":"Point","coordinates":[24.738448,42.159055]},"properties":{"name":"бул. България - магазин Нева","lines":"4, 16","arr":["4","16"],"terminus":0,"mode":"bus","color":"#0059a9","colorDark":"#00294f","angle":176,"snapDist":3,"label":1}},{"type":"Feature","geometry":{"type":"Point","coordinates":[24.745266,42.159033]},"properties":{"name":"бул. България 3 (юг)","lines":"4, 16","arr":["4","16"],"terminus":0,"mode":"bus","color":"#0059a9","colorDark":"#00294f","angle":177,"snapDist":6,"label":1}},{"type":"Feature","geometry":{"type":"Point","coordinates":[24.751955,42.138509]},"properties":{"name":"Пловдивски университет","lines":"4, 37, 44, 99","arr":["4","37","44","99"],"terminus":0,"mode":"bus","color":"#0059a9","colorDark":"#00294f","angle":264.5,"snapDist":10,"label":1}},{"type":"Feature","geometry":{"type":"Point","coordinates":[24.753061,42.135862]},"properties":{"name":"надлез Родопи","lines":"4, 37","arr":["4","37"],"terminus":0,"mode":"bus","color":"#0059a9","colorDark":"#00294f","angle":223.9,"snapDist":5,"label":1}},{"type":"Feature","geometry":{"type":"Point","coordinates":[24.756832,42.133114]},"properties":{"name":"Надлеза","lines":"4","arr":["4"],"terminus":0,"mode":"bus","color":"#0059a9","colorDark":"#00294f","angle":224.6,"snapDist":8,"label":1}},{"type":"Feature","geometry":{"type":"Point","coordinates":[24.76176,42.130481]},"properties":{"name":"бул. Найчо Цанов","lines":"4","arr":["4"],"terminus":0,"mode":"bus","color":"#0059a9","colorDark":"#00294f","angle":225.9,"snapDist":8,"label":1}},{"type":"Feature","geometry":{"type":"Point","coordinates":[24.764862,42.129078]},"properties":{"name":"Спортна зала","lines":"4","arr":["4"],"terminus":0,"mode":"bus","color":"#0059a9","colorDark":"#00294f","angle":134.1,"snapDist":4,"label":1}},{"type":"Feature","geometry":{"type":"Point","coordinates":[24.767737,42.130336]},"properties":{"name":"срещу Мото център","lines":"4, 10, 17, 99","arr":["4","10","17","99"],"terminus":0,"mode":"bus","color":"#0059a9","colorDark":"#00294f","angle":240.6,"snapDist":8,"label":1}},{"type":"Feature","geometry":{"type":"Point","coordinates":[24.77095,42.127604]},"properties":{"name":"Мебелна къща","lines":"4, 10, 99","arr":["4","10","99"],"terminus":0,"mode":"bus","color":"#0059a9","colorDark":"#00294f","angle":144.7,"snapDist":13,"label":1}},{"type":"Feature","geometry":{"type":"Point","coordinates":[24.773301,42.127712]},"properties":{"name":"срещу бл.201А","lines":"4","arr":["4"],"terminus":0,"mode":"bus","color":"#0059a9","colorDark":"#00294f","angle":232.2,"snapDist":10,"label":1}},{"type":"Feature","geometry":{"type":"Point","coordinates":[24.776342,42.127388]},"properties":{"name":"срещу бл.208","lines":"4, 17, 93","arr":["4","17","93"],"terminus":0,"mode":"bus","color":"#0059a9","colorDark":"#00294f","angle":145.1,"snapDist":1,"label":1}},{"type":"Feature","geometry":{"type":"Point","coordinates":[24.781285,42.128707]},"properties":{"name":"срещу Детски свят","lines":"4, 9, 10, 17, 21, 24, 25, 29, 66, 93, 99","arr":["4","9","10","17","21","24","25","29","66","93","99"],"terminus":0,"mode":"bus","color":"#0059a9","colorDark":"#00294f","angle":158.4,"snapDist":6,"label":1}},{"type":"Feature","geometry":{"type":"Point","coordinates":[24.786519,42.129335]},"properties":{"name":"бл.150","lines":"4, 9, 10, 17, 18, 21, 24, 25, 29, 44, 66, 93, 99","arr":["4","9","10","17","18","21","24","25","29","44","66","93","99"],"terminus":0,"mode":"bus","color":"#0059a9","colorDark":"#00294f","angle":173.8,"snapDist":8,"label":1}},{"type":"Feature","geometry":{"type":"Point","coordinates":[24.791256,42.131004]},"properties":{"name":"СОУ Софроний Врачански","lines":"4, 9, 10, 17, 18, 21, 24, 25, 29, 66, 93, 99","arr":["4","9","10","17","18","21","24","25","29","66","93","99"],"terminus":0,"mode":"bus","color":"#0059a9","colorDark":"#00294f","angle":178.2,"snapDist":9,"label":1}},{"type":"Feature","geometry":{"type":"Point","coordinates":[24.795677,42.134757]},"properties":{"name":"Срещу Католически храм","lines":"4, 9, 10, 17, 18, 21, 24, 29, 66","arr":["4","9","10","17","18","21","24","29","66"],"terminus":0,"mode":"bus","color":"#0059a9","colorDark":"#00294f","angle":105.3,"snapDist":3,"label":1}},{"type":"Feature","geometry":{"type":"Point","coordinates":[24.79669,42.138921]},"properties":{"name":"училище Д.Матевски","lines":"4, 9, 10, 17, 18, 21, 24, 29, 66","arr":["4","9","10","17","18","21","24","29","66"],"terminus":0,"mode":"bus","color":"#0059a9","colorDark":"#00294f","angle":60.1,"snapDist":5,"label":1}},{"type":"Feature","geometry":{"type":"Point","coordinates":[24.795505,42.140847]},"properties":{"name":"срещу ОУ Черноризец Храбър","lines":"4, 10, 17, 21, 66","arr":["4","10","17","21","66"],"terminus":0,"mode":"bus","color":"#0059a9","colorDark":"#00294f","angle":147,"snapDist":2,"label":1}},{"type":"Feature","geometry":{"type":"Point","coordinates":[24.799417,42.142525]},"properties":{"name":"бл.265","lines":"4, 10, 17, 21, 66","arr":["4","10","17","21","66"],"terminus":0,"mode":"bus","color":"#0059a9","colorDark":"#00294f","angle":105.8,"snapDist":2,"label":1}},{"type":"Feature","geometry":{"type":"Point","coordinates":[24.798919,42.144034]},"properties":{"name":"кв. Тракия (а-13)","lines":"4, 10, 17, 21","arr":["4","10","17","21"],"terminus":1,"mode":"bus","color":"#0059a9","colorDark":"#00294f","angle":54.5,"snapDist":18,"label":1}},{"type":"Feature","geometry":{"type":"Point","coordinates":[24.800792,42.141345]},"properties":{"name":"бл.99","lines":"4, 10, 17, 21, 66","arr":["4","10","17","21","66"],"terminus":0,"mode":"bus","color":"#0059a9","colorDark":"#00294f","angle":13.9,"snapDist":3,"label":1}},{"type":"Feature","geometry":{"type":"Point","coordinates":[24.795275,42.14029]},"properties":{"name":"бл.62","lines":"4, 9, 10, 17, 18, 21, 24, 29, 66","arr":["4","9","10","17","18","21","24","29","66"],"terminus":0,"mode":"bus","color":"#0059a9","colorDark":"#00294f","angle":236.9,"snapDist":12,"label":1}},{"type":"Feature","geometry":{"type":"Point","coordinates":[24.796176,42.136235]},"properties":{"name":"Католически храм","lines":"4, 9, 10, 17, 18, 21, 24, 29, 66","arr":["4","9","10","17","18","21","24","29","66"],"terminus":0,"mode":"bus","color":"#0059a9","colorDark":"#00294f","angle":283.9,"snapDist":2,"label":1}},{"type":"Feature","geometry":{"type":"Point","coordinates":[24.795131,42.133278]},"properties":{"name":"Форум Тракия","lines":"4, 9, 10, 17, 18, 21, 24, 25, 29, 66, 93, 99","arr":["4","9","10","17","18","21","24","25","29","66","93","99"],"terminus":0,"mode":"bus","color":"#0059a9","colorDark":"#00294f","angle":285.3,"snapDist":5,"label":1}},{"type":"Feature","geometry":{"type":"Point","coordinates":[24.789869,42.130796]},"properties":{"name":"кино Феникс","lines":"4, 9, 10, 17, 18, 21, 24, 25, 29, 44, 66, 93, 99","arr":["4","9","10","17","18","21","24","25","29","44","66","93","99"],"terminus":0,"mode":"bus","color":"#0059a9","colorDark":"#00294f","angle":327.4,"snapDist":4,"label":1}},{"type":"Feature","geometry":{"type":"Point","coordinates":[24.785316,42.129248]},"properties":{"name":"бл.175","lines":"4, 9, 10, 17, 21, 24, 25, 29, 66, 93, 99","arr":["4","9","10","17","21","24","25","29","66","93","99"],"terminus":0,"mode":"bus","color":"#0059a9","colorDark":"#00294f","angle":354.2,"snapDist":5,"label":1}},{"type":"Feature","geometry":{"type":"Point","coordinates":[24.780634,42.128507]},"properties":{"name":"пред Детски свят","lines":"4, 9, 17, 21, 25, 29, 66","arr":["4","9","17","21","25","29","66"],"terminus":0,"mode":"bus","color":"#0059a9","colorDark":"#00294f","angle":337.1,"snapDist":5,"label":1}},{"type":"Feature","geometry":{"type":"Point","coordinates":[24.776753,42.127607]},"properties":{"name":"бл.208","lines":"4, 17","arr":["4","17"],"terminus":0,"mode":"bus","color":"#0059a9","colorDark":"#00294f","angle":323.1,"snapDist":5,"label":1}},{"type":"Feature","geometry":{"type":"Point","coordinates":[24.773634,42.127265]},"properties":{"name":"бл.201а","lines":"4","arr":["4"],"terminus":0,"mode":"bus","color":"#0059a9","colorDark":"#00294f","angle":64.5,"snapDist":14,"label":1}},{"type":"Feature","geometry":{"type":"Point","coordinates":[24.77008,42.127925]},"properties":{"name":"Баумакс","lines":"4, 10, 17, 99","arr":["4","10","17","99"],"terminus":0,"mode":"bus","color":"#0059a9","colorDark":"#00294f","angle":250.3,"snapDist":12,"label":1}},{"type":"Feature","geometry":{"type":"Point","coordinates":[24.766909,42.130511]},"properties":{"name":"срещу Спортна зала","lines":"4","arr":["4"],"terminus":0,"mode":"bus","color":"#0059a9","colorDark":"#00294f","angle":330.9,"snapDist":5,"label":1}},{"type":"Feature","geometry":{"type":"Point","coordinates":[24.764014,42.128781]},"properties":{"name":"Найчо Цанов 1","lines":"4","arr":["4"],"terminus":0,"mode":"bus","color":"#0059a9","colorDark":"#00294f","angle":44.8,"snapDist":3,"label":1}},{"type":"Feature","geometry":{"type":"Point","coordinates":[24.76015,42.131512]},"properties":{"name":"Найчо Цанов 2","lines":"4","arr":["4"],"terminus":0,"mode":"bus","color":"#0059a9","colorDark":"#00294f","angle":33.7,"snapDist":10,"label":1}},{"type":"Feature","geometry":{"type":"Point","coordinates":[24.755213,42.134477]},"properties":{"name":"Градинка","lines":"4, 37","arr":["4","37"],"terminus":0,"mode":"bus","color":"#0059a9","colorDark":"#00294f","angle":45.7,"snapDist":2,"label":1}},{"type":"Feature","geometry":{"type":"Point","coordinates":[24.745244,42.159168]},"properties":{"name":"бул. България - север","lines":"4, 16","arr":["4","16"],"terminus":0,"mode":"bus","color":"#0059a9","colorDark":"#00294f","angle":356.8,"snapDist":6,"label":1}},{"type":"Feature","geometry":{"type":"Point","coordinates":[24.741798,42.15908]},"properties":{"name":"бул. България - СОУ П.Яворов","lines":"4, 16","arr":["4","16"],"terminus":0,"mode":"bus","color":"#0059a9","colorDark":"#00294f","angle":1.2,"snapDist":7,"label":1}},{"type":"Feature","geometry":{"type":"Point","coordinates":[24.737094,42.159045]},"properties":{"name":"бул. България - хотел С.Петербург","lines":"4, 11, 18, 20, 99","arr":["4","11","18","20","99"],"terminus":0,"mode":"bus","color":"#0059a9","colorDark":"#00294f","angle":348.4,"snapDist":2,"label":1}},{"type":"Feature","geometry":{"type":"Point","coordinates":[24.73336,42.158801]},"properties":{"name":"Пазарчето","lines":"4, 18, 20, 99","arr":["4","18","20","99"],"terminus":0,"mode":"bus","color":"#0059a9","colorDark":"#00294f","angle":222.2,"snapDist":13,"label":1}},{"type":"Feature","geometry":{"type":"Point","coordinates":[24.728997,42.158001]},"properties":{"name":"срещу Практикер","lines":"4, 11, 18, 20, 44, 113, 222","arr":["4","11","18","20","44","113","222"],"terminus":0,"mode":"bus","color":"#0059a9","colorDark":"#00294f","angle":347.2,"snapDist":1,"label":1}},{"type":"Feature","geometry":{"type":"Point","coordinates":[24.725489,42.157473]},"properties":{"name":"срещу Захарен комбинат","lines":"4, 11, 18, 20, 44, 113, 222","arr":["4","11","18","20","44","113","222"],"terminus":0,"mode":"bus","color":"#0059a9","colorDark":"#00294f","angle":349.1,"snapDist":5,"label":1}},{"type":"Feature","geometry":{"type":"Point","coordinates":[24.720106,42.15666]},"properties":{"name":"Окръжна болница","lines":"4, 18, 20, 44, 222","arr":["4","18","20","44","222"],"terminus":0,"mode":"bus","color":"#0059a9","colorDark":"#00294f","angle":352.3,"snapDist":10,"label":1}},{"type":"Feature","geometry":{"type":"Point","coordinates":[24.716018,42.156267]},"properties":{"name":"Технически университет","lines":"4, 18, 20, 44, 222","arr":["4","18","20","44","222"],"terminus":0,"mode":"bus","color":"#0059a9","colorDark":"#00294f","angle":352.4,"snapDist":12,"label":1}},{"type":"Feature","geometry":{"type":"Point","coordinates":[24.677273,42.120085]},"properties":{"name":"Прослав - последна","lines":"6, 15, 24, 66, 222","arr":["6","15","24","66","222"],"terminus":1,"mode":"bus","color":"#0059a9","colorDark":"#00294f","angle":53.1,"snapDist":3,"label":1}},{"type":"Feature","geometry":{"type":"Point","coordinates":[24.680408,42.120326]},"properties":{"name":"ул. Елена юг","lines":"6, 15, 24, 66, 222","arr":["6","15","24","66","222"],"terminus":0,"mode":"bus","color":"#0059a9","colorDark":"#00294f","angle":184.7,"snapDist":8,"label":1}},{"type":"Feature","geometry":{"type":"Point","coordinates":[24.684582,42.120313]},"properties":{"name":"Прослав 2 -Училище","lines":"6, 15, 24, 66, 222","arr":["6","15","24","66","222"],"terminus":0,"mode":"bus","color":"#0059a9","colorDark":"#00294f","angle":176.9,"snapDist":13,"label":1}},{"type":"Feature","geometry":{"type":"Point","coordinates":[24.687549,42.120726]},"properties":{"name":"ул. Елена","lines":"6, 15, 24, 66, 222","arr":["6","15","24","66","222"],"terminus":0,"mode":"bus","color":"#0059a9","colorDark":"#00294f","angle":79.6,"snapDist":3,"label":1}},{"type":"Feature","geometry":{"type":"Point","coordinates":[24.687723,42.122936]},"properties":{"name":"ул. Елин Пелин","lines":"6, 15, 24, 66, 222","arr":["6","15","24","66","222"],"terminus":0,"mode":"bus","color":"#0059a9","colorDark":"#00294f","angle":126.7,"snapDist":5,"label":1}},{"type":"Feature","geometry":{"type":"Point","coordinates":[24.684881,42.123678]},"properties":{"name":"ул. Битоля (север)","lines":"6, 15, 24, 66, 222","arr":["6","15","24","66","222"],"terminus":0,"mode":"bus","color":"#0059a9","colorDark":"#00294f","angle":359.5,"snapDist":8,"label":1}},{"type":"Feature","geometry":{"type":"Point","coordinates":[24.682169,42.125137]},"properties":{"name":"Срещу Филипополис","lines":"6, 15, 66, 222","arr":["6","15","66","222"],"terminus":0,"mode":"bus","color":"#0059a9","colorDark":"#00294f","angle":353.7,"snapDist":7,"label":1}},{"type":"Feature","geometry":{"type":"Point","coordinates":[24.688534,42.126167]},"properties":{"name":"ул. Елин Пелин (изток)","lines":"6, 15, 24, 66, 222","arr":["6","15","24","66","222"],"terminus":0,"mode":"bus","color":"#0059a9","colorDark":"#00294f","angle":107.5,"snapDist":10,"label":1}},{"type":"Feature","geometry":{"type":"Point","coordinates":[24.689306,42.127648]},"properties":{"name":"срещу ОДЗ Боряна","lines":"6, 15, 17, 24, 66, 222","arr":["6","15","17","24","66","222"],"terminus":1,"mode":"bus","color":"#0059a9","colorDark":"#00294f","angle":112.1,"snapDist":8,"label":1}},{"type":"Feature","geometry":{"type":"Point","coordinates":[24.692786,42.131059]},"properties":{"name":"Автоморга","lines":"6, 15, 24, 66, 222","arr":["6","15","24","66","222"],"terminus":0,"mode":"bus","color":"#0059a9","colorDark":"#00294f","angle":170.1,"snapDist":7,"label":1}},{"type":"Feature","geometry":{"type":"Point","coordinates":[24.697838,42.131722]},"properties":{"name":"склад за гуми","lines":"6, 15, 24, 222","arr":["6","15","24","222"],"terminus":0,"mode":"bus","color":"#0059a9","colorDark":"#00294f","angle":169.9,"snapDist":10,"label":1}},{"type":"Feature","geometry":{"type":"Point","coordinates":[24.703249,42.13246]},"properties":{"name":"Мега Марина","lines":"6, 15, 24, 66, 222","arr":["6","15","24","66","222"],"terminus":0,"mode":"bus","color":"#0059a9","colorDark":"#00294f","angle":168.9,"snapDist":5,"label":1}},{"type":"Feature","geometry":{"type":"Point","coordinates":[24.709109,42.133632]},"properties":{"name":"срещу Динекспрес","lines":"6, 15, 24, 66, 222","arr":["6","15","24","66","222"],"terminus":0,"mode":"bus","color":"#0059a9","colorDark":"#00294f","angle":149.7,"snapDist":7,"label":1}},{"type":"Feature","geometry":{"type":"Point","coordinates":[24.716389,42.136876]},"properties":{"name":"срещу Хирургиите","lines":"6, 10, 15, 24, 37, 66","arr":["6","10","15","24","37","66"],"terminus":0,"mode":"bus","color":"#0059a9","colorDark":"#00294f","angle":146.8,"snapDist":6,"label":1}},{"type":"Feature","geometry":{"type":"Point","coordinates":[24.720794,42.137982]},"properties":{"name":"срещу Аптечно управление","lines":"6, 24, 37, 66","arr":["6","24","37","66"],"terminus":0,"mode":"bus","color":"#0059a9","colorDark":"#00294f","angle":164.3,"snapDist":5,"label":1}},{"type":"Feature","geometry":{"type":"Point","coordinates":[24.724375,42.138717]},"properties":{"name":"срещу бензиностанция Шел","lines":"6, 24, 37, 66","arr":["6","24","37","66"],"terminus":0,"mode":"bus","color":"#0059a9","colorDark":"#00294f","angle":164.5,"snapDist":8,"label":1}},{"type":"Feature","geometry":{"type":"Point","coordinates":[24.728588,42.139606]},"properties":{"name":"срещу ПГЕЕ","lines":"6, 24, 66","arr":["6","24","66"],"terminus":0,"mode":"bus","color":"#0059a9","colorDark":"#00294f","angle":161.3,"snapDist":3,"label":1}},{"type":"Feature","geometry":{"type":"Point","coordinates":[24.736903,42.140879]},"properties":{"name":"ОУ Антим 1","lines":"6, 10, 66","arr":["6","10","66"],"terminus":0,"mode":"bus","color":"#0059a9","colorDark":"#00294f","angle":189.4,"snapDist":7,"label":1}},{"type":"Feature","geometry":{"type":"Point","coordinates":[24.74169,42.142723]},"properties":{"name":"Търговска гимназия","lines":"6, 12, 16, 18, 116","arr":["6","12","16","18","116"],"terminus":0,"mode":"bus","color":"#0059a9","colorDark":"#00294f","angle":356.2,"snapDist":6,"label":1}},{"type":"Feature","geometry":{"type":"Point","coordinates":[24.74118,42.146394]},"properties":{"name":"Пианото","lines":"6, 12, 16, 18, 116","arr":["6","12","16","18","116"],"terminus":0,"mode":"bus","color":"#0059a9","colorDark":"#00294f","angle":356.2,"snapDist":5,"label":1}},{"type":"Feature","geometry":{"type":"Point","coordinates":[24.744854,42.150881]},"properties":{"name":"пл. Съединение","lines":"6, 11, 15, 20, 21, 22, 37, 44, 93, 99, 116","arr":["6","11","15","20","21","22","37","44","93","99","116"],"terminus":0,"mode":"bus","color":"#0059a9","colorDark":"#00294f","angle":159.4,"snapDist":4,"label":1}},{"type":"Feature","geometry":{"type":"Point","coordinates":[24.751386,42.152165]},"properties":{"name":"срещу Семинарията","lines":"6, 21, 22, 25, 26, 116","arr":["6","21","22","25","26","116"],"terminus":0,"mode":"bus","color":"#0059a9","colorDark":"#00294f","angle":163,"snapDist":4,"label":1}},{"type":"Feature","geometry":{"type":"Point","coordinates":[24.75485,42.151636]},"properties":{"name":"пл. Шахбазян","lines":"6, 21, 22, 25, 26, 116","arr":["6","21","22","25","26","116"],"terminus":0,"mode":"bus","color":"#0059a9","colorDark":"#00294f","angle":175.5,"snapDist":0,"label":1}},{"type":"Feature","geometry":{"type":"Point","coordinates":[24.759486,42.152837]},"properties":{"name":"срещу ОУ Любен Каравелов","lines":"6, 21, 22, 25, 26, 116","arr":["6","21","22","25","26","116"],"terminus":0,"mode":"bus","color":"#0059a9","colorDark":"#00294f","angle":164.1,"snapDist":4,"label":1}},{"type":"Feature","geometry":{"type":"Point","coordinates":[24.767199,42.152769]},"properties":{"name":"срещу Нордикс","lines":"6, 22, 26, 116","arr":["6","22","26","116"],"terminus":0,"mode":"bus","color":"#0059a9","colorDark":"#00294f","angle":178.5,"snapDist":4,"label":1}},{"type":"Feature","geometry":{"type":"Point","coordinates":[24.772161,42.152349]},"properties":{"name":"Ритон","lines":"6, 22, 26","arr":["6","22","26"],"terminus":0,"mode":"bus","color":"#0059a9","colorDark":"#00294f","angle":29.3,"snapDist":12,"label":1}},{"type":"Feature","geometry":{"type":"Point","coordinates":[24.775945,42.150596]},"properties":{"name":"магазин Вис Виталис","lines":"6, 22, 26","arr":["6","22","26"],"terminus":0,"mode":"bus","color":"#0059a9","colorDark":"#00294f","angle":216.2,"snapDist":6,"label":1}},{"type":"Feature","geometry":{"type":"Point","coordinates":[24.780684,42.148753]},"properties":{"name":"бензиностанция Шел","lines":"6, 21, 22, 26, 36, 66","arr":["6","21","22","26","36","66"],"terminus":0,"mode":"bus","color":"#0059a9","colorDark":"#00294f","angle":185.1,"snapDist":4,"label":1}},{"type":"Feature","geometry":{"type":"Point","coordinates":[24.786559,42.149824]},"properties":{"name":"Рум Изгрев","lines":"6, 21, 26, 36, 66","arr":["6","21","26","36","66"],"terminus":0,"mode":"bus","color":"#0059a9","colorDark":"#00294f","angle":95.1,"snapDist":5,"label":1}},{"type":"Feature","geometry":{"type":"Point","coordinates":[24.789106,42.151082]},"properties":{"name":"след Пазара","lines":"6, 21","arr":["6","21"],"terminus":0,"mode":"bus","color":"#0059a9","colorDark":"#00294f","angle":94.1,"snapDist":4,"label":1}},{"type":"Feature","geometry":{"type":"Point","coordinates":[24.789555,42.153262]},"properties":{"name":"ул Вратцата (Игрището)","lines":"6, 26, 36","arr":["6","26","36"],"terminus":0,"mode":"bus","color":"#0059a9","colorDark":"#00294f","angle":95.4,"snapDist":2,"label":1}},{"type":"Feature","geometry":{"type":"Point","coordinates":[24.79007,42.155283]},"properties":{"name":"ул. Вратцата - Паркинга","lines":"6, 26, 36","arr":["6","26","36"],"terminus":0,"mode":"bus","color":"#0059a9","colorDark":"#00294f","angle":109.5,"snapDist":4,"label":1}},{"type":"Feature","geometry":{"type":"Point","coordinates":[24.788993,42.15729]},"properties":{"name":"срещу училище Д.Дебелянов","lines":"6, 26, 36","arr":["6","26","36"],"terminus":0,"mode":"bus","color":"#0059a9","colorDark":"#00294f","angle":21.3,"snapDist":11,"label":1}},{"type":"Feature","geometry":{"type":"Point","coordinates":[24.785637,42.1596]},"properties":{"name":"ул. Крайна","lines":"6, 26, 36","arr":["6","26","36"],"terminus":0,"mode":"bus","color":"#0059a9","colorDark":"#00294f","angle":4,"snapDist":3,"label":1}},{"type":"Feature","geometry":{"type":"Point","coordinates":[24.782284,42.159749]},"properties":{"name":"ул. Крайна №1","lines":"6, 26","arr":["6","26"],"terminus":0,"mode":"bus","color":"#0059a9","colorDark":"#00294f","angle":2.7,"snapDist":10,"label":1}},{"type":"Feature","geometry":{"type":"Point","coordinates":[24.781387,42.159426]},"properties":{"name":"кв. Изгрев - обръщало ул. Край","lines":"6, 26, 36","arr":["6","26","36"],"terminus":1,"mode":"bus","color":"#0059a9","colorDark":"#00294f","angle":160.4,"snapDist":3,"label":1}},{"type":"Feature","geometry":{"type":"Point","coordinates":[24.787654,42.159373]},"properties":{"name":"ул. Крайна №30","lines":"6, 26, 36","arr":["6","26","36"],"terminus":0,"mode":"bus","color":"#0059a9","colorDark":"#00294f","angle":191.4,"snapDist":1,"label":1}},{"type":"Feature","geometry":{"type":"Point","coordinates":[24.789091,42.157262]},"properties":{"name":"училище Димчо Дебелянов","lines":"6, 26, 36","arr":["6","26","36"],"terminus":0,"mode":"bus","color":"#0059a9","colorDark":"#00294f","angle":201.3,"snapDist":2,"label":1}},{"type":"Feature","geometry":{"type":"Point","coordinates":[24.790006,42.155149]},"properties":{"name":"срещу Паркинга","lines":"6, 26, 36","arr":["6","26","36"],"terminus":0,"mode":"bus","color":"#0059a9","colorDark":"#00294f","angle":289.5,"snapDist":0,"label":1}},{"type":"Feature","geometry":{"type":"Point","coordinates":[24.789595,42.153573]},"properties":{"name":"срещу Детска Градина","lines":"6, 26, 36","arr":["6","26","36"],"terminus":0,"mode":"bus","color":"#0059a9","colorDark":"#00294f","angle":275.4,"snapDist":8,"label":1}},{"type":"Feature","geometry":{"type":"Point","coordinates":[24.789061,42.150647]},"properties":{"name":"Пазара","lines":"6, 21","arr":["6","21"],"terminus":0,"mode":"bus","color":"#0059a9","colorDark":"#00294f","angle":274.9,"snapDist":3,"label":1}},{"type":"Feature","geometry":{"type":"Point","coordinates":[24.785592,42.148911]},"properties":{"name":"Цариградско шосе","lines":"6, 21, 22, 26, 36, 66","arr":["6","21","22","26","36","66"],"terminus":0,"mode":"bus","color":"#0059a9","colorDark":"#00294f","angle":-175.5,"snapDist":12,"label":1}},{"type":"Feature","geometry":{"type":"Point","coordinates":[24.780111,42.14912]},"properties":{"name":"С.Белинов","lines":"6, 21, 22, 26, 36, 66","arr":["6","21","22","26","36","66"],"terminus":0,"mode":"bus","color":"#0059a9","colorDark":"#00294f","angle":6.6,"snapDist":7,"label":1}},{"type":"Feature","geometry":{"type":"Point","coordinates":[24.773748,42.151798]},"properties":{"name":"Завод Чайка","lines":"6, 22, 26","arr":["6","22","26"],"terminus":0,"mode":"bus","color":"#0059a9","colorDark":"#00294f","angle":36.4,"snapDist":7,"label":1}},{"type":"Feature","geometry":{"type":"Point","coordinates":[24.770102,42.152897]},"properties":{"name":"магазин Бриколаж 2","lines":"6, 22, 116","arr":["6","22","116"],"terminus":0,"mode":"bus","color":"#0059a9","colorDark":"#00294f","angle":358.3,"snapDist":5,"label":1}},{"type":"Feature","geometry":{"type":"Point","coordinates":[24.762002,42.153133]},"properties":{"name":"магазин Билла 1","lines":"6, 21, 22, 25, 26, 116","arr":["6","21","22","25","26","116"],"terminus":0,"mode":"bus","color":"#0059a9","colorDark":"#00294f","angle":358.2,"snapDist":4,"label":1}},{"type":"Feature","geometry":{"type":"Point","coordinates":[24.758754,42.152765]},"properties":{"name":"Училище Л.Каравелов","lines":"6, 21, 22, 25, 26, 116","arr":["6","21","22","25","26","116"],"terminus":0,"mode":"bus","color":"#0059a9","colorDark":"#00294f","angle":344.1,"snapDist":4,"label":1}},{"type":"Feature","geometry":{"type":"Point","coordinates":[24.754012,42.151836]},"properties":{"name":"срещу пл. Шахбазян","lines":"6, 21, 22, 25, 26, 116","arr":["6","21","22","25","26","116"],"terminus":0,"mode":"bus","color":"#0059a9","colorDark":"#00294f","angle":10.5,"snapDist":4,"label":1}},{"type":"Feature","geometry":{"type":"Point","coordinates":[24.744706,42.150938]},"properties":{"name":"срещу пл. Съединение","lines":"6, 11, 15, 20, 21, 22, 37, 44, 93, 99, 116","arr":["6","11","15","20","21","22","37","44","93","99","116"],"terminus":0,"mode":"bus","color":"#0059a9","colorDark":"#00294f","angle":339.8,"snapDist":4,"label":1}},{"type":"Feature","geometry":{"type":"Point","coordinates":[24.74067,42.148355]},"properties":{"name":"Бунарджика","lines":"6, 12, 16, 18, 116","arr":["6","12","16","18","116"],"terminus":0,"mode":"bus","color":"#0059a9","colorDark":"#00294f","angle":264.8,"snapDist":7,"label":1}},{"type":"Feature","geometry":{"type":"Point","coordinates":[24.741459,42.141205]},"properties":{"name":"МОЛ Марково тепе","lines":"6, 12, 16, 18, 116","arr":["6","12","16","18","116"],"terminus":0,"mode":"bus","color":"#0059a9","colorDark":"#00294f","angle":265.6,"snapDist":7,"label":1}},{"type":"Feature","geometry":{"type":"Point","coordinates":[24.735991,42.140311]},"properties":{"name":"срещу ВМИ","lines":"6, 17, 24, 113, 222","arr":["6","17","24","113","222"],"terminus":0,"mode":"bus","color":"#0059a9","colorDark":"#00294f","angle":36.3,"snapDist":0,"label":1}},{"type":"Feature","geometry":{"type":"Point","coordinates":[24.732755,42.141266]},"properties":{"name":"Пещерско шосе","lines":"6, 24, 66","arr":["6","24","66"],"terminus":0,"mode":"bus","color":"#0059a9","colorDark":"#00294f","angle":329.4,"snapDist":1,"label":1}},{"type":"Feature","geometry":{"type":"Point","coordinates":[24.727675,42.13942]},"properties":{"name":"ПГЕЕ","lines":"6, 24, 66","arr":["6","24","66"],"terminus":0,"mode":"bus","color":"#0059a9","colorDark":"#00294f","angle":344.8,"snapDist":5,"label":1}},{"type":"Feature","geometry":{"type":"Point","coordinates":[24.722319,42.1383]},"properties":{"name":"магазин Билла -5","lines":"6, 24, 37, 66","arr":["6","24","37","66"],"terminus":0,"mode":"bus","color":"#0059a9","colorDark":"#00294f","angle":344,"snapDist":6,"label":1}},{"type":"Feature","geometry":{"type":"Point","coordinates":[24.71583,42.135243]},"properties":{"name":"Студентски общижития","lines":"6, 10, 15, 24, 37, 66, 222","arr":["6","10","15","24","37","66","222"],"terminus":0,"mode":"bus","color":"#0059a9","colorDark":"#00294f","angle":259.9,"snapDist":4,"label":1}},{"type":"Feature","geometry":{"type":"Point","coordinates":[24.716527,42.132907]},"properties":{"name":"пазара","lines":"6, 10, 15, 24, 37, 66, 222","arr":["6","10","15","24","37","66","222"],"terminus":0,"mode":"bus","color":"#0059a9","colorDark":"#00294f","angle":79.4,"snapDist":4,"label":1}},{"type":"Feature","geometry":{"type":"Point","coordinates":[24.708827,42.130723]},"properties":{"name":"район Запад - кметството","lines":"6, 10, 12, 15, 24, 26, 29, 37, 66, 222","arr":["6","10","12","15","24","26","29","37","66","222"],"terminus":0,"mode":"bus","color":"#0059a9","colorDark":"#00294f","angle":0.3,"snapDist":6,"label":1}},{"type":"Feature","geometry":{"type":"Point","coordinates":[24.705941,42.128831]},"properties":{"name":"ОМГ","lines":"6, 10, 12, 15, 24, 26, 29, 37, 66, 222","arr":["6","10","12","15","24","26","29","37","66","222"],"terminus":0,"mode":"bus","color":"#0059a9","colorDark":"#00294f","angle":345.6,"snapDist":14,"label":1}},{"type":"Feature","geometry":{"type":"Point","coordinates":[24.702373,42.132336]},"properties":{"name":"срещу Мега Марина","lines":"6, 15, 24, 66, 222","arr":["6","15","24","66","222"],"terminus":0,"mode":"bus","color":"#0059a9","colorDark":"#00294f","angle":350.5,"snapDist":12,"label":1}},{"type":"Feature","geometry":{"type":"Point","coordinates":[24.69751,42.131679]},"properties":{"name":"Арнаудов","lines":"6, 15, 24, 66, 222","arr":["6","15","24","66","222"],"terminus":0,"mode":"bus","color":"#0059a9","colorDark":"#00294f","angle":349.7,"snapDist":5,"label":1}},{"type":"Feature","geometry":{"type":"Point","coordinates":[24.690468,42.130464]},"properties":{"name":"рeсторант Чадърите 1","lines":"6, 15, 17, 24, 66, 222","arr":["6","15","17","24","66","222"],"terminus":0,"mode":"bus","color":"#0059a9","colorDark":"#00294f","angle":284.2,"snapDist":7,"label":1}},{"type":"Feature","geometry":{"type":"Point","coordinates":[24.688645,42.126377]},"properties":{"name":"ул. Елин Пелин (запад)","lines":"6, 15, 17, 24, 66, 222","arr":["6","15","17","24","66","222"],"terminus":0,"mode":"bus","color":"#0059a9","colorDark":"#00294f","angle":291.4,"snapDist":4,"label":1}},{"type":"Feature","geometry":{"type":"Point","coordinates":[24.686377,42.125322]},"properties":{"name":"Медицински център Прослав","lines":"6, 15, 66, 222","arr":["6","15","66","222"],"terminus":0,"mode":"bus","color":"#0059a9","colorDark":"#00294f","angle":1.2,"snapDist":12,"label":1}},{"type":"Feature","geometry":{"type":"Point","coordinates":[24.682462,42.125468]},"properties":{"name":"вход ТКЗС","lines":"6, 24","arr":["6","24"],"terminus":0,"mode":"bus","color":"#0059a9","colorDark":"#00294f","angle":3,"snapDist":13,"label":1}},{"type":"Feature","geometry":{"type":"Point","coordinates":[24.682651,42.125155]},"properties":{"name":"Филипополис","lines":"6, 15, 24, 66, 222","arr":["6","15","24","66","222"],"terminus":0,"mode":"bus","color":"#0059a9","colorDark":"#00294f","angle":180.8,"snapDist":7,"label":1}},{"type":"Feature","geometry":{"type":"Point","coordinates":[24.684432,42.123507]},"properties":{"name":"ул. Б.Петров","lines":"6, 15, 24, 66, 222","arr":["6","15","24","66","222"],"terminus":0,"mode":"bus","color":"#0059a9","colorDark":"#00294f","angle":258,"snapDist":4,"label":1}},{"type":"Feature","geometry":{"type":"Point","coordinates":[24.683697,42.120281]},"properties":{"name":"ул. Тих кът","lines":"6, 15, 24, 66, 222","arr":["6","15","24","66","222"],"terminus":0,"mode":"bus","color":"#0059a9","colorDark":"#00294f","angle":356.9,"snapDist":11,"label":1}},{"type":"Feature","geometry":{"type":"Point","coordinates":[24.775481,42.166594]},"properties":{"name":"Рогошки гробища -последна спирка","lines":"7","arr":["7"],"terminus":1,"mode":"bus","color":"#0059a9","colorDark":"#00294f","angle":246.8,"snapDist":2,"label":1}},{"type":"Feature","geometry":{"type":"Point","coordinates":[24.772689,42.163857]},"properties":{"name":"Бензиностанция","lines":"7","arr":["7"],"terminus":0,"mode":"bus","color":"#0059a9","colorDark":"#00294f","angle":312.5,"snapDist":1,"label":1}},{"type":"Feature","geometry":{"type":"Point","coordinates":[24.770343,42.162609]},"properties":{"name":"разклона за ЗХА Родина - север","lines":"7","arr":["7"],"terminus":0,"mode":"bus","color":"#0059a9","colorDark":"#00294f","angle":322.1,"snapDist":3,"label":1}},{"type":"Feature","geometry":{"type":"Point","coordinates":[24.7669,42.160658]},"properties":{"name":"срещу завод Напредък","lines":"7, 27","arr":["7","27"],"terminus":0,"mode":"bus","color":"#0059a9","colorDark":"#00294f","angle":325.5,"snapDist":3,"label":1}},{"type":"Feature","geometry":{"type":"Point","coordinates":[24.759472,42.159801]},"properties":{"name":"Пожарната - север","lines":"7, 16, 27","arr":["7","16","27"],"terminus":0,"mode":"bus","color":"#0059a9","colorDark":"#00294f","angle":168.7,"snapDist":3,"label":1}},{"type":"Feature","geometry":{"type":"Point","coordinates":[24.756003,42.159415]},"properties":{"name":"Панаира - север 1","lines":"7, 16, 27","arr":["7","16","27"],"terminus":0,"mode":"bus","color":"#0059a9","colorDark":"#00294f","angle":358.9,"snapDist":12,"label":1}},{"type":"Feature","geometry":{"type":"Point","coordinates":[24.751203,42.159322]},"properties":{"name":"Панаира 2","lines":"7, 16, 27","arr":["7","16","27"],"terminus":0,"mode":"bus","color":"#0059a9","colorDark":"#00294f","angle":359.1,"snapDist":16,"label":1}},{"type":"Feature","geometry":{"type":"Point","coordinates":[24.744172,42.135363]},"properties":{"name":"Автогара Юг","lines":"7, 18, 20, 26, 29","arr":["7","18","20","26","29"],"terminus":0,"mode":"bus","color":"#0059a9","colorDark":"#00294f","angle":358.4,"snapDist":5,"label":1}},{"type":"Feature","geometry":{"type":"Point","coordinates":[24.741374,42.135066]},"properties":{"name":"срещу Централна гара","lines":"7, 12, 16, 17, 20, 24, 26, 29, 113, 116, 222","arr":["7","12","16","17","20","24","26","29","113","116","222"],"terminus":0,"mode":"bus","color":"#0059a9","colorDark":"#00294f","angle":343.5,"snapDist":4,"label":1}},{"type":"Feature","geometry":{"type":"Point","coordinates":[24.736082,42.134055]},"properties":{"name":"срещу Въздушен мост","lines":"7, 12, 16, 17, 20, 24, 26, 29, 113, 116, 222","arr":["7","12","16","17","20","24","26","29","113","116","222"],"terminus":0,"mode":"bus","color":"#0059a9","colorDark":"#00294f","angle":345.6,"snapDist":4,"label":1}},{"type":"Feature","geometry":{"type":"Point","coordinates":[24.731853,42.133337]},"properties":{"name":"Младежки хълм","lines":"7, 12, 16, 17, 20, 24, 26, 29, 113, 116, 222","arr":["7","12","16","17","20","24","26","29","113","116","222"],"terminus":0,"mode":"bus","color":"#0059a9","colorDark":"#00294f","angle":357.8,"snapDist":6,"label":1}},{"type":"Feature","geometry":{"type":"Point","coordinates":[24.723646,42.128761]},"properties":{"name":"Мираж","lines":"7, 16, 17, 24, 27, 116","arr":["7","16","17","24","27","116"],"terminus":0,"mode":"bus","color":"#0059a9","colorDark":"#00294f","angle":200.7,"snapDist":6,"label":1}},{"type":"Feature","geometry":{"type":"Point","coordinates":[24.727825,42.127634]},"properties":{"name":"срещу Белия дом","lines":"7, 16, 17, 24, 27, 116","arr":["7","16","17","24","27","116"],"terminus":0,"mode":"bus","color":"#0059a9","colorDark":"#00294f","angle":197.1,"snapDist":4,"label":1}},{"type":"Feature","geometry":{"type":"Point","coordinates":[24.732814,42.126549]},"properties":{"name":"Камела","lines":"7, 16, 17, 24, 27, 116","arr":["7","16","17","24","27","116"],"terminus":0,"mode":"bus","color":"#0059a9","colorDark":"#00294f","angle":198.4,"snapDist":12,"label":1}},{"type":"Feature","geometry":{"type":"Point","coordinates":[24.736447,42.12543]},"properties":{"name":"срещу баня Русалка","lines":"7, 17, 24, 27, 36, 116","arr":["7","17","24","27","36","116"],"terminus":0,"mode":"bus","color":"#0059a9","colorDark":"#00294f","angle":203.8,"snapDist":10,"label":1}},{"type":"Feature","geometry":{"type":"Point","coordinates":[24.735383,42.11857]},"properties":{"name":"магазин Билла 4","lines":"7","arr":["7"],"terminus":0,"mode":"bus","color":"#0059a9","colorDark":"#00294f","angle":286.6,"snapDist":4,"label":1}},{"type":"Feature","geometry":{"type":"Point","coordinates":[24.73214,42.113755]},"properties":{"name":"разклона за кв. Oстромила","lines":"7","arr":["7"],"terminus":0,"mode":"bus","color":"#0059a9","colorDark":"#00294f","angle":287.8,"snapDist":16,"label":1}},{"type":"Feature","geometry":{"type":"Point","coordinates":[24.740129,42.112429]},"properties":{"name":"кв. Беломорски - последна спирка⢄","lines":"7, 113","arr":["7","113"],"terminus":0,"mode":"bus","color":"#0059a9","colorDark":"#00294f","angle":178.8,"snapDist":5,"label":1}},{"type":"Feature","geometry":{"type":"Point","coordinates":[24.728415,42.106091]},"properties":{"name":"Овощарски институт","lines":"7, 113","arr":["7","113"],"terminus":1,"mode":"bus","color":"#0059a9","colorDark":"#00294f","angle":103,"snapDist":0,"label":1}},{"type":"Feature","geometry":{"type":"Point","coordinates":[24.733221,42.1132]},"properties":{"name":"разклона за Беломорски","lines":"7, 113","arr":["7","113"],"terminus":0,"mode":"bus","color":"#0059a9","colorDark":"#00294f","angle":21.3,"snapDist":18,"label":1}},{"type":"Feature","geometry":{"type":"Point","coordinates":[24.734963,42.11777]},"properties":{"name":"ресторант Бялата воденица","lines":"7","arr":["7"],"terminus":0,"mode":"bus","color":"#0059a9","colorDark":"#00294f","angle":126.4,"snapDist":4,"label":1}},{"type":"Feature","geometry":{"type":"Point","coordinates":[24.736068,42.125655]},"properties":{"name":"баня Русалка","lines":"7, 17, 24, 27, 36, 116","arr":["7","17","24","27","36","116"],"terminus":0,"mode":"bus","color":"#0059a9","colorDark":"#00294f","angle":23.2,"snapDist":7,"label":1}},{"type":"Feature","geometry":{"type":"Point","coordinates":[24.732363,42.126735]},"properties":{"name":"срещу Камела","lines":"7, 16, 17, 24, 27, 116","arr":["7","16","17","24","27","116"],"terminus":0,"mode":"bus","color":"#0059a9","colorDark":"#00294f","angle":15.9,"snapDist":11,"label":1}},{"type":"Feature","geometry":{"type":"Point","coordinates":[24.727494,42.1278]},"properties":{"name":"Белия дом","lines":"7, 16, 17, 24, 27, 116","arr":["7","16","17","24","27","116"],"terminus":0,"mode":"bus","color":"#0059a9","colorDark":"#00294f","angle":19.1,"snapDist":14,"label":1}},{"type":"Feature","geometry":{"type":"Point","coordinates":[24.723238,42.129527]},"properties":{"name":"КТВ","lines":"7, 16, 17, 20, 24, 113, 116","arr":["7","16","17","20","24","113","116"],"terminus":0,"mode":"bus","color":"#0059a9","colorDark":"#00294f","angle":119.2,"snapDist":15,"label":1}},{"type":"Feature","geometry":{"type":"Point","coordinates":[24.730472,42.133227]},"properties":{"name":"срещу Младежки хълм","lines":"7, 12, 16, 17, 20, 24, 26, 29, 113, 116, 222","arr":["7","12","16","17","20","24","26","29","113","116","222"],"terminus":0,"mode":"bus","color":"#0059a9","colorDark":"#00294f","angle":180.9,"snapDist":9,"label":1}},{"type":"Feature","geometry":{"type":"Point","coordinates":[24.735288,42.133804]},"properties":{"name":"Въздушен мост","lines":"7, 12, 16, 17, 20, 24, 26, 29, 113, 116, 222","arr":["7","12","16","17","20","24","26","29","113","116","222"],"terminus":0,"mode":"bus","color":"#0059a9","colorDark":"#00294f","angle":165.7,"snapDist":4,"label":1}},{"type":"Feature","geometry":{"type":"Point","coordinates":[24.741426,42.134938]},"properties":{"name":"Централна гара","lines":"7, 12, 16, 17, 20, 24, 26, 29, 113, 116, 222","arr":["7","12","16","17","20","24","26","29","113","116","222"],"terminus":0,"mode":"bus","color":"#0059a9","colorDark":"#00294f","angle":164.9,"snapDist":4,"label":1}},{"type":"Feature","geometry":{"type":"Point","coordinates":[24.744539,42.135278]},"properties":{"name":"срещу Автогара Юг","lines":"7, 18, 20, 26, 29","arr":["7","18","20","26","29"],"terminus":0,"mode":"bus","color":"#0059a9","colorDark":"#00294f","angle":177.7,"snapDist":3,"label":1}},{"type":"Feature","geometry":{"type":"Point","coordinates":[24.74983,42.159195]},"properties":{"name":"Панаира 1 - юг","lines":"7, 27","arr":["7","27"],"terminus":0,"mode":"bus","color":"#0059a9","colorDark":"#00294f","angle":178.8,"snapDist":2,"label":1}},{"type":"Feature","geometry":{"type":"Point","coordinates":[24.756797,42.159302]},"properties":{"name":"Панаира 2 -юг","lines":"7, 27","arr":["7","27"],"terminus":0,"mode":"bus","color":"#0059a9","colorDark":"#00294f","angle":178.5,"snapDist":9,"label":1}},{"type":"Feature","geometry":{"type":"Point","coordinates":[24.762385,42.159904]},"properties":{"name":"Пожарната -юг","lines":"7, 27","arr":["7","27"],"terminus":0,"mode":"bus","color":"#0059a9","colorDark":"#00294f","angle":172.6,"snapDist":9,"label":1}},{"type":"Feature","geometry":{"type":"Point","coordinates":[24.767184,42.160714]},"properties":{"name":"завод Напредък","lines":"7, 27","arr":["7","27"],"terminus":0,"mode":"bus","color":"#0059a9","colorDark":"#00294f","angle":140.3,"snapDist":2,"label":1}},{"type":"Feature","geometry":{"type":"Point","coordinates":[24.769716,42.16223]},"properties":{"name":"разклона за ЗХА пос.запад - изток","lines":"7, 27","arr":["7","27"],"terminus":0,"mode":"bus","color":"#0059a9","colorDark":"#00294f","angle":140.6,"snapDist":4,"label":1}},{"type":"Feature","geometry":{"type":"Point","coordinates":[24.773747,42.163946]},"properties":{"name":"Преди моста","lines":"7","arr":["7"],"terminus":0,"mode":"bus","color":"#0059a9","colorDark":"#00294f","angle":170.2,"snapDist":6,"label":1}},{"type":"Feature","geometry":{"type":"Point","coordinates":[24.778067,42.132917]},"properties":{"name":"жк Тракия (а-12)","lines":"9, 21, 25, 29, 66","arr":["9","21","25","29","66"],"terminus":1,"mode":"bus","color":"#0059a9","colorDark":"#00294f","angle":-34.8,"snapDist":11,"label":1}},{"type":"Feature","geometry":{"type":"Point","coordinates":[24.7788,42.133692]},"properties":{"name":"жк Тракия-Алфина","lines":"9, 10, 21, 25, 29, 66, 99","arr":["9","10","21","25","29","66","99"],"terminus":0,"mode":"bus","color":"#0059a9","colorDark":"#00294f","angle":181,"snapDist":0,"label":1}},{"type":"Feature","geometry":{"type":"Point","coordinates":[24.779589,42.131307]},"properties":{"name":"бул. Освобождение 1 (север)","lines":"9, 21, 25, 29, 66","arr":["9","21","25","29","66"],"terminus":0,"mode":"bus","color":"#0059a9","colorDark":"#00294f","angle":349.1,"snapDist":8,"label":1}},{"type":"Feature","geometry":{"type":"Point","coordinates":[24.777302,42.128738]},"properties":{"name":"жк. Тракия - бл. 204","lines":"9, 21, 25, 29, 66","arr":["9","21","25","29","66"],"terminus":0,"mode":"bus","color":"#0059a9","colorDark":"#00294f","angle":244.7,"snapDist":5,"label":1}},{"type":"Feature","geometry":{"type":"Point","coordinates":[24.793959,42.141838]},"properties":{"name":"училище Ч. Храбър","lines":"9, 18, 24, 29","arr":["9","18","24","29"],"terminus":0,"mode":"bus","color":"#0059a9","colorDark":"#00294f","angle":58,"snapDist":9,"label":1}},{"type":"Feature","geometry":{"type":"Point","coordinates":[24.792036,42.142875]},"properties":{"name":"ресторант Тони 2000","lines":"9, 18, 24, 29","arr":["9","18","24","29"],"terminus":0,"mode":"bus","color":"#0059a9","colorDark":"#00294f","angle":17,"snapDist":12,"label":1}},{"type":"Feature","geometry":{"type":"Point","coordinates":[24.787575,42.141708]},"properties":{"name":"жк. Тракия бл.1","lines":"9, 18, 24, 25, 29, 44, 93","arr":["9","18","24","25","29","44","93"],"terminus":0,"mode":"bus","color":"#0059a9","colorDark":"#00294f","angle":42.1,"snapDist":2,"label":1}},{"type":"Feature","geometry":{"type":"Point","coordinates":[24.784682,42.143214]},"properties":{"name":"Метро","lines":"9, 18, 24, 29, 44","arr":["9","18","24","29","44"],"terminus":0,"mode":"bus","color":"#0059a9","colorDark":"#00294f","angle":327.1,"snapDist":5,"label":1}},{"type":"Feature","geometry":{"type":"Point","coordinates":[24.77347,42.138958]},"properties":{"name":"Технически Университет","lines":"9, 18, 24, 29, 44","arr":["9","18","24","29","44"],"terminus":0,"mode":"bus","color":"#0059a9","colorDark":"#00294f","angle":334.8,"snapDist":4,"label":1}},{"type":"Feature","geometry":{"type":"Point","coordinates":[24.76856,42.137249]},"properties":{"name":"Чайка Фарма","lines":"9, 18, 24, 29, 44","arr":["9","18","24","29","44"],"terminus":0,"mode":"bus","color":"#0059a9","colorDark":"#00294f","angle":335.2,"snapDist":4,"label":1}},{"type":"Feature","geometry":{"type":"Point","coordinates":[24.763076,42.1374]},"properties":{"name":"Макдоналс","lines":"9, 10, 36","arr":["9","10","36"],"terminus":0,"mode":"bus","color":"#0059a9","colorDark":"#00294f","angle":91.5,"snapDist":0,"label":1}},{"type":"Feature","geometry":{"type":"Point","coordinates":[24.762256,42.140747]},"properties":{"name":"хотел Норис","lines":"9","arr":["9"],"terminus":0,"mode":"bus","color":"#0059a9","colorDark":"#00294f","angle":347,"snapDist":6,"label":1}},{"type":"Feature","geometry":{"type":"Point","coordinates":[24.757303,42.139852]},"properties":{"name":"ул. Богомил","lines":"9","arr":["9"],"terminus":0,"mode":"bus","color":"#0059a9","colorDark":"#00294f","angle":346.8,"snapDist":1,"label":1}},{"type":"Feature","geometry":{"type":"Point","coordinates":[24.755764,42.140913]},"properties":{"name":"ул. П.Д.Петков","lines":"9","arr":["9"],"terminus":0,"mode":"bus","color":"#0059a9","colorDark":"#00294f","angle":74.8,"snapDist":3,"label":1}},{"type":"Feature","geometry":{"type":"Point","coordinates":[24.749389,42.164285]},"properties":{"name":"ул. Брезовско шосе","lines":"9, 15","arr":["9","15"],"terminus":0,"mode":"bus","color":"#0059a9","colorDark":"#00294f","angle":123.4,"snapDist":3,"label":1}},{"type":"Feature","geometry":{"type":"Point","coordinates":[24.751697,42.167271]},"properties":{"name":"базар Илиенци","lines":"9, 12, 15","arr":["9","12","15"],"terminus":0,"mode":"bus","color":"#0059a9","colorDark":"#00294f","angle":115.7,"snapDist":0,"label":1}},{"type":"Feature","geometry":{"type":"Point","coordinates":[24.753701,42.170278]},"properties":{"name":"Ел.Пром","lines":"9, 12, 15","arr":["9","12","15"],"terminus":0,"mode":"bus","color":"#0059a9","colorDark":"#00294f","angle":116,"snapDist":4,"label":1}},{"type":"Feature","geometry":{"type":"Point","coordinates":[24.755204,42.17249]},"properties":{"name":"магазин Деком","lines":"9, 12, 15","arr":["9","12","15"],"terminus":0,"mode":"bus","color":"#0059a9","colorDark":"#00294f","angle":117.3,"snapDist":2,"label":1}},{"type":"Feature","geometry":{"type":"Point","coordinates":[24.759102,42.176705]},"properties":{"name":"ИЗК Марица -Брезовко щосе","lines":"9, 12, 15","arr":["9","12","15"],"terminus":1,"mode":"bus","color":"#0059a9","colorDark":"#00294f","angle":311.4,"snapDist":1,"label":1}},{"type":"Feature","geometry":{"type":"Point","coordinates":[24.755352,42.172705]},"properties":{"name":"Рота инжинеринг","lines":"9, 12, 15","arr":["9","12","15"],"terminus":0,"mode":"bus","color":"#0059a9","colorDark":"#00294f","angle":296.4,"snapDist":4,"label":1}},{"type":"Feature","geometry":{"type":"Point","coordinates":[24.753839,42.170486]},"properties":{"name":"търговски център Нова","lines":"9, 12, 15","arr":["9","12","15"],"terminus":0,"mode":"bus","color":"#0059a9","colorDark":"#00294f","angle":296,"snapDist":4,"label":1}},{"type":"Feature","geometry":{"type":"Point","coordinates":[24.751171,42.166541]},"properties":{"name":"ЖП прелез Брезовско шосе","lines":"9, 15","arr":["9","15"],"terminus":0,"mode":"bus","color":"#0059a9","colorDark":"#00294f","angle":298.7,"snapDist":11,"label":1}},{"type":"Feature","geometry":{"type":"Point","coordinates":[24.75545,42.141799]},"properties":{"name":"ул. П.Д.Петков","lines":"9","arr":["9"],"terminus":0,"mode":"bus","color":"#0059a9","colorDark":"#00294f","angle":255.9,"snapDist":8,"label":0}},{"type":"Feature","geometry":{"type":"Point","coordinates":[24.757579,42.139898]},"properties":{"name":"ул. Богомил","lines":"9","arr":["9"],"terminus":0,"mode":"bus","color":"#0059a9","colorDark":"#00294f","angle":167.9,"snapDist":4,"label":0}},{"type":"Feature","geometry":{"type":"Point","coordinates":[24.762948,42.140286]},"properties":{"name":"бул. Източен №51","lines":"9, 10, 36","arr":["9","10","36"],"terminus":0,"mode":"bus","color":"#0059a9","colorDark":"#00294f","angle":271.3,"snapDist":20,"label":1}},{"type":"Feature","geometry":{"type":"Point","coordinates":[24.764447,42.13571]},"properties":{"name":"ВСИ","lines":"9, 18, 24, 29, 44","arr":["9","18","24","29","44"],"terminus":0,"mode":"bus","color":"#0059a9","colorDark":"#00294f","angle":156.9,"snapDist":5,"label":1}},{"type":"Feature","geometry":{"type":"Point","coordinates":[24.769759,42.137549]},"properties":{"name":"стадион Локомотив","lines":"9, 18, 24, 29, 44","arr":["9","18","24","29","44"],"terminus":0,"mode":"bus","color":"#0059a9","colorDark":"#00294f","angle":154.7,"snapDist":6,"label":1}},{"type":"Feature","geometry":{"type":"Point","coordinates":[24.774767,42.13932]},"properties":{"name":"парк Лаута","lines":"9, 18, 24, 29, 44","arr":["9","18","24","29","44"],"terminus":0,"mode":"bus","color":"#0059a9","colorDark":"#00294f","angle":153.6,"snapDist":6,"label":1}},{"type":"Feature","geometry":{"type":"Point","coordinates":[24.786093,42.142514]},"properties":{"name":"бл.21","lines":"9, 18, 24, 25, 29, 44, 93","arr":["9","18","24","25","29","44","93"],"terminus":0,"mode":"bus","color":"#0059a9","colorDark":"#00294f","angle":236.3,"snapDist":10,"label":1}},{"type":"Feature","geometry":{"type":"Point","coordinates":[24.789066,42.142011]},"properties":{"name":"срещу бл. 1","lines":"9, 18, 24, 29","arr":["9","18","24","29"],"terminus":0,"mode":"bus","color":"#0059a9","colorDark":"#00294f","angle":129.9,"snapDist":4,"label":1}},{"type":"Feature","geometry":{"type":"Point","coordinates":[24.792529,42.142763]},"properties":{"name":"жк Тракия бл. 9","lines":"9, 18, 24, 29","arr":["9","18","24","29"],"terminus":0,"mode":"bus","color":"#0059a9","colorDark":"#00294f","angle":197,"snapDist":3,"label":1}},{"type":"Feature","geometry":{"type":"Point","coordinates":[24.777541,42.128362]},"properties":{"name":"бл. 199","lines":"9, 21, 25, 29, 66","arr":["9","21","25","29","66"],"terminus":0,"mode":"bus","color":"#0059a9","colorDark":"#00294f","angle":64.7,"snapDist":10,"label":1}},{"type":"Feature","geometry":{"type":"Point","coordinates":[24.701786,42.127825]},"properties":{"name":"кв. Смирненски - ул. Юндола","lines":"10, 12, 26, 29, 37","arr":["10","12","26","29","37"],"terminus":1,"mode":"bus","color":"#0059a9","colorDark":"#00294f","angle":-6.5,"snapDist":12,"label":1}},{"type":"Feature","geometry":{"type":"Point","coordinates":[24.70656,42.128816]},"properties":{"name":"срещу ОМГ","lines":"10, 12, 26, 29, 37","arr":["10","12","26","29","37"],"terminus":0,"mode":"bus","color":"#0059a9","colorDark":"#00294f","angle":259.2,"snapDist":2,"label":1}},{"type":"Feature","geometry":{"type":"Point","coordinates":[24.709087,42.130617]},"properties":{"name":"срещу Район Запад","lines":"10, 12, 26, 29, 37","arr":["10","12","26","29","37"],"terminus":0,"mode":"bus","color":"#0059a9","colorDark":"#00294f","angle":165.9,"snapDist":4,"label":1}},{"type":"Feature","geometry":{"type":"Point","coordinates":[24.713443,42.131515]},"properties":{"name":"срещу Аптеката","lines":"10, 12, 26, 29, 37","arr":["10","12","26","29","37"],"terminus":0,"mode":"bus","color":"#0059a9","colorDark":"#00294f","angle":162.9,"snapDist":8,"label":1}},{"type":"Feature","geometry":{"type":"Point","coordinates":[24.716444,42.133238]},"properties":{"name":"ул. Царевец","lines":"10, 37","arr":["10","37"],"terminus":0,"mode":"bus","color":"#0059a9","colorDark":"#00294f","angle":79.4,"snapDist":7,"label":1}},{"type":"Feature","geometry":{"type":"Point","coordinates":[24.719256,42.140017]},"properties":{"name":"МОЛ 1","lines":"10, 15","arr":["10","15"],"terminus":0,"mode":"bus","color":"#0059a9","colorDark":"#00294f","angle":68.6,"snapDist":4,"label":1}},{"type":"Feature","geometry":{"type":"Point","coordinates":[24.718922,42.142201]},"properties":{"name":"МОЛ 2","lines":"10, 15","arr":["10","15"],"terminus":0,"mode":"bus","color":"#0059a9","colorDark":"#00294f","angle":150.1,"snapDist":13,"label":1}},{"type":"Feature","geometry":{"type":"Point","coordinates":[24.72939,42.143213]},"properties":{"name":"бул. Свобода 1","lines":"10, 15","arr":["10","15"],"terminus":0,"mode":"bus","color":"#0059a9","colorDark":"#00294f","angle":178.5,"snapDist":1,"label":1}},{"type":"Feature","geometry":{"type":"Point","coordinates":[24.733416,42.141899]},"properties":{"name":"Мальовица","lines":"10, 17, 113, 222","arr":["10","17","113","222"],"terminus":0,"mode":"bus","color":"#0059a9","colorDark":"#00294f","angle":246.5,"snapDist":0,"label":1}},{"type":"Feature","geometry":{"type":"Point","coordinates":[24.742292,42.142199]},"properties":{"name":"срещу кино Космос","lines":"10, 66","arr":["10","66"],"terminus":0,"mode":"bus","color":"#0059a9","colorDark":"#00294f","angle":167.5,"snapDist":7,"label":1}},{"type":"Feature","geometry":{"type":"Point","coordinates":[24.746683,42.14304]},"properties":{"name":"Градската градина","lines":"10, 66","arr":["10","66"],"terminus":0,"mode":"bus","color":"#0059a9","colorDark":"#00294f","angle":166.1,"snapDist":6,"label":1}},{"type":"Feature","geometry":{"type":"Point","coordinates":[24.751588,42.143418]},"properties":{"name":"подлеза на Централна поща","lines":"10, 66","arr":["10","66"],"terminus":0,"mode":"bus","color":"#0059a9","colorDark":"#00294f","angle":88.2,"snapDist":8,"label":1}},{"type":"Feature","geometry":{"type":"Point","coordinates":[24.758874,42.146114]},"properties":{"name":"срещу Папараци","lines":"10, 66, 93","arr":["10","66","93"],"terminus":0,"mode":"bus","color":"#0059a9","colorDark":"#00294f","angle":163.2,"snapDist":7,"label":1}},{"type":"Feature","geometry":{"type":"Point","coordinates":[24.763082,42.14624]},"properties":{"name":"бул. Източен 1 (запад)","lines":"10, 36","arr":["10","36"],"terminus":0,"mode":"bus","color":"#0059a9","colorDark":"#00294f","angle":270.1,"snapDist":7,"label":1}},{"type":"Feature","geometry":{"type":"Point","coordinates":[24.764364,42.134239]},"properties":{"name":"ВКР","lines":"10, 17, 99","arr":["10","17","99"],"terminus":0,"mode":"bus","color":"#0059a9","colorDark":"#00294f","angle":241,"snapDist":9,"label":1}},{"type":"Feature","geometry":{"type":"Point","coordinates":[24.773509,42.12903]},"properties":{"name":"бл.202 Люляк","lines":"10, 99","arr":["10","99"],"terminus":0,"mode":"bus","color":"#0059a9","colorDark":"#00294f","angle":142.7,"snapDist":8,"label":1}},{"type":"Feature","geometry":{"type":"Point","coordinates":[24.77655,42.133703]},"properties":{"name":"ресторант Камен град","lines":"10, 99","arr":["10","99"],"terminus":0,"mode":"bus","color":"#0059a9","colorDark":"#00294f","angle":180.5,"snapDist":2,"label":1}},{"type":"Feature","geometry":{"type":"Point","coordinates":[24.80115,42.145292]},"properties":{"name":"Ягодовско шосе пред бл.275","lines":"10, 21, 66","arr":["10","21","66"],"terminus":0,"mode":"bus","color":"#0059a9","colorDark":"#00294f","angle":229.6,"snapDist":5,"label":1}},{"type":"Feature","geometry":{"type":"Point","coordinates":[24.780854,42.128767]},"properties":{"name":"отстрани на магазин Детски свят","lines":"10, 99","arr":["10","99"],"terminus":0,"mode":"bus","color":"#0059a9","colorDark":"#00294f","angle":78.6,"snapDist":7,"label":1}},{"type":"Feature","geometry":{"type":"Point","coordinates":[24.77795,42.133696]},"properties":{"name":"жк Тракия - магазин Алфина","lines":"10, 99","arr":["10","99"],"terminus":0,"mode":"bus","color":"#0059a9","colorDark":"#00294f","angle":359.8,"snapDist":6,"label":1}},{"type":"Feature","geometry":{"type":"Point","coordinates":[24.775089,42.130132]},"properties":{"name":"бул. Освобождение 2 (север)","lines":"10, 99","arr":["10","99"],"terminus":0,"mode":"bus","color":"#0059a9","colorDark":"#00294f","angle":323.2,"snapDist":5,"label":1}},{"type":"Feature","geometry":{"type":"Point","coordinates":[24.767251,42.131333]},"properties":{"name":"Мотоцентър","lines":"10, 17, 99","arr":["10","17","99"],"terminus":0,"mode":"bus","color":"#0059a9","colorDark":"#00294f","angle":58.2,"snapDist":6,"label":1}},{"type":"Feature","geometry":{"type":"Point","coordinates":[24.763177,42.14133]},"properties":{"name":"стадион Ботев","lines":"10, 36","arr":["10","36"],"terminus":0,"mode":"bus","color":"#0059a9","colorDark":"#00294f","angle":90.6,"snapDist":2,"label":1}},{"type":"Feature","geometry":{"type":"Point","coordinates":[24.763242,42.145761]},"properties":{"name":"бул. Източен 2 (изток)","lines":"10, 36","arr":["10","36"],"terminus":0,"mode":"bus","color":"#0059a9","colorDark":"#00294f","angle":90.5,"snapDist":6,"label":1}},{"type":"Feature","geometry":{"type":"Point","coordinates":[24.758029,42.146002]},"properties":{"name":"Папараци","lines":"10, 66, 93","arr":["10","66","93"],"terminus":0,"mode":"bus","color":"#0059a9","colorDark":"#00294f","angle":335.7,"snapDist":6,"label":1}},{"type":"Feature","geometry":{"type":"Point","coordinates":[24.75142,42.143746]},"properties":{"name":"подлеза на Централна поща (север)","lines":"10, 66","arr":["10","66"],"terminus":0,"mode":"bus","color":"#0059a9","colorDark":"#00294f","angle":267.5,"snapDist":15,"label":1}},{"type":"Feature","geometry":{"type":"Point","coordinates":[24.747578,42.143188]},"properties":{"name":"подлеза на Гладстон","lines":"10, 66","arr":["10","66"],"terminus":0,"mode":"bus","color":"#0059a9","colorDark":"#00294f","angle":14.8,"snapDist":7,"label":1}},{"type":"Feature","geometry":{"type":"Point","coordinates":[24.74386,42.142491]},"properties":{"name":"кино Космос","lines":"10, 66","arr":["10","66"],"terminus":0,"mode":"bus","color":"#0059a9","colorDark":"#00294f","angle":346.4,"snapDist":3,"label":1}},{"type":"Feature","geometry":{"type":"Point","coordinates":[24.736616,42.140943]},"properties":{"name":"срещу Антим І","lines":"10, 66","arr":["10","66"],"terminus":0,"mode":"bus","color":"#0059a9","colorDark":"#00294f","angle":20.5,"snapDist":1,"label":1}},{"type":"Feature","geometry":{"type":"Point","coordinates":[24.733544,42.141912]},"properties":{"name":"Мальовица","lines":"10, 17, 113, 222","arr":["10","17","113","222"],"terminus":0,"mode":"bus","color":"#0059a9","colorDark":"#00294f","angle":60.6,"snapDist":0,"label":0}},{"type":"Feature","geometry":{"type":"Point","coordinates":[24.727712,42.143176]},"properties":{"name":"срещу бул. Свобода №41","lines":"10, 15","arr":["10","15"],"terminus":0,"mode":"bus","color":"#0059a9","colorDark":"#00294f","angle":358.1,"snapDist":5,"label":1}},{"type":"Feature","geometry":{"type":"Point","coordinates":[24.720082,42.142696]},"properties":{"name":"МОЛ-Пловдив - 1","lines":"10, 15","arr":["10","15"],"terminus":0,"mode":"bus","color":"#0059a9","colorDark":"#00294f","angle":329.8,"snapDist":13,"label":1}},{"type":"Feature","geometry":{"type":"Point","coordinates":[24.719316,42.139905]},"properties":{"name":"МОЛ-Пловдив 2","lines":"10, 15","arr":["10","15"],"terminus":0,"mode":"bus","color":"#0059a9","colorDark":"#00294f","angle":248.6,"snapDist":1,"label":1}},{"type":"Feature","geometry":{"type":"Point","coordinates":[24.713978,42.131623]},"properties":{"name":"Аптека","lines":"10, 12, 15, 24, 26, 29, 37, 66, 222","arr":["10","12","15","24","26","29","37","66","222"],"terminus":0,"mode":"bus","color":"#0059a9","colorDark":"#00294f","angle":344.7,"snapDist":9,"label":1}},{"type":"Feature","geometry":{"type":"Point","coordinates":[24.760907,42.103101]},"properties":{"name":"след Митница Кукленско шосе","lines":"11, 116","arr":["11","116"],"terminus":1,"mode":"bus","color":"#0059a9","colorDark":"#00294f","angle":-5.2,"snapDist":7,"label":1}},{"type":"Feature","geometry":{"type":"Point","coordinates":[24.760536,42.10628]},"properties":{"name":"срещу Митница","lines":"11, 116","arr":["11","116"],"terminus":0,"mode":"bus","color":"#0059a9","colorDark":"#00294f","angle":354.3,"snapDist":13,"label":1}},{"type":"Feature","geometry":{"type":"Point","coordinates":[24.759753,42.110597]},"properties":{"name":"ТСМ","lines":"11, 116","arr":["11","116"],"terminus":0,"mode":"bus","color":"#0059a9","colorDark":"#00294f","angle":84.7,"snapDist":4,"label":1}},{"type":"Feature","geometry":{"type":"Point","coordinates":[24.759262,42.114454]},"properties":{"name":"завод Рекорд","lines":"11, 116","arr":["11","116"],"terminus":0,"mode":"bus","color":"#0059a9","colorDark":"#00294f","angle":83.9,"snapDist":6,"label":1}},{"type":"Feature","geometry":{"type":"Point","coordinates":[24.757433,42.118943]},"properties":{"name":"Мет.конструкции","lines":"11, 17, 24, 37, 116","arr":["11","17","24","37","116"],"terminus":0,"mode":"bus","color":"#0059a9","colorDark":"#00294f","angle":356.2,"snapDist":4,"label":1}},{"type":"Feature","geometry":{"type":"Point","coordinates":[24.752106,42.118928]},"properties":{"name":"срещу магазин Рила","lines":"11","arr":["11"],"terminus":0,"mode":"bus","color":"#0059a9","colorDark":"#00294f","angle":356.8,"snapDist":9,"label":1}},{"type":"Feature","geometry":{"type":"Point","coordinates":[24.747519,42.119223]},"properties":{"name":"срещу Одлоз","lines":"11","arr":["11"],"terminus":0,"mode":"bus","color":"#0059a9","colorDark":"#00294f","angle":92.1,"snapDist":8,"label":1}},{"type":"Feature","geometry":{"type":"Point","coordinates":[24.748384,42.122667]},"properties":{"name":"ІІ Гр.Болница","lines":"11, 17, 24, 36, 116","arr":["11","17","24","36","116"],"terminus":0,"mode":"bus","color":"#0059a9","colorDark":"#00294f","angle":192,"snapDist":5,"label":1}},{"type":"Feature","geometry":{"type":"Point","coordinates":[24.751494,42.126144]},"properties":{"name":"Механотехника","lines":"11, 36, 37","arr":["11","36","37"],"terminus":0,"mode":"bus","color":"#0059a9","colorDark":"#00294f","angle":3.4,"snapDist":8,"label":1}},{"type":"Feature","geometry":{"type":"Point","coordinates":[24.748396,42.126281]},"properties":{"name":"ПИБ","lines":"11, 36, 37","arr":["11","36","37"],"terminus":0,"mode":"bus","color":"#0059a9","colorDark":"#00294f","angle":3.4,"snapDist":5,"label":1}},{"type":"Feature","geometry":{"type":"Point","coordinates":[24.748274,42.129816]},"properties":{"name":"Синия пазар","lines":"11","arr":["11"],"terminus":0,"mode":"bus","color":"#0059a9","colorDark":"#00294f","angle":94.5,"snapDist":9,"label":1}},{"type":"Feature","geometry":{"type":"Point","coordinates":[24.740283,42.150111]},"properties":{"name":"Пловдив инвест","lines":"11, 12, 16, 18, 20, 21","arr":["11","12","16","18","20","21"],"terminus":0,"mode":"bus","color":"#0059a9","colorDark":"#00294f","angle":65.8,"snapDist":11,"label":1}},{"type":"Feature","geometry":{"type":"Point","coordinates":[24.739018,42.156401]},"properties":{"name":"ул. Победа - изток","lines":"11, 12, 16, 18, 20, 21","arr":["11","12","16","18","20","21"],"terminus":0,"mode":"bus","color":"#0059a9","colorDark":"#00294f","angle":320.4,"snapDist":16,"label":1}},{"type":"Feature","geometry":{"type":"Point","coordinates":[24.720484,42.157885]},"properties":{"name":"отстрани на Окръжна болница","lines":"11, 113","arr":["11","113"],"terminus":0,"mode":"bus","color":"#0059a9","colorDark":"#00294f","angle":79.6,"snapDist":3,"label":1}},{"type":"Feature","geometry":{"type":"Point","coordinates":[24.722034,42.160914]},"properties":{"name":"Балкантурист","lines":"11, 113","arr":["11","113"],"terminus":0,"mode":"bus","color":"#0059a9","colorDark":"#00294f","angle":138.9,"snapDist":2,"label":1}},{"type":"Feature","geometry":{"type":"Point","coordinates":[24.725143,42.162911]},"properties":{"name":"ул. Дилянка (юг)","lines":"11, 113","arr":["11","113"],"terminus":0,"mode":"bus","color":"#0059a9","colorDark":"#00294f","angle":138.7,"snapDist":5,"label":1}},{"type":"Feature","geometry":{"type":"Point","coordinates":[24.724432,42.165458]},"properties":{"name":"Институт по конс.пр-ст","lines":"11, 93, 113","arr":["11","93","113"],"terminus":0,"mode":"bus","color":"#0059a9","colorDark":"#00294f","angle":50,"snapDist":7,"label":1}},{"type":"Feature","geometry":{"type":"Point","coordinates":[24.719971,42.16914]},"properties":{"name":"След бензиностанция Еко","lines":"11, 93, 113","arr":["11","93","113"],"terminus":1,"mode":"bus","color":"#0059a9","colorDark":"#00294f","angle":226.6,"snapDist":3,"label":1}},{"type":"Feature","geometry":{"type":"Point","coordinates":[24.724456,42.16524]},"properties":{"name":"срещу Институт по конс.пр-ст","lines":"11, 93, 113","arr":["11","93","113"],"terminus":0,"mode":"bus","color":"#0059a9","colorDark":"#00294f","angle":242.8,"snapDist":10,"label":1}},{"type":"Feature","geometry":{"type":"Point","coordinates":[24.725331,42.163034]},"properties":{"name":"ул. Дилянка (север)","lines":"11","arr":["11"],"terminus":0,"mode":"bus","color":"#0059a9","colorDark":"#00294f","angle":318.7,"snapDist":4,"label":1}},{"type":"Feature","geometry":{"type":"Point","coordinates":[24.721907,42.160832]},"properties":{"name":"училище П.Волов","lines":"11","arr":["11"],"terminus":0,"mode":"bus","color":"#0059a9","colorDark":"#00294f","angle":318.9,"snapDist":7,"label":1}},{"type":"Feature","geometry":{"type":"Point","coordinates":[24.737869,42.158735]},"properties":{"name":"ул. Победа 1","lines":"11, 12, 16, 18, 20, 21","arr":["11","12","16","18","20","21"],"terminus":0,"mode":"bus","color":"#0059a9","colorDark":"#00294f","angle":256.9,"snapDist":8,"label":1}},{"type":"Feature","geometry":{"type":"Point","coordinates":[24.738533,42.1555]},"properties":{"name":"ул. Победа 2- запад","lines":"11, 12, 16, 18, 20, 21","arr":["11","12","16","18","20","21"],"terminus":0,"mode":"bus","color":"#0059a9","colorDark":"#00294f","angle":269.9,"snapDist":5,"label":1}},{"type":"Feature","geometry":{"type":"Point","coordinates":[24.739861,42.150521]},"properties":{"name":"срещу Пловдив инвест","lines":"11, 16, 18, 20, 21","arr":["11","16","18","20","21"],"terminus":0,"mode":"bus","color":"#0059a9","colorDark":"#00294f","angle":248,"snapDist":6,"label":1}},{"type":"Feature","geometry":{"type":"Point","coordinates":[24.746698,42.128699]},"properties":{"name":"Охрид","lines":"11","arr":["11"],"terminus":0,"mode":"bus","color":"#0059a9","colorDark":"#00294f","angle":272.9,"snapDist":2,"label":1}},{"type":"Feature","geometry":{"type":"Point","coordinates":[24.747453,42.126323]},"properties":{"name":"ул. Скопие","lines":"11, 36, 37","arr":["11","36","37"],"terminus":0,"mode":"bus","color":"#0059a9","colorDark":"#00294f","angle":183.4,"snapDist":5,"label":1}},{"type":"Feature","geometry":{"type":"Point","coordinates":[24.752219,42.1253]},"properties":{"name":"Братя Бъгстон","lines":"11","arr":["11"],"terminus":0,"mode":"bus","color":"#0059a9","colorDark":"#00294f","angle":269.8,"snapDist":4,"label":1}},{"type":"Feature","geometry":{"type":"Point","coordinates":[24.751202,42.122539]},"properties":{"name":"срещу ІІ Гр.Болница","lines":"11, 17, 24, 36, 116","arr":["11","17","24","36","116"],"terminus":0,"mode":"bus","color":"#0059a9","colorDark":"#00294f","angle":354.6,"snapDist":10,"label":1}},{"type":"Feature","geometry":{"type":"Point","coordinates":[24.747533,42.119498]},"properties":{"name":"болница Св.Панталеймон","lines":"11","arr":["11"],"terminus":0,"mode":"bus","color":"#0059a9","colorDark":"#00294f","angle":272.1,"snapDist":7,"label":1}},{"type":"Feature","geometry":{"type":"Point","coordinates":[24.752901,42.118969]},"properties":{"name":"магазин Рила","lines":"11","arr":["11"],"terminus":0,"mode":"bus","color":"#0059a9","colorDark":"#00294f","angle":174.8,"snapDist":8,"label":1}},{"type":"Feature","geometry":{"type":"Point","coordinates":[24.758727,42.118134]},"properties":{"name":"хотел Родопи","lines":"11, 116","arr":["11","116"],"terminus":0,"mode":"bus","color":"#0059a9","colorDark":"#00294f","angle":265.1,"snapDist":19,"label":1}},{"type":"Feature","geometry":{"type":"Point","coordinates":[24.759157,42.114386]},"properties":{"name":"Къщичките","lines":"11, 116","arr":["11","116"],"terminus":0,"mode":"bus","color":"#0059a9","colorDark":"#00294f","angle":265,"snapDist":8,"label":1}},{"type":"Feature","geometry":{"type":"Point","coordinates":[24.759616,42.110605]},"properties":{"name":"Керамичен цех","lines":"11, 116","arr":["11","116"],"terminus":0,"mode":"bus","color":"#0059a9","colorDark":"#00294f","angle":264.7,"snapDist":5,"label":1}},{"type":"Feature","geometry":{"type":"Point","coordinates":[24.760342,42.10521]},"properties":{"name":"Митница","lines":"11, 116","arr":["11","116"],"terminus":0,"mode":"bus","color":"#0059a9","colorDark":"#00294f","angle":264.7,"snapDist":12,"label":1}},{"type":"Feature","geometry":{"type":"Point","coordinates":[24.718746,42.131818]},"properties":{"name":"бул. Хаджи Димитър","lines":"12, 26, 29, 222","arr":["12","26","29","222"],"terminus":0,"mode":"bus","color":"#0059a9","colorDark":"#00294f","angle":176,"snapDist":5,"label":1}},{"type":"Feature","geometry":{"type":"Point","coordinates":[24.724164,42.132136]},"properties":{"name":"КТВ","lines":"12, 26, 29, 222","arr":["12","26","29","222"],"terminus":0,"mode":"bus","color":"#0059a9","colorDark":"#00294f","angle":175.4,"snapDist":6,"label":1}},{"type":"Feature","geometry":{"type":"Point","coordinates":[24.741947,42.139196]},"properties":{"name":"Военно окръжие","lines":"12, 16, 18, 116","arr":["12","16","18","116"],"terminus":0,"mode":"bus","color":"#0059a9","colorDark":"#00294f","angle":85.1,"snapDist":5,"label":1}},{"type":"Feature","geometry":{"type":"Point","coordinates":[24.737884,42.159784]},"properties":{"name":"Практичен център Ана май","lines":"12, 21, 99","arr":["12","21","99"],"terminus":0,"mode":"bus","color":"#0059a9","colorDark":"#00294f","angle":82.8,"snapDist":14,"label":1}},{"type":"Feature","geometry":{"type":"Point","coordinates":[24.737396,42.162895]},"properties":{"name":"срещу Автогара Север","lines":"12, 21, 99","arr":["12","21","99"],"terminus":0,"mode":"bus","color":"#0059a9","colorDark":"#00294f","angle":84.6,"snapDist":6,"label":1}},{"type":"Feature","geometry":{"type":"Point","coordinates":[24.737274,42.165726]},"properties":{"name":"срещу гара Филипово","lines":"12, 21, 99","arr":["12","21","99"],"terminus":0,"mode":"bus","color":"#0059a9","colorDark":"#00294f","angle":148.8,"snapDist":1,"label":1}},{"type":"Feature","geometry":{"type":"Point","coordinates":[24.742489,42.167639]},"properties":{"name":"Ведомствена к-ца","lines":"12, 21, 99","arr":["12","21","99"],"terminus":0,"mode":"bus","color":"#0059a9","colorDark":"#00294f","angle":167.8,"snapDist":4,"label":1}},{"type":"Feature","geometry":{"type":"Point","coordinates":[24.74965,42.16729]},"properties":{"name":"пред магазин Кауфланд","lines":"12","arr":["12"],"terminus":0,"mode":"bus","color":"#0059a9","colorDark":"#00294f","angle":197.6,"snapDist":8,"label":1}},{"type":"Feature","geometry":{"type":"Point","coordinates":[24.74755,42.167814]},"properties":{"name":"болница св. Иван Рилски","lines":"12","arr":["12"],"terminus":0,"mode":"bus","color":"#0059a9","colorDark":"#00294f","angle":17.8,"snapDist":5,"label":1}},{"type":"Feature","geometry":{"type":"Point","coordinates":[24.743219,42.167829]},"properties":{"name":"срещу Ведомствена к-ца","lines":"12, 21, 99","arr":["12","21","99"],"terminus":0,"mode":"bus","color":"#0059a9","colorDark":"#00294f","angle":325.2,"snapDist":3,"label":1}},{"type":"Feature","geometry":{"type":"Point","coordinates":[24.736651,42.16491]},"properties":{"name":"Автогара Север","lines":"12, 21, 99","arr":["12","21","99"],"terminus":0,"mode":"bus","color":"#0059a9","colorDark":"#00294f","angle":82.4,"snapDist":8,"label":1}},{"type":"Feature","geometry":{"type":"Point","coordinates":[24.723473,42.132271]},"properties":{"name":"ОУ Елин Пелин","lines":"12, 26, 29, 222","arr":["12","26","29","222"],"terminus":0,"mode":"bus","color":"#0059a9","colorDark":"#00294f","angle":354.9,"snapDist":12,"label":1}},{"type":"Feature","geometry":{"type":"Point","coordinates":[24.718415,42.131981]},"properties":{"name":"бул. Хаджи Димитър","lines":"12, 26, 29, 222","arr":["12","26","29","222"],"terminus":0,"mode":"bus","color":"#0059a9","colorDark":"#00294f","angle":356.2,"snapDist":7,"label":0}},{"type":"Feature","geometry":{"type":"Point","coordinates":[24.731158,42.146407]},"properties":{"name":"срещу ІІ-ро РПУ","lines":"15, 17, 113, 222","arr":["15","17","113","222"],"terminus":0,"mode":"bus","color":"#0059a9","colorDark":"#00294f","angle":86.3,"snapDist":6,"label":1}},{"type":"Feature","geometry":{"type":"Point","coordinates":[24.732788,42.148107]},"properties":{"name":"ІІ ДКЦ","lines":"15, 22, 37, 44, 93, 99","arr":["15","22","37","44","93","99"],"terminus":0,"mode":"bus","color":"#0059a9","colorDark":"#00294f","angle":169.3,"snapDist":5,"label":1}},{"type":"Feature","geometry":{"type":"Point","coordinates":[24.737486,42.148723]},"properties":{"name":"кино Фламинго","lines":"15, 22, 37, 44, 93, 99","arr":["15","22","37","44","93","99"],"terminus":0,"mode":"bus","color":"#0059a9","colorDark":"#00294f","angle":169,"snapDist":6,"label":1}},{"type":"Feature","geometry":{"type":"Point","coordinates":[24.73964,42.149141]},"properties":{"name":"Сладкарница Неделя","lines":"15, 22, 37, 44, 93, 99","arr":["15","22","37","44","93","99"],"terminus":0,"mode":"bus","color":"#0059a9","colorDark":"#00294f","angle":348,"snapDist":8,"label":1}},{"type":"Feature","geometry":{"type":"Point","coordinates":[24.731109,42.1474]},"properties":{"name":"ресторант Шери","lines":"15, 17, 113, 222","arr":["15","17","113","222"],"terminus":0,"mode":"bus","color":"#0059a9","colorDark":"#00294f","angle":269.3,"snapDist":2,"label":1}},{"type":"Feature","geometry":{"type":"Point","coordinates":[24.72042,42.125211]},"properties":{"name":"кв. Южен - бул. Ал. Стамболийски","lines":"16, 36","arr":["16","36"],"terminus":1,"mode":"bus","color":"#0059a9","colorDark":"#00294f","angle":181.7,"snapDist":4,"label":1}},{"type":"Feature","geometry":{"type":"Point","coordinates":[24.731835,42.123681]},"properties":{"name":"Пицария Верди","lines":"16, 36","arr":["16","36"],"terminus":0,"mode":"bus","color":"#0059a9","colorDark":"#00294f","angle":117,"snapDist":5,"label":1}},{"type":"Feature","geometry":{"type":"Point","coordinates":[24.7514,42.163318]},"properties":{"name":"ЦДГ Весела","lines":"16","arr":["16"],"terminus":0,"mode":"bus","color":"#0059a9","colorDark":"#00294f","angle":180,"snapDist":6,"label":1}},{"type":"Feature","geometry":{"type":"Point","coordinates":[24.759831,42.162102]},"properties":{"name":"кв. Гагарин - ул. Милеви скали","lines":"16","arr":["16"],"terminus":1,"mode":"bus","color":"#0059a9","colorDark":"#00294f","angle":194,"snapDist":0,"label":1}},{"type":"Feature","geometry":{"type":"Point","coordinates":[24.731026,42.122491]},"properties":{"name":"Луна парк","lines":"16, 36","arr":["16","36"],"terminus":0,"mode":"bus","color":"#0059a9","colorDark":"#00294f","angle":297.4,"snapDist":7,"label":1}},{"type":"Feature","geometry":{"type":"Point","coordinates":[24.697986,42.135943]},"properties":{"name":"Срещу Хотел Ландмарк Крийк","lines":"17","arr":["17"],"terminus":0,"mode":"bus","color":"#0059a9","colorDark":"#00294f","angle":142.5,"snapDist":6,"label":1}},{"type":"Feature","geometry":{"type":"Point","coordinates":[24.713636,42.144523]},"properties":{"name":"срещу Зоологоческата градина","lines":"17","arr":["17"],"terminus":0,"mode":"bus","color":"#0059a9","colorDark":"#00294f","angle":162.5,"snapDist":12,"label":1}},{"type":"Feature","geometry":{"type":"Point","coordinates":[24.720017,42.14411]},"properties":{"name":"бул. Свобода","lines":"17","arr":["17"],"terminus":0,"mode":"bus","color":"#0059a9","colorDark":"#00294f","angle":177.3,"snapDist":4,"label":1}},{"type":"Feature","geometry":{"type":"Point","coordinates":[24.72635,42.144063]},"properties":{"name":"Копривщица - срещу хотел","lines":"17, 37","arr":["17","37"],"terminus":0,"mode":"bus","color":"#0059a9","colorDark":"#00294f","angle":82.2,"snapDist":6,"label":1}},{"type":"Feature","geometry":{"type":"Point","coordinates":[24.725086,42.1473]},"properties":{"name":"бул. Копривщица - срещу денонощно","lines":"17, 37","arr":["17","37"],"terminus":0,"mode":"bus","color":"#0059a9","colorDark":"#00294f","angle":59.9,"snapDist":4,"label":1}},{"type":"Feature","geometry":{"type":"Point","coordinates":[24.724679,42.152703]},"properties":{"name":"Марица 1","lines":"17, 37","arr":["17","37"],"terminus":0,"mode":"bus","color":"#0059a9","colorDark":"#00294f","angle":179.5,"snapDist":9,"label":1}},{"type":"Feature","geometry":{"type":"Point","coordinates":[24.72847,42.152708]},"properties":{"name":"Марица 2","lines":"17, 37","arr":["17","37"],"terminus":0,"mode":"bus","color":"#0059a9","colorDark":"#00294f","angle":179.9,"snapDist":5,"label":1}},{"type":"Feature","geometry":{"type":"Point","coordinates":[24.731025,42.1506]},"properties":{"name":"В.Априлов 85","lines":"17, 37, 44, 93, 99, 113, 222","arr":["17","37","44","93","99","113","222"],"terminus":0,"mode":"bus","color":"#0059a9","colorDark":"#00294f","angle":270.2,"snapDist":2,"label":1}},{"type":"Feature","geometry":{"type":"Point","coordinates":[24.736022,42.140212]},"properties":{"name":"ВМИ","lines":"17, 24, 113, 222","arr":["17","24","113","222"],"terminus":0,"mode":"bus","color":"#0059a9","colorDark":"#00294f","angle":216.6,"snapDist":4,"label":1}},{"type":"Feature","geometry":{"type":"Point","coordinates":[24.740253,42.137374]},"properties":{"name":"Копчето","lines":"17, 24, 113, 222","arr":["17","24","113","222"],"terminus":0,"mode":"bus","color":"#0059a9","colorDark":"#00294f","angle":233.4,"snapDist":5,"label":1}},{"type":"Feature","geometry":{"type":"Point","coordinates":[24.74129,42.123875]},"properties":{"name":"І РПУ","lines":"17, 24, 36, 116","arr":["17","24","36","116"],"terminus":0,"mode":"bus","color":"#0059a9","colorDark":"#00294f","angle":201.5,"snapDist":11,"label":1}},{"type":"Feature","geometry":{"type":"Point","coordinates":[24.752805,42.122554]},"properties":{"name":"зала Олимпиада","lines":"17, 24, 36, 116","arr":["17","24","36","116"],"terminus":0,"mode":"bus","color":"#0059a9","colorDark":"#00294f","angle":172.6,"snapDist":9,"label":1}},{"type":"Feature","geometry":{"type":"Point","coordinates":[24.755657,42.120486]},"properties":{"name":"срещу завод Флавия","lines":"17, 24, 116","arr":["17","24","116"],"terminus":0,"mode":"bus","color":"#0059a9","colorDark":"#00294f","angle":260.8,"snapDist":11,"label":1}},{"type":"Feature","geometry":{"type":"Point","coordinates":[24.758688,42.119816]},"properties":{"name":"пред Крепежни изделия","lines":"17","arr":["17"],"terminus":0,"mode":"bus","color":"#0059a9","colorDark":"#00294f","angle":84.8,"snapDist":4,"label":1}},{"type":"Feature","geometry":{"type":"Point","coordinates":[24.758452,42.121717]},"properties":{"name":"ВУСИ","lines":"17","arr":["17"],"terminus":0,"mode":"bus","color":"#0059a9","colorDark":"#00294f","angle":84.6,"snapDist":4,"label":1}},{"type":"Feature","geometry":{"type":"Point","coordinates":[24.757572,42.126736]},"properties":{"name":"пред Топливо","lines":"17, 24","arr":["17","24"],"terminus":0,"mode":"bus","color":"#0059a9","colorDark":"#00294f","angle":76.1,"snapDist":7,"label":1}},{"type":"Feature","geometry":{"type":"Point","coordinates":[24.759496,42.134257]},"properties":{"name":"Поделението","lines":"17, 24","arr":["17","24"],"terminus":0,"mode":"bus","color":"#0059a9","colorDark":"#00294f","angle":158.4,"snapDist":1,"label":1}},{"type":"Feature","geometry":{"type":"Point","coordinates":[24.774785,42.125299]},"properties":{"name":"срещу Оптикоелектрон","lines":"17","arr":["17"],"terminus":0,"mode":"bus","color":"#0059a9","colorDark":"#00294f","angle":67.4,"snapDist":15,"label":1}},{"type":"Feature","geometry":{"type":"Point","coordinates":[24.800046,42.145183]},"properties":{"name":"Син кос","lines":"17, 21, 66","arr":["17","21","66"],"terminus":0,"mode":"bus","color":"#0059a9","colorDark":"#00294f","angle":142,"snapDist":5,"label":1}},{"type":"Feature","geometry":{"type":"Point","coordinates":[24.775004,42.124907]},"properties":{"name":"Оптикоелектрон","lines":"17","arr":["17"],"terminus":0,"mode":"bus","color":"#0059a9","colorDark":"#00294f","angle":247.4,"snapDist":5,"label":1}},{"type":"Feature","geometry":{"type":"Point","coordinates":[24.773093,42.12359]},"properties":{"name":"Асеновградско шосе Мега","lines":"17","arr":["17"],"terminus":0,"mode":"bus","color":"#0059a9","colorDark":"#00294f","angle":63.2,"snapDist":5,"label":1}},{"type":"Feature","geometry":{"type":"Point","coordinates":[24.761918,42.135105]},"properties":{"name":"Санкт Петербург","lines":"17, 24","arr":["17","24"],"terminus":0,"mode":"bus","color":"#0059a9","colorDark":"#00294f","angle":338.5,"snapDist":4,"label":1}},{"type":"Feature","geometry":{"type":"Point","coordinates":[24.756385,42.12866]},"properties":{"name":"срещу ОМВ","lines":"17, 24","arr":["17","24"],"terminus":0,"mode":"bus","color":"#0059a9","colorDark":"#00294f","angle":237.4,"snapDist":8,"label":1}},{"type":"Feature","geometry":{"type":"Point","coordinates":[24.757861,42.12506]},"properties":{"name":"503 срещу автосервиз Пенев","lines":"17, 24, 37","arr":["17","24","37"],"terminus":0,"mode":"bus","color":"#0059a9","colorDark":"#00294f","angle":264.5,"snapDist":12,"label":1}},{"type":"Feature","geometry":{"type":"Point","coordinates":[24.758231,42.122196]},"properties":{"name":"срещу Фин Тех Маш АД","lines":"17, 24, 37","arr":["17","24","37"],"terminus":0,"mode":"bus","color":"#0059a9","colorDark":"#00294f","angle":264.8,"snapDist":8,"label":1}},{"type":"Feature","geometry":{"type":"Point","coordinates":[24.755661,42.120467]},"properties":{"name":"завод Флавия","lines":"17, 24","arr":["17","24"],"terminus":0,"mode":"bus","color":"#0059a9","colorDark":"#00294f","angle":80.8,"snapDist":9,"label":1}},{"type":"Feature","geometry":{"type":"Point","coordinates":[24.747111,42.122986]},"properties":{"name":"бул. Н.Вапцаров","lines":"17, 24, 36, 116","arr":["17","24","36","116"],"terminus":0,"mode":"bus","color":"#0059a9","colorDark":"#00294f","angle":11.4,"snapDist":4,"label":1}},{"type":"Feature","geometry":{"type":"Point","coordinates":[24.740074,42.124367]},"properties":{"name":"Тромпета","lines":"17, 24, 27, 36, 116","arr":["17","24","27","36","116"],"terminus":0,"mode":"bus","color":"#0059a9","colorDark":"#00294f","angle":23.8,"snapDist":5,"label":1}},{"type":"Feature","geometry":{"type":"Point","coordinates":[24.739865,42.137881]},"properties":{"name":"срещу кино Гео Милев","lines":"17, 24, 113, 222","arr":["17","24","113","222"],"terminus":0,"mode":"bus","color":"#0059a9","colorDark":"#00294f","angle":45.5,"snapDist":2,"label":1}},{"type":"Feature","geometry":{"type":"Point","coordinates":[24.731161,42.1485]},"properties":{"name":"ресторант Стадиона","lines":"17, 37, 44, 93, 99, 113, 222","arr":["17","37","44","93","99","113","222"],"terminus":0,"mode":"bus","color":"#0059a9","colorDark":"#00294f","angle":90.2,"snapDist":3,"label":1}},{"type":"Feature","geometry":{"type":"Point","coordinates":[24.734283,42.152067]},"properties":{"name":"ЦКБ","lines":"17, 37","arr":["17","37"],"terminus":0,"mode":"bus","color":"#0059a9","colorDark":"#00294f","angle":88,"snapDist":9,"label":1}},{"type":"Feature","geometry":{"type":"Point","coordinates":[24.72819,42.152708]},"properties":{"name":"Марица 1","lines":"17, 37","arr":["17","37"],"terminus":0,"mode":"bus","color":"#0059a9","colorDark":"#00294f","angle":359.9,"snapDist":6,"label":1}},{"type":"Feature","geometry":{"type":"Point","coordinates":[24.724641,42.152703]},"properties":{"name":"Марица 2","lines":"17, 37","arr":["17","37"],"terminus":0,"mode":"bus","color":"#0059a9","colorDark":"#00294f","angle":359.5,"snapDist":5,"label":1}},{"type":"Feature","geometry":{"type":"Point","coordinates":[24.724228,42.148325]},"properties":{"name":"бул. Копривщица 1","lines":"17, 37","arr":["17","37"],"terminus":0,"mode":"bus","color":"#0059a9","colorDark":"#00294f","angle":240,"snapDist":6,"label":1}},{"type":"Feature","geometry":{"type":"Point","coordinates":[24.725653,42.146083]},"properties":{"name":"Копривщица","lines":"17, 37","arr":["17","37"],"terminus":0,"mode":"bus","color":"#0059a9","colorDark":"#00294f","angle":254.3,"snapDist":5,"label":1}},{"type":"Feature","geometry":{"type":"Point","coordinates":[24.71332,42.144449]},"properties":{"name":"Зоологическа градина","lines":"17","arr":["17"],"terminus":0,"mode":"bus","color":"#0059a9","colorDark":"#00294f","angle":342.5,"snapDist":8,"label":1}},{"type":"Feature","geometry":{"type":"Point","coordinates":[24.697331,42.13557]},"properties":{"name":"Хотел Ландмарк Крийк","lines":"17","arr":["17"],"terminus":0,"mode":"bus","color":"#0059a9","colorDark":"#00294f","angle":322.5,"snapDist":4,"label":1}},{"type":"Feature","geometry":{"type":"Point","coordinates":[24.687526,42.126233]},"properties":{"name":"кв.Прослав-Христо Ясенов","lines":"17","arr":["17"],"terminus":0,"mode":"bus","color":"#0059a9","colorDark":"#00294f","angle":3.2,"snapDist":6,"label":1}},{"type":"Feature","geometry":{"type":"Point","coordinates":[24.788959,42.120966]},"properties":{"name":"срещу пожарната","lines":"18","arr":["18"],"terminus":1,"mode":"bus","color":"#0059a9","colorDark":"#00294f","angle":65.2,"snapDist":9,"label":1}},{"type":"Feature","geometry":{"type":"Point","coordinates":[24.786804,42.124842]},"properties":{"name":"Печатницата - изток","lines":"18","arr":["18"],"terminus":0,"mode":"bus","color":"#0059a9","colorDark":"#00294f","angle":86,"snapDist":12,"label":1}},{"type":"Feature","geometry":{"type":"Point","coordinates":[24.762003,42.136168]},"properties":{"name":"Христо Ботев №15","lines":"18, 29, 36, 44, 99","arr":["18","29","36","44","99"],"terminus":0,"mode":"bus","color":"#0059a9","colorDark":"#00294f","angle":358.6,"snapDist":9,"label":1}},{"type":"Feature","geometry":{"type":"Point","coordinates":[24.757095,42.136227]},"properties":{"name":"Военна болница","lines":"18, 29, 36, 44, 99","arr":["18","29","36","44","99"],"terminus":0,"mode":"bus","color":"#0059a9","colorDark":"#00294f","angle":1.5,"snapDist":17,"label":1}},{"type":"Feature","geometry":{"type":"Point","coordinates":[24.742439,42.135852]},"properties":{"name":"колело Централна гара","lines":"18","arr":["18"],"terminus":0,"mode":"bus","color":"#0059a9","colorDark":"#00294f","angle":119.6,"snapDist":2,"label":1}},{"type":"Feature","geometry":{"type":"Point","coordinates":[24.697508,42.1557]},"properties":{"name":"Хангарите","lines":"18","arr":["18"],"terminus":1,"mode":"bus","color":"#0059a9","colorDark":"#00294f","angle":91.5,"snapDist":14,"label":1}},{"type":"Feature","geometry":{"type":"Point","coordinates":[24.707058,42.154926]},"properties":{"name":"магазин Техномаркет - юг","lines":"18","arr":["18"],"terminus":0,"mode":"bus","color":"#0059a9","colorDark":"#00294f","angle":167.6,"snapDist":9,"label":1}},{"type":"Feature","geometry":{"type":"Point","coordinates":[24.75735,42.136222]},"properties":{"name":"срещу Военна болница","lines":"18, 29, 36, 44, 99","arr":["18","29","36","44","99"],"terminus":0,"mode":"bus","color":"#0059a9","colorDark":"#00294f","angle":180.4,"snapDist":5,"label":1}},{"type":"Feature","geometry":{"type":"Point","coordinates":[24.785822,42.129006]},"properties":{"name":"бл.183","lines":"18, 44","arr":["18","44"],"terminus":0,"mode":"bus","color":"#0059a9","colorDark":"#00294f","angle":264.3,"snapDist":7,"label":1}},{"type":"Feature","geometry":{"type":"Point","coordinates":[24.786572,42.125129]},"properties":{"name":"Печатницата - запад","lines":"18","arr":["18"],"terminus":0,"mode":"bus","color":"#0059a9","colorDark":"#00294f","angle":252.2,"snapDist":11,"label":1}},{"type":"Feature","geometry":{"type":"Point","coordinates":[24.789026,42.120859]},"properties":{"name":"Недялка Шилева преди пожарната","lines":"18","arr":["18"],"terminus":1,"mode":"bus","color":"#0059a9","colorDark":"#00294f","angle":245.2,"snapDist":2,"label":1}},{"type":"Feature","geometry":{"type":"Point","coordinates":[24.706984,42.155195]},"properties":{"name":"магазин Техномаркет","lines":"18","arr":["18"],"terminus":0,"mode":"bus","color":"#0059a9","colorDark":"#00294f","angle":167.1,"snapDist":13,"label":1}},{"type":"Feature","geometry":{"type":"Point","coordinates":[24.786174,42.127591]},"properties":{"name":"Колелото на Цар Симеон","lines":"18, 44, 99","arr":["18","44","99"],"terminus":1,"mode":"bus","color":"#0059a9","colorDark":"#00294f","angle":81.2,"snapDist":6,"label":1}},{"type":"Feature","geometry":{"type":"Point","coordinates":[24.72209,42.128405]},"properties":{"name":"срещу КТВ","lines":"20, 27, 113","arr":["20","27","113"],"terminus":0,"mode":"bus","color":"#0059a9","colorDark":"#00294f","angle":297.3,"snapDist":4,"label":1}},{"type":"Feature","geometry":{"type":"Point","coordinates":[24.720764,42.126375]},"properties":{"name":"срещу Старчески дом","lines":"20, 27, 113","arr":["20","27","113"],"terminus":0,"mode":"bus","color":"#0059a9","colorDark":"#00294f","angle":119.2,"snapDist":3,"label":1}},{"type":"Feature","geometry":{"type":"Point","coordinates":[24.80055,42.146108]},"properties":{"name":"Ягодовско шосе пред Пътища АД","lines":"21","arr":["21"],"terminus":0,"mode":"bus","color":"#0059a9","colorDark":"#00294f","angle":229.7,"snapDist":6,"label":1}},{"type":"Feature","geometry":{"type":"Point","coordinates":[24.796748,42.14808]},"properties":{"name":"завод Успех","lines":"21, 22, 66","arr":["21","22","66"],"terminus":0,"mode":"bus","color":"#0059a9","colorDark":"#00294f","angle":355.7,"snapDist":9,"label":1}},{"type":"Feature","geometry":{"type":"Point","coordinates":[24.792742,42.149118]},"properties":{"name":"Уилсън (изток)","lines":"21, 66","arr":["21","66"],"terminus":0,"mode":"bus","color":"#0059a9","colorDark":"#00294f","angle":105.4,"snapDist":16,"label":1}},{"type":"Feature","geometry":{"type":"Point","coordinates":[24.792318,42.151767]},"properties":{"name":"училище Симон Боливар","lines":"21, 66","arr":["21","66"],"terminus":0,"mode":"bus","color":"#0059a9","colorDark":"#00294f","angle":1.4,"snapDist":6,"label":1}},{"type":"Feature","geometry":{"type":"Point","coordinates":[24.775087,42.149167]},"properties":{"name":"хотел Кендрос","lines":"21, 25, 36, 66, 93","arr":["21","25","36","66","93"],"terminus":0,"mode":"bus","color":"#0059a9","colorDark":"#00294f","angle":347.7,"snapDist":3,"label":1}},{"type":"Feature","geometry":{"type":"Point","coordinates":[24.769776,42.148236]},"properties":{"name":"Траурен парк Централен","lines":"21, 25, 36, 66, 93","arr":["21","25","36","66","93"],"terminus":0,"mode":"bus","color":"#0059a9","colorDark":"#00294f","angle":322.1,"snapDist":6,"label":1}},{"type":"Feature","geometry":{"type":"Point","coordinates":[24.765426,42.147368]},"properties":{"name":"Траурев парк Централен - 2","lines":"21, 25, 36, 66, 93","arr":["21","25","36","66","93"],"terminus":0,"mode":"bus","color":"#0059a9","colorDark":"#00294f","angle":346.7,"snapDist":9,"label":1}},{"type":"Feature","geometry":{"type":"Point","coordinates":[24.763239,42.1493]},"properties":{"name":"бул. Източен (изток)","lines":"21, 25","arr":["21","25"],"terminus":0,"mode":"bus","color":"#0059a9","colorDark":"#00294f","angle":90.6,"snapDist":4,"label":1}},{"type":"Feature","geometry":{"type":"Point","coordinates":[24.745707,42.16795]},"properties":{"name":"ТК Марица","lines":"21, 99","arr":["21","99"],"terminus":1,"mode":"bus","color":"#0059a9","colorDark":"#00294f","angle":33.1,"snapDist":7,"label":1}},{"type":"Feature","geometry":{"type":"Point","coordinates":[24.763165,42.150999]},"properties":{"name":"бул. Източен (запад)","lines":"21, 25","arr":["21","25"],"terminus":0,"mode":"bus","color":"#0059a9","colorDark":"#00294f","angle":271.7,"snapDist":5,"label":1}},{"type":"Feature","geometry":{"type":"Point","coordinates":[24.763122,42.14937]},"properties":{"name":"бул. Източен №31","lines":"21, 25","arr":["21","25"],"terminus":0,"mode":"bus","color":"#0059a9","colorDark":"#00294f","angle":271.3,"snapDist":0,"label":1}},{"type":"Feature","geometry":{"type":"Point","coordinates":[24.76569,42.14725]},"properties":{"name":"ТПК Марица","lines":"21, 25, 36, 66, 93","arr":["21","25","36","66","93"],"terminus":0,"mode":"bus","color":"#0059a9","colorDark":"#00294f","angle":167.6,"snapDist":0,"label":1}},{"type":"Feature","geometry":{"type":"Point","coordinates":[24.770425,42.148134]},"properties":{"name":"Полиграфия АД","lines":"21, 25, 36, 66, 93","arr":["21","25","36","66","93"],"terminus":0,"mode":"bus","color":"#0059a9","colorDark":"#00294f","angle":166.3,"snapDist":2,"label":1}},{"type":"Feature","geometry":{"type":"Point","coordinates":[24.775095,42.148902]},"properties":{"name":"Хладилника","lines":"21, 25, 36, 66, 93","arr":["21","25","36","66","93"],"terminus":0,"mode":"bus","color":"#0059a9","colorDark":"#00294f","angle":175.7,"snapDist":6,"label":1}},{"type":"Feature","geometry":{"type":"Point","coordinates":[24.791765,42.151792]},"properties":{"name":"срещу училище Симон Боливар","lines":"21, 66","arr":["21","66"],"terminus":0,"mode":"bus","color":"#0059a9","colorDark":"#00294f","angle":183.5,"snapDist":7,"label":1}},{"type":"Feature","geometry":{"type":"Point","coordinates":[24.792746,42.14913]},"properties":{"name":"ул. Уилсън (запад)","lines":"21, 66","arr":["21","66"],"terminus":0,"mode":"bus","color":"#0059a9","colorDark":"#00294f","angle":285.4,"snapDist":21,"label":1}},{"type":"Feature","geometry":{"type":"Point","coordinates":[24.793051,42.148071]},"properties":{"name":"Скобелева майка","lines":"21, 22","arr":["21","22"],"terminus":0,"mode":"bus","color":"#0059a9","colorDark":"#00294f","angle":184.4,"snapDist":1,"label":1}},{"type":"Feature","geometry":{"type":"Point","coordinates":[24.796781,42.147404]},"properties":{"name":"Кръговото на ДК","lines":"21, 22, 66","arr":["21","22","66"],"terminus":1,"mode":"bus","color":"#0059a9","colorDark":"#00294f","angle":237.6,"snapDist":3,"label":1}},{"type":"Feature","geometry":{"type":"Point","coordinates":[24.723399,42.150582]},"properties":{"name":"Младежка","lines":"22","arr":["22"],"terminus":1,"mode":"bus","color":"#0059a9","colorDark":"#00294f","angle":339.2,"snapDist":2,"label":1}},{"type":"Feature","geometry":{"type":"Point","coordinates":[24.726543,42.146927]},"properties":{"name":"VІ-ти Септември 2","lines":"22","arr":["22"],"terminus":0,"mode":"bus","color":"#0059a9","colorDark":"#00294f","angle":161.4,"snapDist":4,"label":1}},{"type":"Feature","geometry":{"type":"Point","coordinates":[24.787114,42.148294]},"properties":{"name":"срещу завод Успех","lines":"22","arr":["22"],"terminus":0,"mode":"bus","color":"#0059a9","colorDark":"#00294f","angle":-10.4,"snapDist":6,"label":1}},{"type":"Feature","geometry":{"type":"Point","coordinates":[24.805279,42.141712]},"properties":{"name":"Изпитателен център","lines":"22","arr":["22"],"terminus":1,"mode":"bus","color":"#0059a9","colorDark":"#00294f","angle":52.4,"snapDist":2,"label":1}},{"type":"Feature","geometry":{"type":"Point","coordinates":[24.79217,42.148261]},"properties":{"name":"кръстовище с ул. Уилсън","lines":"22","arr":["22"],"terminus":0,"mode":"bus","color":"#0059a9","colorDark":"#00294f","angle":5.3,"snapDist":9,"label":1}},{"type":"Feature","geometry":{"type":"Point","coordinates":[24.730209,42.147881]},"properties":{"name":"Областна управа","lines":"22","arr":["22"],"terminus":0,"mode":"bus","color":"#0059a9","colorDark":"#00294f","angle":351.9,"snapDist":6,"label":1}},{"type":"Feature","geometry":{"type":"Point","coordinates":[24.725493,42.147316]},"properties":{"name":"бул. Копривщица","lines":"22","arr":["22"],"terminus":0,"mode":"bus","color":"#0059a9","colorDark":"#00294f","angle":60.1,"snapDist":5,"label":1}},{"type":"Feature","geometry":{"type":"Point","coordinates":[24.723528,42.150618]},"properties":{"name":"Обръщалото на ул. Младежка","lines":"22","arr":["22"],"terminus":1,"mode":"bus","color":"#0059a9","colorDark":"#00294f","angle":159.2,"snapDist":14,"label":1}},{"type":"Feature","geometry":{"type":"Point","coordinates":[24.809067,42.138406]},"properties":{"name":"Пречисвателна станция - Ягод.шосе","lines":"22","arr":["22"],"terminus":1,"mode":"bus","color":"#0059a9","colorDark":"#00294f","angle":50.4,"snapDist":16,"label":1}},{"type":"Feature","geometry":{"type":"Point","coordinates":[24.7802,42.116165]},"properties":{"name":"завод Устрем - Асеновгр. шосе","lines":"24, 44","arr":["24","44"],"terminus":1,"mode":"bus","color":"#0059a9","colorDark":"#00294f","angle":172.1,"snapDist":2,"label":1}},{"type":"Feature","geometry":{"type":"Point","coordinates":[24.777219,42.118434]},"properties":{"name":"Профилинк","lines":"24, 44","arr":["24","44"],"terminus":0,"mode":"bus","color":"#0059a9","colorDark":"#00294f","angle":43.7,"snapDist":3,"label":1}},{"type":"Feature","geometry":{"type":"Point","coordinates":[24.777289,42.118384]},"properties":{"name":"Профилинк -запад","lines":"24, 44","arr":["24","44"],"terminus":0,"mode":"bus","color":"#0059a9","colorDark":"#00294f","angle":223.7,"snapDist":8,"label":1}},{"type":"Feature","geometry":{"type":"Point","coordinates":[24.794569,42.134561]},"properties":{"name":"срещу магазин Сани","lines":"25, 93","arr":["25","93"],"terminus":0,"mode":"bus","color":"#0059a9","colorDark":"#00294f","angle":14.7,"snapDist":10,"label":1}},{"type":"Feature","geometry":{"type":"Point","coordinates":[24.791444,42.136556]},"properties":{"name":"жк Тракия срещу бл 52","lines":"25","arr":["25"],"terminus":0,"mode":"bus","color":"#0059a9","colorDark":"#00294f","angle":96.2,"snapDist":6,"label":1}},{"type":"Feature","geometry":{"type":"Point","coordinates":[24.791012,42.139402]},"properties":{"name":"жк Тракия бл.15","lines":"25, 44, 93","arr":["25","44","93"],"terminus":0,"mode":"bus","color":"#0059a9","colorDark":"#00294f","angle":60.5,"snapDist":9,"label":1}},{"type":"Feature","geometry":{"type":"Point","coordinates":[24.78392,42.145845]},"properties":{"name":"след хотел SPS","lines":"25, 93","arr":["25","93"],"terminus":0,"mode":"bus","color":"#0059a9","colorDark":"#00294f","angle":52.9,"snapDist":8,"label":1}},{"type":"Feature","geometry":{"type":"Point","coordinates":[24.780789,42.14806]},"properties":{"name":"Бензиностанция Шел","lines":"25, 93","arr":["25","93"],"terminus":0,"mode":"bus","color":"#0059a9","colorDark":"#00294f","angle":-140.5,"snapDist":12,"label":1}},{"type":"Feature","geometry":{"type":"Point","coordinates":[24.763282,42.15171]},"properties":{"name":"Бизнесцентър Микрон","lines":"25","arr":["25"],"terminus":0,"mode":"bus","color":"#0059a9","colorDark":"#00294f","angle":90.6,"snapDist":4,"label":1}},{"type":"Feature","geometry":{"type":"Point","coordinates":[24.779526,42.148347]},"properties":{"name":"Билла 3","lines":"25, 93","arr":["25","93"],"terminus":0,"mode":"bus","color":"#0059a9","colorDark":"#00294f","angle":227.7,"snapDist":3,"label":1}},{"type":"Feature","geometry":{"type":"Point","coordinates":[24.784199,42.14521]},"properties":{"name":"Поделението преди Метро","lines":"25, 93","arr":["25","93"],"terminus":0,"mode":"bus","color":"#0059a9","colorDark":"#00294f","angle":241.4,"snapDist":0,"label":1}},{"type":"Feature","geometry":{"type":"Point","coordinates":[24.78854,42.14083]},"properties":{"name":"жк Тракия бл. 28","lines":"25, 93","arr":["25","93"],"terminus":0,"mode":"bus","color":"#0059a9","colorDark":"#00294f","angle":221.9,"snapDist":7,"label":1}},{"type":"Feature","geometry":{"type":"Point","coordinates":[24.791259,42.137328]},"properties":{"name":"жк Тракия бл.52","lines":"25","arr":["25"],"terminus":0,"mode":"bus","color":"#0059a9","colorDark":"#00294f","angle":274.6,"snapDist":2,"label":1}},{"type":"Feature","geometry":{"type":"Point","coordinates":[24.791992,42.134895]},"properties":{"name":"магазин Сани","lines":"25, 93","arr":["25","93"],"terminus":0,"mode":"bus","color":"#0059a9","colorDark":"#00294f","angle":205.7,"snapDist":8,"label":1}},{"type":"Feature","geometry":{"type":"Point","coordinates":[24.702343,42.128119]},"properties":{"name":"срещу ул. Белица №1","lines":"26, 29","arr":["26","29"],"terminus":0,"mode":"bus","color":"#0059a9","colorDark":"#00294f","angle":164.5,"snapDist":2,"label":1}},{"type":"Feature","geometry":{"type":"Point","coordinates":[24.788393,42.152596]},"properties":{"name":"ул. Герлово (юг)","lines":"26, 36, 66","arr":["26","36","66"],"terminus":0,"mode":"bus","color":"#0059a9","colorDark":"#00294f","angle":185.3,"snapDist":3,"label":1}},{"type":"Feature","geometry":{"type":"Point","coordinates":[24.788909,42.152561]},"properties":{"name":"ул. Герлово (север)","lines":"26, 36, 66","arr":["26","36","66"],"terminus":0,"mode":"bus","color":"#0059a9","colorDark":"#00294f","angle":5.3,"snapDist":10,"label":1}},{"type":"Feature","geometry":{"type":"Point","coordinates":[24.772663,42.158724]},"properties":{"name":"Полихарт","lines":"27","arr":["27"],"terminus":0,"mode":"bus","color":"#0059a9","colorDark":"#00294f","angle":234.4,"snapDist":8,"label":1}},{"type":"Feature","geometry":{"type":"Point","coordinates":[24.769722,42.156779]},"properties":{"name":"ЗХА Родина","lines":"27","arr":["27"],"terminus":1,"mode":"bus","color":"#0059a9","colorDark":"#00294f","angle":272.2,"snapDist":1,"label":1}},{"type":"Feature","geometry":{"type":"Point","coordinates":[24.772084,42.159325]},"properties":{"name":"срещу Полихарт","lines":"27","arr":["27"],"terminus":0,"mode":"bus","color":"#0059a9","colorDark":"#00294f","angle":54.4,"snapDist":5,"label":1}},{"type":"Feature","geometry":{"type":"Point","coordinates":[24.74208,42.126372]},"properties":{"name":"кръстовище с ул. Георги Кондолов","lines":"27","arr":["27"],"terminus":0,"mode":"bus","color":"#0059a9","colorDark":"#00294f","angle":292.5,"snapDist":8,"label":1}},{"type":"Feature","geometry":{"type":"Point","coordinates":[24.754829,42.124987]},"properties":{"name":"срещу НАП","lines":"36, 37","arr":["36","37"],"terminus":0,"mode":"bus","color":"#0059a9","colorDark":"#00294f","angle":81.6,"snapDist":10,"label":1}},{"type":"Feature","geometry":{"type":"Point","coordinates":[24.743953,42.129903]},"properties":{"name":"бул. Македония","lines":"36, 37","arr":["36","37"],"terminus":0,"mode":"bus","color":"#0059a9","colorDark":"#00294f","angle":291.1,"snapDist":2,"label":1}},{"type":"Feature","geometry":{"type":"Point","coordinates":[24.7437,42.126471]},"properties":{"name":"кръстовище Скопие / Горно броди","lines":"36, 37","arr":["36","37"],"terminus":0,"mode":"bus","color":"#0059a9","colorDark":"#00294f","angle":182.1,"snapDist":1,"label":1}},{"type":"Feature","geometry":{"type":"Point","coordinates":[24.752706,42.12609]},"properties":{"name":"НАП","lines":"36, 37","arr":["36","37"],"terminus":0,"mode":"bus","color":"#0059a9","colorDark":"#00294f","angle":183.4,"snapDist":8,"label":1}},{"type":"Feature","geometry":{"type":"Point","coordinates":[24.725986,42.140327]},"properties":{"name":"бул. Копривщица","lines":"37","arr":["37"],"terminus":0,"mode":"bus","color":"#0059a9","colorDark":"#00294f","angle":98,"snapDist":5,"label":1}},{"type":"Feature","geometry":{"type":"Point","coordinates":[24.753988,42.12996]},"properties":{"name":"ул. Даме Груев 1","lines":"37","arr":["37"],"terminus":0,"mode":"bus","color":"#0059a9","colorDark":"#00294f","angle":2.6,"snapDist":3,"label":1}},{"type":"Feature","geometry":{"type":"Point","coordinates":[24.749388,42.130084]},"properties":{"name":"Събота пазар","lines":"37","arr":["37"],"terminus":0,"mode":"bus","color":"#0059a9","colorDark":"#00294f","angle":2.8,"snapDist":4,"label":1}},{"type":"Feature","geometry":{"type":"Point","coordinates":[24.756069,42.121039]},"properties":{"name":"ЕАЗ - Цар Борис ІІІ","lines":"37, 116","arr":["37","116"],"terminus":1,"mode":"bus","color":"#0059a9","colorDark":"#00294f","angle":-97.1,"snapDist":17,"label":1}},{"type":"Feature","geometry":{"type":"Point","coordinates":[24.749975,42.130062]},"properties":{"name":"срещу Събота пазар","lines":"37","arr":["37"],"terminus":0,"mode":"bus","color":"#0059a9","colorDark":"#00294f","angle":182.8,"snapDist":8,"label":1}},{"type":"Feature","geometry":{"type":"Point","coordinates":[24.754726,42.130493]},"properties":{"name":"ул. Даме Груев 2","lines":"37","arr":["37"],"terminus":0,"mode":"bus","color":"#0059a9","colorDark":"#00294f","angle":93.5,"snapDist":6,"label":1}},{"type":"Feature","geometry":{"type":"Point","coordinates":[24.725851,42.139557]},"properties":{"name":"Бензиностанцията","lines":"37","arr":["37"],"terminus":0,"mode":"bus","color":"#0059a9","colorDark":"#00294f","angle":276.2,"snapDist":3,"label":1}},{"type":"Feature","geometry":{"type":"Point","coordinates":[24.779628,42.116675]},"properties":{"name":"ул. Н.Абаджиев","lines":"44","arr":["44"],"terminus":0,"mode":"bus","color":"#0059a9","colorDark":"#00294f","angle":45.3,"snapDist":7,"label":1}},{"type":"Feature","geometry":{"type":"Point","coordinates":[24.789852,42.131654]},"properties":{"name":"магазин Кауфланд","lines":"44","arr":["44"],"terminus":0,"mode":"bus","color":"#0059a9","colorDark":"#00294f","angle":147.8,"snapDist":7,"label":1}},{"type":"Feature","geometry":{"type":"Point","coordinates":[24.789453,42.136078]},"properties":{"name":"жк Тракия бл.45","lines":"44, 93","arr":["44","93"],"terminus":0,"mode":"bus","color":"#0059a9","colorDark":"#00294f","angle":119.5,"snapDist":6,"label":1}},{"type":"Feature","geometry":{"type":"Point","coordinates":[24.731136,42.156278]},"properties":{"name":"бул. В.Априлов","lines":"44, 93, 99, 113, 222","arr":["44","93","99","113","222"],"terminus":0,"mode":"bus","color":"#0059a9","colorDark":"#00294f","angle":85.1,"snapDist":2,"label":1}},{"type":"Feature","geometry":{"type":"Point","coordinates":[24.731001,42.156283]},"properties":{"name":"бул. В. Априлов 1 запад","lines":"44, 93, 99, 113, 222","arr":["44","93","99","113","222"],"terminus":0,"mode":"bus","color":"#0059a9","colorDark":"#00294f","angle":266.7,"snapDist":5,"label":1}},{"type":"Feature","geometry":{"type":"Point","coordinates":[24.790051,42.138378]},"properties":{"name":"жк Тракия бл.42","lines":"44, 93","arr":["44","93"],"terminus":0,"mode":"bus","color":"#0059a9","colorDark":"#00294f","angle":331.2,"snapDist":0,"label":1}},{"type":"Feature","geometry":{"type":"Point","coordinates":[24.788601,42.135231]},"properties":{"name":"срещу поща Тракия","lines":"44, 93","arr":["44","93"],"terminus":0,"mode":"bus","color":"#0059a9","colorDark":"#00294f","angle":309.6,"snapDist":3,"label":1}},{"type":"Feature","geometry":{"type":"Point","coordinates":[24.73899,42.170821]},"properties":{"name":"Стъкларски завод - пред портала","lines":"93","arr":["93"],"terminus":1,"mode":"bus","color":"#0059a9","colorDark":"#00294f","angle":337.4,"snapDist":0,"label":1}},{"type":"Feature","geometry":{"type":"Point","coordinates":[24.738218,42.169492]},"properties":{"name":"пред входа на АйБи Сейлинг","lines":"93","arr":["93"],"terminus":0,"mode":"bus","color":"#0059a9","colorDark":"#00294f","angle":244,"snapDist":11,"label":1}},{"type":"Feature","geometry":{"type":"Point","coordinates":[24.736565,42.167581]},"properties":{"name":"Петров комерс","lines":"93","arr":["93"],"terminus":0,"mode":"bus","color":"#0059a9","colorDark":"#00294f","angle":335,"snapDist":5,"label":1}},{"type":"Feature","geometry":{"type":"Point","coordinates":[24.733428,42.166482]},"properties":{"name":"Химснаб","lines":"93","arr":["93"],"terminus":0,"mode":"bus","color":"#0059a9","colorDark":"#00294f","angle":333.8,"snapDist":15,"label":1}},{"type":"Feature","geometry":{"type":"Point","coordinates":[24.729388,42.165032]},"properties":{"name":"пред Юг 1","lines":"93","arr":["93"],"terminus":0,"mode":"bus","color":"#0059a9","colorDark":"#00294f","angle":329.6,"snapDist":6,"label":1}},{"type":"Feature","geometry":{"type":"Point","coordinates":[24.730308,42.159716]},"properties":{"name":"срещу ресторант Хитър Петър","lines":"93","arr":["93"],"terminus":0,"mode":"bus","color":"#0059a9","colorDark":"#00294f","angle":257.6,"snapDist":3,"label":1}},{"type":"Feature","geometry":{"type":"Point","coordinates":[24.781117,42.128205]},"properties":{"name":"бл.330","lines":"93","arr":["93"],"terminus":0,"mode":"bus","color":"#0059a9","colorDark":"#00294f","angle":247.5,"snapDist":1,"label":1}},{"type":"Feature","geometry":{"type":"Point","coordinates":[24.779978,42.124908]},"properties":{"name":"жк Тракия срещу бл. 225","lines":"93","arr":["93"],"terminus":0,"mode":"bus","color":"#0059a9","colorDark":"#00294f","angle":337.8,"snapDist":17,"label":1}},{"type":"Feature","geometry":{"type":"Point","coordinates":[24.775187,42.124582]},"properties":{"name":"Автоелектроника","lines":"93","arr":["93"],"terminus":1,"mode":"bus","color":"#0059a9","colorDark":"#00294f","angle":67.4,"snapDist":11,"label":1}},{"type":"Feature","geometry":{"type":"Point","coordinates":[24.730491,42.159695]},"properties":{"name":"ресторант Хитър Петър","lines":"93","arr":["93"],"terminus":0,"mode":"bus","color":"#0059a9","colorDark":"#00294f","angle":77.5,"snapDist":2,"label":1}},{"type":"Feature","geometry":{"type":"Point","coordinates":[24.729119,42.164914]},"properties":{"name":"Севанс 7","lines":"93","arr":["93"],"terminus":0,"mode":"bus","color":"#0059a9","colorDark":"#00294f","angle":149.6,"snapDist":2,"label":1}},{"type":"Feature","geometry":{"type":"Point","coordinates":[24.733163,42.166385]},"properties":{"name":"срещу бензиностанцията","lines":"93","arr":["93"],"terminus":0,"mode":"bus","color":"#0059a9","colorDark":"#00294f","angle":153.8,"snapDist":7,"label":1}},{"type":"Feature","geometry":{"type":"Point","coordinates":[24.714639,42.17304]},"properties":{"name":"пред Димитър Маджаров 2 ЕООД","lines":"93","arr":["93"],"terminus":1,"mode":"bus","color":"#0059a9","colorDark":"#00294f","angle":40.2,"snapDist":1,"label":1}},{"type":"Feature","geometry":{"type":"Point","coordinates":[24.714918,42.172615]},"properties":{"name":"срещу Димитър Маджаров 2 ЕООД","lines":"93","arr":["93"],"terminus":1,"mode":"bus","color":"#0059a9","colorDark":"#00294f","angle":220.3,"snapDist":5,"label":1}},{"type":"Feature","geometry":{"type":"Point","coordinates":[24.795917,42.134096]},"properties":{"name":"ресторант Арбанаси","lines":"99","arr":["99"],"terminus":0,"mode":"bus","color":"#0059a9","colorDark":"#00294f","angle":194.9,"snapDist":5,"label":1}},{"type":"Feature","geometry":{"type":"Point","coordinates":[24.798954,42.132926]},"properties":{"name":"кв. Тракия ЖП Гара","lines":"99","arr":["99"],"terminus":0,"mode":"bus","color":"#0059a9","colorDark":"#00294f","angle":101.9,"snapDist":2,"label":1}},{"type":"Feature","geometry":{"type":"Point","coordinates":[24.795631,42.128274]},"properties":{"name":"срещу 2-ра Автоколона","lines":"99","arr":["99"],"terminus":0,"mode":"bus","color":"#0059a9","colorDark":"#00294f","angle":236.8,"snapDist":13,"label":1}},{"type":"Feature","geometry":{"type":"Point","coordinates":[24.796066,42.128195]},"properties":{"name":"2-ра Авто колона","lines":"99","arr":["99"],"terminus":1,"mode":"bus","color":"#0059a9","colorDark":"#00294f","angle":146.4,"snapDist":2,"label":1}},{"type":"Feature","geometry":{"type":"Point","coordinates":[24.798907,42.133775]},"properties":{"name":"жк. Тракия бл. 91","lines":"99","arr":["99"],"terminus":0,"mode":"bus","color":"#0059a9","colorDark":"#00294f","angle":5.3,"snapDist":12,"label":1}},{"type":"Feature","geometry":{"type":"Point","coordinates":[24.727678,42.114771]},"properties":{"name":"ул Остромила 3 север","lines":"113","arr":["113"],"terminus":0,"mode":"bus","color":"#0059a9","colorDark":"#00294f","angle":123.3,"snapDist":2,"label":1}},{"type":"Feature","geometry":{"type":"Point","coordinates":[24.721756,42.116403]},"properties":{"name":"ул Остромила","lines":"113","arr":["113"],"terminus":0,"mode":"bus","color":"#0059a9","colorDark":"#00294f","angle":300.2,"snapDist":2,"label":1}},{"type":"Feature","geometry":{"type":"Point","coordinates":[24.717444,42.117436]},"properties":{"name":"ул Остромила 1 север","lines":"113","arr":["113"],"terminus":0,"mode":"bus","color":"#0059a9","colorDark":"#00294f","angle":9.3,"snapDist":19,"label":1}},{"type":"Feature","geometry":{"type":"Point","coordinates":[24.720148,42.168986]},"properties":{"name":"срещу Рено","lines":"113","arr":["113"],"terminus":0,"mode":"bus","color":"#0059a9","colorDark":"#00294f","angle":229.6,"snapDist":2,"label":1}},{"type":"Feature","geometry":{"type":"Point","coordinates":[24.719267,42.163502]},"properties":{"name":"КАТ","lines":"113","arr":["113"],"terminus":1,"mode":"bus","color":"#0059a9","colorDark":"#00294f","angle":261.7,"snapDist":1,"label":1}},{"type":"Feature","geometry":{"type":"Point","coordinates":[24.720528,42.157707]},"properties":{"name":"Окръжна болница","lines":"113","arr":["113"],"terminus":0,"mode":"bus","color":"#0059a9","colorDark":"#00294f","angle":259.6,"snapDist":4,"label":0}},{"type":"Feature","geometry":{"type":"Point","coordinates":[24.717678,42.117407]},"properties":{"name":"ул Остромила 1 юг","lines":"113","arr":["113"],"terminus":0,"mode":"bus","color":"#0059a9","colorDark":"#00294f","angle":189.3,"snapDist":4,"label":1}},{"type":"Feature","geometry":{"type":"Point","coordinates":[24.721921,42.116128]},"properties":{"name":"ул Остромила 2 юг","lines":"113","arr":["113"],"terminus":0,"mode":"bus","color":"#0059a9","colorDark":"#00294f","angle":217.7,"snapDist":8,"label":1}},{"type":"Feature","geometry":{"type":"Point","coordinates":[24.727898,42.114647]},"properties":{"name":"ул. Остромила","lines":"113","arr":["113"],"terminus":0,"mode":"bus","color":"#0059a9","colorDark":"#00294f","angle":200,"snapDist":14,"label":1}},{"type":"Feature","geometry":{"type":"Point","coordinates":[24.770529,42.153931]},"properties":{"name":"магазин Бриколаж","lines":"116","arr":["116"],"terminus":0,"mode":"bus","color":"#0059a9","colorDark":"#00294f","angle":77.3,"snapDist":4,"label":1}},{"type":"Feature","geometry":{"type":"Point","coordinates":[24.786199,42.160701]},"properties":{"name":"кв. Изгрев","lines":"116","arr":["116"],"terminus":1,"mode":"bus","color":"#0059a9","colorDark":"#00294f","angle":274.7,"snapDist":6,"label":1}},{"type":"Feature","geometry":{"type":"Point","coordinates":[24.781388,42.159775]},"properties":{"name":"срещу обръщалото на ул. Крайна","lines":"116","arr":["116"],"terminus":0,"mode":"bus","color":"#0059a9","colorDark":"#00294f","angle":2.1,"snapDist":5,"label":1}},{"type":"Feature","geometry":{"type":"Point","coordinates":[24.775767,42.157435]},"properties":{"name":"бул. Марица (север)","lines":"116","arr":["116"],"terminus":0,"mode":"bus","color":"#0059a9","colorDark":"#00294f","angle":321.3,"snapDist":4,"label":1}}]}