{"type":"FeatureCollection","features":[{"type":"Feature","geometry":{"type":"LineString","coordinates":[[24.702178,42.100451],[24.70244,42.100706],[24.702574,42.100859],[24.703006,42.101291],[24.703312,42.101702],[24.703671,42.102486],[24.703692,42.102532],[24.703716,42.102585],[24.703765,42.102688],[24.704033,42.103211],[24.70432,42.103863],[24.704839,42.104943],[24.705545,42.106346],[24.705564,42.106381],[24.705632,42.106551],[24.705729,42.106734],[24.705748,42.10677],[24.706522,42.108226],[24.706625,42.10838],[24.707287,42.109368],[24.707966,42.110259],[24.708094,42.110421],[24.708234,42.110597],[24.708511,42.110956],[24.708539,42.110995],[24.708586,42.111053],[24.708616,42.111099],[24.709305,42.111982],[24.70934,42.112029],[24.709818,42.1126],[24.7101,42.112944],[24.710275,42.113154],[24.710564,42.113494],[24.710852,42.113857],[24.711141,42.11422],[24.711486,42.114665],[24.712,42.115321],[24.71218,42.11555],[24.712372,42.115797],[24.71243,42.115871],[24.712461,42.115912],[24.712492,42.115952],[24.712645,42.116133],[24.712923,42.116507],[24.713168,42.116814],[24.713289,42.116968],[24.713396,42.117125],[24.713592,42.117443],[24.713837,42.117826],[24.714172,42.11831],[24.714901,42.119222],[24.714953,42.119287],[24.715201,42.119593],[24.715683,42.120197],[24.715844,42.120399],[24.716005,42.120601],[24.716224,42.120876],[24.716267,42.120929],[24.716301,42.120972],[24.716762,42.121544],[24.716827,42.121624],[24.717015,42.121856],[24.717105,42.121964],[24.71727,42.122163],[24.717339,42.122245],[24.71736,42.12227],[24.717672,42.122648],[24.717938,42.122965],[24.717979,42.123014],[24.718116,42.123186],[24.718143,42.123226],[24.718565,42.123769],[24.718593,42.123804],[24.718917,42.12422],[24.718923,42.124227],[24.719,42.124326],[24.719147,42.124511],[24.719203,42.124583],[24.719297,42.124705],[24.719328,42.124742]]},"properties":{"name":"бул. Коматевско шосе"}},{"type":"Feature","geometry":{"type":"LineString","coordinates":[[24.724541,42.13169],[24.724462,42.13158],[24.723996,42.130949],[24.723021,42.12967],[24.72277,42.129377],[24.722742,42.129341],[24.722711,42.129298],[24.722633,42.129188]]},"properties":{"name":"бул. Коматевско шосе"}},{"type":"Feature","geometry":{"type":"LineString","coordinates":[[24.722905,42.129089],[24.72299,42.129199],[24.723019,42.129236],[24.724556,42.131276],[24.724895,42.131752],[24.725033,42.131931],[24.725153,42.13207],[24.725281,42.132197],[24.725388,42.132273],[24.725522,42.132357],[24.725661,42.132426],[24.725807,42.132485],[24.725993,42.132554],[24.726165,42.132602],[24.726358,42.132657],[24.727393,42.132904],[24.728083,42.133041],[24.728432,42.133097],[24.728758,42.133138],[24.729066,42.133168]]},"properties":{"name":"бул. Коматевско шосе"}},{"type":"Feature","geometry":{"type":"LineString","coordinates":[[24.722568,42.129092],[24.722476,42.128959],[24.721721,42.127874],[24.721653,42.127777],[24.721096,42.127067],[24.721061,42.127021],[24.720893,42.1268],[24.720804,42.126683],[24.720691,42.126535],[24.720156,42.125833],[24.72014,42.125812],[24.72001,42.125642],[24.719911,42.125523],[24.719854,42.125448],[24.719688,42.125229],[24.719328,42.124742],[24.719561,42.12488],[24.719737,42.125047],[24.719991,42.125359],[24.72001,42.125384],[24.720168,42.125583],[24.720293,42.125749],[24.721813,42.127765],[24.721856,42.127819],[24.722164,42.128208],[24.722709,42.128847],[24.722731,42.128873],[24.722832,42.128992]]},"properties":{"name":"бул. Коматевско шосе"}},{"type":"Feature","geometry":{"type":"LineString","coordinates":[[24.72001,42.125642],[24.720168,42.125583],[24.720277,42.125539],[24.720391,42.125495],[24.720407,42.125488],[24.720902,42.125296],[24.721332,42.125128],[24.721451,42.125082],[24.72172,42.124975],[24.722157,42.124802],[24.722269,42.124757],[24.722367,42.124725],[24.722677,42.124605],[24.723006,42.124477],[24.72305,42.124459],[24.723254,42.12438],[24.723791,42.124171],[24.72433,42.123961],[24.724637,42.123843],[24.726266,42.123219],[24.726335,42.123191],[24.726995,42.122923],[24.727093,42.122885],[24.727319,42.122797],[24.727812,42.1226],[24.727853,42.122584],[24.728388,42.122372],[24.729229,42.122054],[24.729853,42.121804],[24.730271,42.121643],[24.730326,42.121622],[24.730399,42.121592],[24.730482,42.121557],[24.730541,42.12153],[24.730735,42.121458],[24.73115,42.1213],[24.731228,42.12127],[24.731708,42.121088],[24.732758,42.120682],[24.733224,42.120494],[24.733315,42.120456],[24.733351,42.120442],[24.733395,42.120425],[24.733538,42.12037],[24.733777,42.120278],[24.733845,42.120252],[24.734147,42.120136],[24.734951,42.119826],[24.735605,42.11958],[24.73567,42.119553],[24.735763,42.119514]]},"properties":{"name":"Александър Стамболийски"}},{"type":"Feature","geometry":{"type":"LineString","coordinates":[[24.755872,42.119178],[24.755742,42.119159],[24.755329,42.119135],[24.752583,42.118948],[24.750498,42.118862],[24.750174,42.118855],[24.74996,42.118845],[24.74971,42.118833],[24.748352,42.118761],[24.747494,42.11872]]},"properties":{"name":"Александър Стамболийски"}},{"type":"Feature","geometry":{"type":"LineString","coordinates":[[24.741535,42.129488],[24.741451,42.129321],[24.741204,42.128781],[24.74091,42.128145],[24.740627,42.127564],[24.740396,42.127122],[24.740387,42.127106],[24.740366,42.127066],[24.740328,42.126998],[24.74031,42.126963],[24.740099,42.1266],[24.739877,42.126212],[24.73939,42.12537],[24.73904,42.124811],[24.739006,42.124757],[24.738984,42.124722],[24.738924,42.12463],[24.738885,42.124569],[24.73883,42.124477],[24.738702,42.124255],[24.738651,42.124167],[24.738599,42.124078],[24.738414,42.123783],[24.738367,42.123706],[24.738285,42.123572],[24.738256,42.123524],[24.738183,42.123405],[24.737913,42.122968],[24.73789,42.122931],[24.737786,42.122763],[24.73748,42.122263],[24.737424,42.122176],[24.737373,42.122093],[24.736902,42.121362],[24.73686,42.121311],[24.736818,42.121231],[24.736398,42.120569],[24.736371,42.120519],[24.73582,42.119611],[24.735798,42.119575],[24.735763,42.119514],[24.735714,42.119424],[24.735691,42.119351],[24.735659,42.119255],[24.735592,42.119088],[24.735558,42.119005],[24.735527,42.118928],[24.735332,42.118444],[24.735285,42.118327],[24.735201,42.118118],[24.735076,42.117925],[24.734999,42.117807],[24.734614,42.117419],[24.73433,42.117142],[24.733729,42.116498],[24.733276,42.116013],[24.733241,42.115961],[24.733205,42.115908],[24.7329,42.115289],[24.732759,42.115004],[24.732733,42.11495],[24.732623,42.114728],[24.732543,42.114566],[24.732157,42.113795],[24.732116,42.113699]]},"properties":{"name":"Димитър Талев"}},{"type":"Feature","geometry":{"type":"LineString","coordinates":[[24.732039,42.113615],[24.732074,42.113652],[24.732116,42.113699],[24.732155,42.1136]]},"properties":{"name":"Димитър Талев"}},{"type":"Feature","geometry":{"type":"LineString","coordinates":[[24.722568,42.129092],[24.722832,42.128992],[24.722974,42.128949],[24.724426,42.128544],[24.725406,42.128266],[24.725487,42.128243],[24.725641,42.1282],[24.725733,42.128175],[24.727082,42.127814],[24.727295,42.127764],[24.727712,42.127659],[24.728318,42.127521],[24.72907,42.127352],[24.729601,42.127237],[24.729743,42.12721],[24.729823,42.127193],[24.729982,42.127158],[24.732494,42.126624],[24.732656,42.126588],[24.733186,42.126458],[24.733362,42.126411],[24.733493,42.126374],[24.733606,42.126337],[24.733882,42.126249],[24.734244,42.126132],[24.735478,42.125736],[24.736297,42.125479],[24.737281,42.125157],[24.737362,42.125131],[24.738749,42.124686],[24.738784,42.124675],[24.738924,42.12463],[24.739085,42.12458],[24.739539,42.124438],[24.739969,42.124295],[24.740405,42.124149],[24.740473,42.124126],[24.740578,42.124089],[24.740749,42.124033],[24.740896,42.12399],[24.741317,42.123867],[24.741585,42.123807],[24.74186,42.123757],[24.743449,42.123477],[24.743583,42.123454],[24.745507,42.123132],[24.745602,42.123116],[24.746346,42.12299],[24.747466,42.122812],[24.747512,42.122805],[24.747686,42.122777],[24.747897,42.122744],[24.74855,42.122641],[24.749071,42.122559],[24.749539,42.122495],[24.749729,42.122471],[24.750271,42.122428],[24.750634,42.122417],[24.750885,42.122415],[24.751257,42.122424],[24.751798,42.122457],[24.752157,42.122492],[24.75237,42.122512],[24.7526,42.122534],[24.753145,42.122587],[24.753729,42.122639],[24.754944,42.122779],[24.755177,42.122805]]},"properties":{"name":"бул. Никола Вапцаров"}},{"type":"Feature","geometry":{"type":"LineString","coordinates":[[24.755157,42.122884],[24.754934,42.122864],[24.753854,42.122768],[24.753005,42.122692],[24.752572,42.122654],[24.752355,42.122635],[24.752133,42.122616],[24.751451,42.122558],[24.751306,42.122546],[24.75109,42.122531],[24.750877,42.122522],[24.750624,42.122531],[24.750255,42.122546],[24.749974,42.122566],[24.749678,42.122596],[24.749174,42.122665],[24.748365,42.122781],[24.748116,42.122824],[24.747928,42.122857],[24.747682,42.1229],[24.747526,42.122924],[24.747057,42.122994],[24.74635,42.123103],[24.74564,42.123222],[24.745468,42.123251],[24.743645,42.123551],[24.743478,42.123585],[24.74312,42.123647],[24.741894,42.123857],[24.741355,42.123971],[24.741069,42.124052],[24.740951,42.124086],[24.740803,42.124128],[24.74063,42.124185],[24.73918,42.124659],[24.739134,42.124673],[24.738984,42.124722],[24.738845,42.124765],[24.738199,42.124966],[24.737392,42.125226],[24.736346,42.125567],[24.733691,42.126413],[24.733649,42.126425],[24.733535,42.126462],[24.733401,42.126499],[24.732794,42.126644],[24.730637,42.1271],[24.729853,42.12727],[24.729766,42.127288],[24.729632,42.127317],[24.729577,42.127328],[24.72833,42.127599],[24.727756,42.127733],[24.727104,42.1279],[24.725811,42.128251],[24.725765,42.128264],[24.725689,42.128284],[24.725529,42.128332],[24.725275,42.128404],[24.724475,42.128629],[24.723112,42.129019],[24.723037,42.129044],[24.722905,42.129089],[24.722633,42.129188]]},"properties":{"name":"бул. Никола Вапцаров"}},{"type":"Feature","geometry":{"type":"LineString","coordinates":[[24.740749,42.124033],[24.740803,42.124128],[24.740838,42.124188],[24.740856,42.12422],[24.740944,42.124375],[24.741164,42.12477],[24.741674,42.125644],[24.741914,42.126077],[24.742136,42.126473],[24.742158,42.126517],[24.742181,42.126561],[24.742212,42.126619],[24.74223,42.126651],[24.742253,42.12669],[24.742432,42.127031],[24.742675,42.127492],[24.742971,42.128052],[24.743107,42.12831],[24.743279,42.128635],[24.743703,42.12944],[24.743939,42.129877],[24.744092,42.130172],[24.744126,42.130239],[24.744184,42.13035],[24.744252,42.130474],[24.74432,42.130596],[24.744754,42.131374],[24.744893,42.131658],[24.744926,42.132365],[24.74494,42.132676],[24.744948,42.132832],[24.744952,42.133003],[24.744958,42.133107],[24.74499,42.133645],[24.744999,42.133791],[24.745035,42.135041]]},"properties":{"name":"бул. Македония"}},{"type":"Feature","geometry":{"type":"LineString","coordinates":[[24.745035,42.135041],[24.745047,42.135099],[24.745087,42.135143],[24.745135,42.135179],[24.745206,42.135211],[24.745277,42.135235],[24.745771,42.135313],[24.746418,42.135425],[24.746537,42.135459],[24.746668,42.135502],[24.746923,42.135592],[24.746521,42.135627],[24.746406,42.135624],[24.74628,42.135613],[24.745693,42.135527],[24.745249,42.135455],[24.745176,42.135428],[24.745125,42.1354],[24.745074,42.135359],[24.745036,42.13532],[24.745,42.135263],[24.744988,42.135217],[24.744991,42.135149],[24.745035,42.135041]]},"properties":{"name":"бул. Македония"}},{"type":"Feature","geometry":{"type":"LineString","coordinates":[[24.748267,42.135772],[24.746923,42.135592],[24.745409,42.135386]]},"properties":{"name":"бул. Христо Ботев"}},{"type":"Feature","geometry":{"type":"LineString","coordinates":[[24.727918,42.133123],[24.728607,42.133243],[24.728954,42.133284],[24.729263,42.133314],[24.729916,42.133361],[24.730369,42.13337],[24.730513,42.133366],[24.730576,42.133364],[24.730593,42.133363],[24.731212,42.133341],[24.73176,42.133334],[24.731941,42.133339],[24.732125,42.133361],[24.733125,42.133523],[24.734354,42.133736],[24.734567,42.133769],[24.734739,42.133801],[24.734829,42.133818],[24.735655,42.133974],[24.737784,42.134379],[24.738797,42.13457],[24.739212,42.134647],[24.740655,42.134908],[24.741594,42.135115],[24.741856,42.135171],[24.742005,42.135199],[24.742529,42.135296],[24.742674,42.135301],[24.74271,42.135303],[24.742775,42.135307],[24.743442,42.135347],[24.743484,42.135349],[24.744643,42.135372],[24.744961,42.135389],[24.745409,42.135386],[24.744996,42.135292],[24.744847,42.135287],[24.743279,42.13524],[24.743185,42.135239],[24.742999,42.135236],[24.742755,42.13521],[24.742707,42.135201],[24.742658,42.135195],[24.742557,42.135179],[24.742436,42.135162],[24.741887,42.135031],[24.741745,42.135002],[24.740753,42.134803],[24.737824,42.134269],[24.736639,42.134053],[24.735625,42.133868],[24.734769,42.133706],[24.734598,42.133674],[24.734394,42.13364],[24.734328,42.133629],[24.732973,42.133406],[24.732771,42.133372],[24.73214,42.133258],[24.731901,42.133226],[24.731743,42.133214],[24.731048,42.133218],[24.730512,42.133227],[24.730423,42.133228],[24.729999,42.133233],[24.729334,42.133192],[24.729066,42.133168]]},"properties":{"name":"бул. Христо Ботев"}},{"type":"Feature","geometry":{"type":"LineString","coordinates":[[24.763254,42.136221],[24.763072,42.136172],[24.762884,42.13614],[24.762829,42.136148],[24.762401,42.136175],[24.761925,42.136167],[24.761768,42.136164],[24.761163,42.136171],[24.760384,42.13618],[24.759548,42.136193],[24.758486,42.136217],[24.757888,42.13622],[24.757397,42.136222],[24.757333,42.136223],[24.757275,42.136224],[24.757256,42.136224],[24.756804,42.136233],[24.756129,42.136246],[24.755389,42.136259],[24.755007,42.136258],[24.754674,42.136254]]},"properties":{"name":"бул. Христо Ботев"}},{"type":"Feature","geometry":{"type":"LineString","coordinates":[[24.752604,42.13622],[24.752205,42.136231],[24.75218,42.136231],[24.752172,42.136231],[24.751823,42.136206],[24.751399,42.136147],[24.750065,42.135962],[24.749758,42.135919],[24.749547,42.135893],[24.748418,42.135755],[24.748267,42.135772],[24.748392,42.13584],[24.74925,42.135947],[24.749687,42.136004],[24.75004,42.136055],[24.750076,42.136061],[24.751112,42.136212],[24.75175,42.13631],[24.752067,42.136316],[24.7522,42.136317],[24.752515,42.136309],[24.752712,42.136305],[24.753032,42.136294],[24.753054,42.136293],[24.753479,42.136295],[24.754014,42.136298],[24.754399,42.136301],[24.754532,42.136297],[24.754674,42.136254],[24.754536,42.136223],[24.753994,42.136208],[24.753524,42.136206],[24.753317,42.136205],[24.753035,42.136211],[24.75291,42.136212],[24.752809,42.136214],[24.752604,42.13622]]},"properties":{"name":"бул. Христо Ботев"}},{"type":"Feature","geometry":{"type":"LineString","coordinates":[[24.752712,42.136305],[24.752809,42.136214],[24.752958,42.136096],[24.752997,42.136068],[24.753288,42.13586],[24.754584,42.134944],[24.754802,42.13479],[24.755532,42.134235],[24.756045,42.133848],[24.756295,42.133661],[24.757077,42.133083],[24.757436,42.132818],[24.75763,42.132674],[24.75785,42.132531],[24.758055,42.132397],[24.758192,42.132323],[24.758351,42.132258],[24.759033,42.132013],[24.759237,42.131903],[24.75956,42.131782],[24.759952,42.13161],[24.760302,42.131437],[24.760772,42.131185],[24.760875,42.131121],[24.761008,42.131038],[24.761282,42.130846],[24.762046,42.130262],[24.763853,42.128899],[24.764244,42.128611]]},"properties":{"name":"бул. Найчо Цанов"}},{"type":"Feature","geometry":{"type":"LineString","coordinates":[[24.752515,42.136309],[24.752604,42.13622],[24.75277,42.13607],[24.75285,42.136012],[24.753529,42.135527],[24.754202,42.135064],[24.755438,42.134143],[24.756195,42.133582],[24.756376,42.133448],[24.757538,42.132597],[24.757731,42.132459],[24.757893,42.132362],[24.758027,42.132301],[24.758353,42.13218],[24.758983,42.131951],[24.759237,42.131903]]},"properties":{"name":"бул. Найчо Цанов"}},{"type":"Feature","geometry":{"type":"LineString","coordinates":[[24.77,42.127137],[24.770223,42.127227]]},"properties":{"name":"бул. Найчо Цанов"}},{"type":"Feature","geometry":{"type":"LineString","coordinates":[[24.752712,42.136305],[24.752477,42.136572],[24.752339,42.136789],[24.752248,42.136987],[24.752197,42.137252],[24.752157,42.137655],[24.751912,42.140025],[24.751902,42.1401],[24.751893,42.1402],[24.751883,42.140323],[24.751839,42.140869],[24.751756,42.141581],[24.751682,42.142255],[24.75161,42.143024],[24.751599,42.143164],[24.751598,42.143186],[24.751556,42.144165],[24.751547,42.144722],[24.75154,42.145115],[24.751537,42.145316],[24.751507,42.145633],[24.75145,42.145909],[24.751421,42.146027],[24.751366,42.146247],[24.751256,42.146604],[24.750742,42.148517],[24.750538,42.14945],[24.750475,42.149855],[24.75033,42.150773],[24.750284,42.151152],[24.750323,42.151531],[24.750335,42.151588],[24.750386,42.151816],[24.750406,42.151936],[24.750456,42.152288],[24.750469,42.152635],[24.750432,42.152754],[24.750304,42.153197],[24.750157,42.153703],[24.750134,42.153756]]},"properties":{"name":"бул. Цар Борис III Обединител"}},{"type":"Feature","geometry":{"type":"LineString","coordinates":[[24.750067,42.153994],[24.749988,42.154077],[24.749544,42.15554],[24.749499,42.155726],[24.749454,42.155979]]},"properties":{"name":"бул. Цар Борис III Обединител"}},{"type":"Feature","geometry":{"type":"LineString","coordinates":[[24.749323,42.156676],[24.749115,42.157779],[24.749046,42.158191],[24.749005,42.158441],[24.748984,42.1589],[24.748985,42.159082]]},"properties":{"name":"бул. Цар Борис III Обединител"}},{"type":"Feature","geometry":{"type":"LineString","coordinates":[[24.748591,42.159056],[24.748662,42.158866],[24.748823,42.158529],[24.748913,42.158097],[24.749072,42.157176],[24.749165,42.156718]]},"properties":{"name":"бул. Цар Борис III Обединител"}},{"type":"Feature","geometry":{"type":"LineString","coordinates":[[24.749323,42.155961],[24.749392,42.155712],[24.749462,42.155523],[24.749906,42.154059],[24.749881,42.153957]]},"properties":{"name":"бул. Цар Борис III Обединител"}},{"type":"Feature","geometry":{"type":"LineString","coordinates":[[24.749955,42.153732],[24.750129,42.153223],[24.750289,42.152718],[24.750315,42.152636],[24.750354,42.152515],[24.750362,42.152231],[24.750346,42.152129],[24.750299,42.151891],[24.750268,42.151758],[24.750237,42.151613],[24.750202,42.151391],[24.750182,42.15099],[24.750227,42.150646],[24.750323,42.150009],[24.750381,42.149664],[24.750434,42.149322],[24.750635,42.148491],[24.751164,42.146585],[24.751263,42.146238],[24.751333,42.14591],[24.751371,42.145639],[24.751387,42.145389],[24.751388,42.145361],[24.751394,42.145117],[24.751405,42.144705],[24.751407,42.144237],[24.751416,42.143827],[24.751426,42.143658],[24.75145,42.143301],[24.751453,42.143238],[24.751469,42.143069],[24.751473,42.143023],[24.751563,42.142246],[24.751578,42.14212],[24.751607,42.141876],[24.751636,42.141633],[24.751646,42.141536],[24.751653,42.141487],[24.751708,42.1409],[24.751736,42.140364],[24.751739,42.140315],[24.751746,42.140188],[24.751757,42.140089],[24.751824,42.1395],[24.751935,42.138665],[24.75199,42.138243],[24.752116,42.137191],[24.752179,42.136882],[24.752224,42.136759],[24.752349,42.13655],[24.752367,42.136523],[24.752515,42.136309]]},"properties":{"name":"бул. Цар Борис III Обединител"}},{"type":"Feature","geometry":{"type":"LineString","coordinates":[[24.748927,42.15939],[24.748798,42.159603],[24.748729,42.159699],[24.748461,42.160139],[24.748181,42.160875],[24.748122,42.161032],[24.748044,42.16124],[24.747952,42.161452],[24.747938,42.161483],[24.747911,42.16155],[24.747577,42.162428],[24.747561,42.162482],[24.747534,42.162685],[24.747545,42.162913]]},"properties":{"name":"бул. Цар Борис III Обединител"}},{"type":"Feature","geometry":{"type":"LineString","coordinates":[[24.747187,42.162846],[24.747306,42.162642],[24.747502,42.162284],[24.747695,42.161752],[24.747793,42.161495],[24.747807,42.161457],[24.748054,42.160804],[24.748298,42.160176],[24.748482,42.159548],[24.748537,42.159351]]},"properties":{"name":"бул. Цар Борис III Обединител"}},{"type":"Feature","geometry":{"type":"LineString","coordinates":[[24.747202,42.163138],[24.746972,42.163115],[24.743508,42.162846],[24.743451,42.162841],[24.743384,42.162834],[24.743244,42.162821],[24.743073,42.162806]]},"properties":{"name":"бул. Дунав"}},{"type":"Feature","geometry":{"type":"LineString","coordinates":[[24.743074,42.162686],[24.743236,42.162697],[24.743399,42.162702],[24.74615,42.162947],[24.746531,42.162972],[24.746622,42.162974],[24.746731,42.162957],[24.746941,42.162909],[24.747161,42.162864]]},"properties":{"name":"бул. Дунав"}},{"type":"Feature","geometry":{"type":"LineString","coordinates":[[24.729804,42.161518],[24.7297,42.161493],[24.72961,42.161462]]},"properties":{"name":"бул. Дунав"}},{"type":"Feature","geometry":{"type":"LineString","coordinates":[[24.743244,42.162821],[24.743234,42.162938],[24.743184,42.163534],[24.743061,42.16501],[24.743058,42.165056],[24.743046,42.165196],[24.743007,42.165659],[24.742883,42.167143],[24.742487,42.171195],[24.742446,42.171572],[24.742441,42.171615],[24.742414,42.171833],[24.742356,42.172243],[24.742331,42.172465],[24.742087,42.173762],[24.742074,42.173828],[24.741984,42.174306],[24.741948,42.1745],[24.741846,42.175044],[24.741787,42.175358],[24.741766,42.175466],[24.741663,42.176014]]},"properties":{"name":"бул. Васил Левски"}},{"type":"Feature","geometry":{"type":"LineString","coordinates":[[24.740242,42.179645],[24.73859,42.182776],[24.738492,42.182965]]},"properties":{"name":"бул. Васил Левски"}},{"type":"Feature","geometry":{"type":"LineString","coordinates":[[24.737998,42.183886],[24.737586,42.184678],[24.737529,42.184824],[24.737486,42.184961],[24.7374,42.185256],[24.7373,42.185775],[24.73726,42.185958]]},"properties":{"name":"бул. Васил Левски"}},{"type":"Feature","geometry":{"type":"LineString","coordinates":[[24.737132,42.185941],[24.737165,42.185756],[24.737257,42.185259],[24.737333,42.184939],[24.737368,42.184838],[24.737431,42.184649],[24.737889,42.183801],[24.738075,42.183449],[24.738099,42.183404],[24.738363,42.182942],[24.738472,42.182733],[24.738694,42.18231],[24.739344,42.181069],[24.739467,42.180835],[24.739781,42.180239],[24.740517,42.17884],[24.74094,42.178035],[24.74098,42.17796],[24.741195,42.177552],[24.741388,42.176953],[24.741533,42.176005],[24.741623,42.175458]]},"properties":{"name":"бул. Васил Левски"}},{"type":"Feature","geometry":{"type":"LineString","coordinates":[[24.741817,42.174274],[24.741958,42.173506],[24.74209,42.172791],[24.742168,42.172305],[24.742228,42.171933],[24.742251,42.171785],[24.742274,42.171605],[24.742319,42.171188],[24.742733,42.167136],[24.742871,42.165374],[24.742886,42.165184],[24.742901,42.165047],[24.742986,42.163902],[24.743061,42.162956],[24.743063,42.162927],[24.743073,42.162806],[24.743074,42.162686],[24.743051,42.162564],[24.742739,42.161777],[24.742624,42.161493],[24.742599,42.161425]]},"properties":{"name":"бул. Васил Левски"}},{"type":"Feature","geometry":{"type":"LineString","coordinates":[[24.742306,42.159072],[24.742338,42.158952]]},"properties":{"name":"бул. Васил Левски"}},{"type":"Feature","geometry":{"type":"LineString","coordinates":[[24.742251,42.171785],[24.742123,42.171747],[24.742045,42.171724],[24.741905,42.171686]]},"properties":{"name":"Георги Бенев"}},{"type":"Feature","geometry":{"type":"LineString","coordinates":[[24.726438,42.163761],[24.726601,42.16382],[24.726719,42.163871],[24.726766,42.163891],[24.727595,42.164254],[24.728155,42.164495],[24.729311,42.164998],[24.72963,42.165137],[24.729999,42.165289],[24.730074,42.16532],[24.730485,42.165444],[24.730865,42.165579],[24.730965,42.165615],[24.732044,42.166],[24.732194,42.166052],[24.732698,42.166224],[24.733057,42.166346],[24.734171,42.166752],[24.736992,42.167729],[24.73724,42.167814],[24.737532,42.167914],[24.737935,42.168053],[24.738343,42.168194],[24.738487,42.168246],[24.738609,42.168332],[24.738708,42.168451],[24.738722,42.168574],[24.738674,42.16877],[24.738605,42.168902],[24.737858,42.17004],[24.737849,42.170207],[24.737906,42.170344],[24.738036,42.170474],[24.738192,42.170574],[24.738422,42.170645],[24.738992,42.170821]]},"properties":{"name":"Георги Бенев"}},{"type":"Feature","geometry":{"type":"LineString","coordinates":[[24.748537,42.159351],[24.748255,42.159323],[24.747745,42.159272],[24.747281,42.159252],[24.745577,42.159181],[24.744446,42.159135],[24.742788,42.159076],[24.742709,42.159073],[24.742498,42.159068],[24.742306,42.159072],[24.742148,42.159075],[24.741683,42.159082],[24.740235,42.159137],[24.738841,42.159185],[24.738213,42.159178],[24.738146,42.159174],[24.737988,42.159168],[24.737806,42.159155],[24.737587,42.15912],[24.737054,42.159039],[24.734789,42.158671],[24.733352,42.158466],[24.73211,42.158303],[24.731205,42.158192],[24.731169,42.158186],[24.730916,42.158154],[24.730742,42.158131],[24.730518,42.1581],[24.729009,42.157855],[24.728384,42.157759],[24.72708,42.157567],[24.726848,42.157531],[24.726712,42.15751],[24.726596,42.157492],[24.724865,42.157222],[24.724592,42.157179]]},"properties":{"name":"бул. България"}},{"type":"Feature","geometry":{"type":"LineString","coordinates":[[24.748591,42.159056],[24.74831,42.159085],[24.747715,42.159117],[24.747048,42.159103],[24.746118,42.159073],[24.745634,42.159047],[24.744384,42.158999],[24.743178,42.158963],[24.742726,42.158955],[24.742528,42.158949],[24.742338,42.158952],[24.742144,42.158959],[24.742078,42.158961],[24.740228,42.159031],[24.739205,42.159064],[24.738852,42.159076],[24.738389,42.159052],[24.738162,42.159041],[24.738012,42.159033],[24.737813,42.159004],[24.737685,42.158981],[24.737622,42.158973],[24.737545,42.158962],[24.73708,42.158897],[24.736895,42.158871],[24.736712,42.158838],[24.734814,42.158543],[24.734335,42.158471],[24.733896,42.158412],[24.733152,42.158313],[24.732156,42.158177],[24.731203,42.15804],[24.730949,42.158002],[24.730777,42.157981],[24.730549,42.157956],[24.730503,42.157947],[24.729962,42.15786],[24.729716,42.157824],[24.729364,42.157774],[24.728569,42.157656],[24.727651,42.157514],[24.727119,42.157436],[24.72688,42.157399],[24.726745,42.157379],[24.726669,42.157367],[24.725166,42.157148],[24.724894,42.157103],[24.722713,42.156805],[24.721894,42.156708],[24.721299,42.15665],[24.720816,42.156603],[24.7206,42.156582],[24.7205,42.156572],[24.720264,42.156549],[24.71944,42.156467],[24.717907,42.156321],[24.717874,42.156318],[24.716629,42.156205],[24.716471,42.156187],[24.71622,42.156162],[24.716113,42.156151],[24.71429,42.15597],[24.713472,42.155885],[24.713189,42.155849],[24.712985,42.155824],[24.712849,42.155805],[24.712678,42.155782],[24.712376,42.155742],[24.712217,42.155762],[24.71234,42.155824],[24.712811,42.155928],[24.712954,42.15595],[24.713161,42.155982],[24.713235,42.155991],[24.713546,42.156028],[24.714451,42.156113],[24.716191,42.156284],[24.716337,42.156298],[24.716449,42.156307],[24.716611,42.156322],[24.716669,42.156327],[24.717853,42.156434],[24.719659,42.156615],[24.720189,42.156669],[24.720577,42.156707],[24.720778,42.156727],[24.720988,42.156744],[24.721884,42.156817],[24.722696,42.156906],[24.723314,42.156989],[24.723842,42.157069],[24.724176,42.157117]]},"properties":{"name":"бул. България"}},{"type":"Feature","geometry":{"type":"LineString","coordinates":[[24.729334,42.158205],[24.729285,42.158098],[24.729168,42.15803],[24.72842,42.157903],[24.72763,42.157785],[24.727201,42.15772],[24.726983,42.157687],[24.726768,42.157657],[24.724432,42.157322],[24.724364,42.157312]]},"properties":{"name":"бул. България"}},{"type":"Feature","geometry":{"type":"LineString","coordinates":[[24.764485,42.160249],[24.764146,42.160213],[24.763877,42.160174],[24.763631,42.160141],[24.763189,42.160091],[24.76268,42.160049],[24.762251,42.160011],[24.761956,42.159983],[24.761725,42.159961],[24.760761,42.159848],[24.759846,42.159707],[24.759108,42.159591],[24.758214,42.159476],[24.757854,42.159446],[24.757332,42.159426],[24.756391,42.15942],[24.756336,42.15942],[24.756156,42.159418],[24.755984,42.159415],[24.753225,42.159355],[24.751655,42.159328],[24.750116,42.159309],[24.749867,42.159312],[24.749227,42.159355],[24.748927,42.15939]]},"properties":{"name":"бул. България"}},{"type":"Feature","geometry":{"type":"LineString","coordinates":[[24.697564,42.153331],[24.698174,42.153441],[24.699539,42.153668],[24.700181,42.153782],[24.700704,42.153871],[24.703373,42.154327],[24.704421,42.154497],[24.704579,42.154523],[24.705467,42.154669],[24.705796,42.154721],[24.706398,42.154819],[24.707147,42.15494],[24.707582,42.155011],[24.708455,42.155153],[24.70929,42.155288],[24.709377,42.155302],[24.710798,42.155533],[24.711142,42.155589],[24.711495,42.155646],[24.711599,42.155662],[24.711869,42.155706],[24.711977,42.155723],[24.712217,42.155762]]},"properties":{"name":"бул. България"}},{"type":"Feature","geometry":{"type":"LineString","coordinates":[[24.745401,42.160644],[24.745884,42.160326],[24.745977,42.16027],[24.746176,42.160138],[24.747051,42.15949],[24.747271,42.159488]]},"properties":{"name":"Седянка"}},{"type":"Feature","geometry":{"type":"LineString","coordinates":[[24.744446,42.159135],[24.744462,42.159213],[24.744486,42.159381],[24.744542,42.159558],[24.744585,42.159671],[24.744638,42.159756],[24.74468,42.159822],[24.74471,42.159872],[24.744862,42.160064],[24.74495,42.160159],[24.745401,42.160644],[24.74563,42.160884],[24.745759,42.161025],[24.746005,42.16126],[24.746088,42.161338],[24.746538,42.161703],[24.746868,42.162039],[24.747026,42.161612]]},"properties":{"name":"Брезовска"}},{"type":"Feature","geometry":{"type":"LineString","coordinates":[[24.74367,42.130315],[24.743247,42.130147],[24.74315,42.130108],[24.74305,42.130071],[24.742379,42.129805],[24.741535,42.129488]]},"properties":{"name":"Бяло море"}},{"type":"Feature","geometry":{"type":"LineString","coordinates":[[24.723254,42.12438],[24.723288,42.124434],[24.72369,42.125056]]},"properties":{"name":"Болград"}},{"type":"Feature","geometry":{"type":"LineString","coordinates":[[24.764244,42.128611],[24.764309,42.128657],[24.764668,42.12893],[24.765172,42.129316],[24.766416,42.130268],[24.76671,42.130429],[24.767235,42.130645],[24.767298,42.130674],[24.767434,42.130735],[24.76762,42.130829]]},"properties":{"name":"Менделеев"}},{"type":"Feature","geometry":{"type":"LineString","coordinates":[[24.769887,42.127293],[24.769822,42.12739],[24.76979,42.127437],[24.76889,42.128772],[24.768619,42.129176],[24.768568,42.129242],[24.768379,42.129491],[24.767469,42.130689],[24.767434,42.130735],[24.767285,42.130935],[24.767257,42.130972],[24.76685,42.131519],[24.76573,42.132733],[24.764629,42.133885],[24.764311,42.13431],[24.763642,42.135306],[24.763548,42.135446]]},"properties":{"name":"бул. Менделеев"}},{"type":"Feature","geometry":{"type":"LineString","coordinates":[[24.770101,42.127385],[24.770019,42.127498],[24.769369,42.128416],[24.769039,42.128849],[24.768659,42.129422],[24.768259,42.129965],[24.767746,42.130659],[24.767662,42.130772],[24.76762,42.130829],[24.767484,42.13102],[24.767321,42.131249],[24.767081,42.131535],[24.765859,42.132833],[24.764799,42.133943],[24.764597,42.134167],[24.764416,42.134368],[24.763815,42.135312],[24.763792,42.135348],[24.763706,42.13549],[24.763626,42.135618]]},"properties":{"name":"бул. Менделеев"}},{"type":"Feature","geometry":{"type":"LineString","coordinates":[[24.769887,42.127293],[24.77,42.127137],[24.7701,42.127006],[24.770939,42.125859],[24.771876,42.124524],[24.772372,42.123838],[24.773131,42.122785],[24.773157,42.122749],[24.773232,42.122645],[24.77329,42.122556],[24.773401,42.122378],[24.773956,42.121491],[24.774372,42.120828],[24.774555,42.120525]]},"properties":{"name":"бул. Асеновградско шосе"}},{"type":"Feature","geometry":{"type":"LineString","coordinates":[[24.77237,42.12421],[24.771657,42.125139],[24.771025,42.126036],[24.770366,42.127026],[24.770315,42.127098],[24.770223,42.127227]]},"properties":{"name":"бул. Асеновградско шосе"}},{"type":"Feature","geometry":{"type":"LineString","coordinates":[[24.774698,42.120659],[24.774575,42.12088],[24.77363,42.122409],[24.773601,42.122456],[24.773489,42.122638]]},"properties":{"name":"бул. Асеновградско шосе"}},{"type":"Feature","geometry":{"type":"LineString","coordinates":[[24.770223,42.127227],[24.770321,42.127278],[24.770743,42.127495],[24.771273,42.127773],[24.772263,42.12833],[24.772513,42.128467],[24.772671,42.128557],[24.774359,42.129509],[24.774999,42.129823],[24.775683,42.130099],[24.775925,42.13019],[24.775983,42.130212],[24.776161,42.130301]]},"properties":{"name":"бул. Освобождение"}},{"type":"Feature","geometry":{"type":"LineString","coordinates":[[24.770101,42.127385],[24.770189,42.127433],[24.770257,42.12747],[24.771341,42.128062],[24.772111,42.128481],[24.772361,42.128618],[24.772521,42.128707],[24.775316,42.130258],[24.775716,42.130474],[24.775942,42.130596]]},"properties":{"name":"бул. Освобождение"}},{"type":"Feature","geometry":{"type":"LineString","coordinates":[[24.780176,42.131392],[24.779827,42.131341],[24.779426,42.131284],[24.777309,42.130961],[24.776838,42.13086],[24.776539,42.13078],[24.776329,42.130724]]},"properties":{"name":"бул. Освобождение"}},{"type":"Feature","geometry":{"type":"LineString","coordinates":[[24.785922,42.143447],[24.786016,42.143313],[24.786055,42.143258],[24.786081,42.143199],[24.786252,42.142929],[24.786412,42.14268],[24.786539,42.142468],[24.78672,42.142289],[24.786757,42.142251],[24.787196,42.141962],[24.787486,42.141768],[24.788131,42.141335],[24.788221,42.141274],[24.788364,42.141179],[24.788431,42.141135],[24.788902,42.140824],[24.789006,42.140759],[24.789721,42.14031],[24.78977,42.140279],[24.790582,42.139768],[24.790806,42.139592],[24.790878,42.139526],[24.791012,42.139402],[24.791168,42.139198],[24.791173,42.139181],[24.791257,42.139047]]},"properties":{"name":"бул. Освобождение"}},{"type":"Feature","geometry":{"type":"LineString","coordinates":[[24.785557,42.143164],[24.785629,42.143061],[24.785802,42.142838],[24.785921,42.142706],[24.786093,42.142514],[24.786418,42.142217],[24.786632,42.142042],[24.787046,42.141777],[24.787481,42.141529],[24.787854,42.141287],[24.787977,42.141207],[24.788071,42.141144],[24.78822,42.141043],[24.788735,42.140701],[24.790161,42.139752],[24.790357,42.139593],[24.790505,42.13942],[24.790758,42.1391],[24.790788,42.139051],[24.790883,42.138924]]},"properties":{"name":"бул. Освобождение"}},{"type":"Feature","geometry":{"type":"LineString","coordinates":[[24.791136,42.135532],[24.791252,42.135655],[24.791313,42.1358],[24.791364,42.135966],[24.791396,42.136228],[24.79146,42.136664],[24.791494,42.13694],[24.791551,42.137375],[24.791555,42.137393],[24.791571,42.137525],[24.79162,42.137819],[24.791634,42.138133],[24.791623,42.138316],[24.791607,42.138434],[24.791557,42.138551],[24.791525,42.13862],[24.791415,42.138764]]},"properties":{"name":"бул. Освобождение"}},{"type":"Feature","geometry":{"type":"LineString","coordinates":[[24.791056,42.138648],[24.791084,42.138477],[24.79119,42.138178],[24.791256,42.137873],[24.791276,42.137734],[24.791272,42.13744],[24.791218,42.136947],[24.791189,42.136684],[24.791128,42.136421],[24.791053,42.136197],[24.790924,42.135942],[24.790839,42.135798],[24.790726,42.135608]]},"properties":{"name":"бул. Освобождение"}},{"type":"Feature","geometry":{"type":"LineString","coordinates":[[24.785844,42.143569],[24.785748,42.143695],[24.785686,42.143776],[24.785351,42.144143],[24.785194,42.144314],[24.785069,42.14446],[24.78499,42.144556],[24.78478,42.144798],[24.784459,42.145173],[24.784307,42.145376],[24.784142,42.145588],[24.784011,42.145755],[24.783817,42.145946],[24.783761,42.146001],[24.78358,42.146149],[24.783553,42.146171],[24.783363,42.146326],[24.783182,42.146455],[24.781993,42.147131],[24.781642,42.147328],[24.780736,42.147824],[24.780385,42.148015]]},"properties":{"name":"бул. Освобождение"}},{"type":"Feature","geometry":{"type":"LineString","coordinates":[[24.779773,42.148361],[24.779632,42.14846],[24.779471,42.148615],[24.77944,42.148639],[24.779393,42.148695],[24.779294,42.148845]]},"properties":{"name":"бул. Освобождение"}},{"type":"Feature","geometry":{"type":"LineString","coordinates":[[24.779031,42.148869],[24.779148,42.148706],[24.779292,42.148561],[24.779431,42.148425],[24.779611,42.148278],[24.779694,42.14823],[24.77975,42.148197],[24.780814,42.147622],[24.781388,42.147312],[24.783048,42.146366],[24.783084,42.146341],[24.78324,42.146234],[24.783423,42.146081],[24.783689,42.145845],[24.783928,42.145579],[24.784267,42.145118],[24.784315,42.145052],[24.784565,42.144711],[24.784774,42.144387],[24.785229,42.143631],[24.78525,42.143594],[24.785307,42.143502]]},"properties":{"name":"бул. Освобождение"}},{"type":"Feature","geometry":{"type":"LineString","coordinates":[[24.788058,42.13351],[24.788313,42.133628],[24.789483,42.134168],[24.789758,42.134314],[24.790143,42.134503],[24.790468,42.134698],[24.790695,42.134883],[24.790849,42.13506],[24.790867,42.135085],[24.790973,42.135256]]},"properties":{"name":"бул. Освобождение"}},{"type":"Feature","geometry":{"type":"LineString","coordinates":[[24.790617,42.135464],[24.790461,42.135244],[24.790436,42.13521],[24.790207,42.134962],[24.789933,42.13471],[24.789695,42.134553],[24.789054,42.134224],[24.788223,42.133804],[24.788178,42.133781],[24.787927,42.133654]]},"properties":{"name":"бул. Освобождение"}},{"type":"Feature","geometry":{"type":"LineString","coordinates":[[24.772361,42.128618],[24.772513,42.128467],[24.772647,42.128341],[24.772923,42.128074],[24.773331,42.127684],[24.773394,42.127595],[24.77356,42.127379],[24.773696,42.127169],[24.77371,42.127147],[24.774012,42.126677],[24.774953,42.124998],[24.775142,42.124662],[24.77527,42.124433],[24.775544,42.123945],[24.775676,42.123711],[24.775718,42.123637],[24.775773,42.123537]]},"properties":{"name":"Проф. Цветан Лазаров"}},{"type":"Feature","geometry":{"type":"LineString","coordinates":[[24.774012,42.126677],[24.774411,42.126786],[24.774986,42.126943],[24.775989,42.127228],[24.776064,42.127252],[24.776244,42.127338],[24.776603,42.127523],[24.777082,42.12779],[24.777334,42.12793],[24.777454,42.127995],[24.777713,42.12813],[24.778123,42.128105],[24.778339,42.128097],[24.778426,42.128093],[24.778494,42.128091],[24.77859,42.128088],[24.779157,42.128075],[24.779348,42.128093],[24.779661,42.128197],[24.779754,42.128228],[24.779993,42.128307],[24.780662,42.128516],[24.780718,42.128532],[24.780905,42.128589],[24.781098,42.12865],[24.781184,42.128678],[24.781569,42.128791],[24.781804,42.12886],[24.782104,42.128944],[24.78221,42.128967],[24.782399,42.129007],[24.782583,42.129038],[24.782741,42.129064],[24.783861,42.129139],[24.784023,42.129149],[24.784241,42.129168],[24.785532,42.129264],[24.785634,42.129271],[24.785787,42.129282],[24.785943,42.129289],[24.786124,42.129303],[24.786184,42.129308],[24.786652,42.129345],[24.786767,42.129361],[24.786828,42.129369],[24.786984,42.12941],[24.787374,42.129578],[24.788901,42.130324],[24.788957,42.130352],[24.788992,42.130369],[24.789794,42.130761],[24.790074,42.130893],[24.790283,42.130968],[24.790521,42.130995],[24.791235,42.131004],[24.792155,42.131025],[24.792484,42.131046],[24.792806,42.131078],[24.792923,42.131099],[24.793081,42.131167],[24.793934,42.131606],[24.794171,42.131732],[24.794234,42.131765],[24.794368,42.131834],[24.794499,42.131933],[24.794666,42.132094],[24.794789,42.132284],[24.794861,42.132501],[24.794893,42.132591],[24.794993,42.132904],[24.795399,42.134007],[24.795423,42.134067],[24.795468,42.134188],[24.795499,42.134279],[24.79553,42.134367],[24.795573,42.134477],[24.795592,42.134527],[24.795702,42.134825],[24.795792,42.135099],[24.796044,42.135839],[24.796178,42.136241],[24.796312,42.136623],[24.796404,42.136882],[24.796479,42.13709],[24.796503,42.137158],[24.796673,42.137642],[24.796805,42.138219],[24.79683,42.138357],[24.796757,42.13859],[24.796697,42.138688],[24.796403,42.139009],[24.796368,42.139049],[24.795799,42.139695],[24.795755,42.139745],[24.795115,42.140472],[24.795066,42.140528],[24.794995,42.140608],[24.794907,42.140712],[24.79488,42.140744],[24.794533,42.141156],[24.794337,42.141388],[24.794129,42.141636],[24.794033,42.14175],[24.793957,42.14184],[24.793901,42.141906],[24.793838,42.141981],[24.793808,42.142017],[24.793543,42.142321],[24.793419,42.142464],[24.793245,42.142587],[24.793104,42.142632],[24.792373,42.142798],[24.791837,42.14292],[24.791389,42.143022],[24.791207,42.143063],[24.791076,42.143093],[24.790892,42.143128],[24.790705,42.143146],[24.790507,42.143124],[24.790338,42.143073],[24.790263,42.14302],[24.790133,42.142929],[24.789858,42.142695],[24.789376,42.142283],[24.78923,42.142157],[24.788777,42.141756],[24.788692,42.141682],[24.788401,42.14143],[24.788365,42.141399],[24.788221,42.141274],[24.78815,42.141212],[24.788071,42.141144]]},"properties":{"name":"Съединение"}},{"type":"Feature","geometry":{"type":"LineString","coordinates":[[24.794995,42.140608],[24.795128,42.140667],[24.795164,42.140683],[24.796674,42.141411],[24.796943,42.141547],[24.797136,42.141645],[24.797346,42.141741],[24.797438,42.141773],[24.797566,42.141794],[24.797952,42.141824],[24.79844,42.141785],[24.798949,42.141686],[24.799064,42.141662],[24.799162,42.141644],[24.800919,42.141322],[24.801511,42.141206],[24.801947,42.141118],[24.80309,42.140899]]},"properties":{"name":"Княз Борис I"}},{"type":"Feature","geometry":{"type":"LineString","coordinates":[[24.787927,42.133654],[24.787856,42.133733],[24.78779,42.1338],[24.787748,42.133847],[24.787385,42.134254]]},"properties":{"name":"Княз Борис I"}},{"type":"Feature","geometry":{"type":"LineString","coordinates":[[24.789649,42.138214],[24.78975,42.138255],[24.790276,42.13847]]},"properties":{"name":"Княз Борис I"}},{"type":"Feature","geometry":{"type":"LineString","coordinates":[[24.791038,42.138654],[24.790852,42.138564],[24.790753,42.13854],[24.790567,42.138506],[24.790276,42.13847],[24.790714,42.138812],[24.790865,42.138866]]},"properties":{"name":"Княз Борис I"}},{"type":"Feature","geometry":{"type":"LineString","coordinates":[[24.799064,42.141662],[24.799314,42.142257],[24.799599,42.143004],[24.799634,42.143168],[24.799598,42.143258],[24.799426,42.143508],[24.799415,42.14352],[24.798615,42.144351]]},"properties":{"name":"Димитър Кодоглу"}},{"type":"Feature","geometry":{"type":"LineString","coordinates":[[24.800919,42.141322],[24.801025,42.141655],[24.801035,42.141685],[24.800996,42.14175],[24.800827,42.141858],[24.800623,42.141989],[24.799314,42.142257]]},"properties":{"name":"Хан Крум"}},{"type":"Feature","geometry":{"type":"LineString","coordinates":[[24.729804,42.161518],[24.729881,42.161413],[24.729942,42.161281],[24.72996,42.161242],[24.730059,42.161029],[24.730176,42.160709],[24.730452,42.159823],[24.730567,42.15944],[24.730756,42.158779],[24.730881,42.158309],[24.730916,42.158154],[24.730949,42.158002],[24.730957,42.157882],[24.730958,42.157844],[24.731016,42.157352],[24.731058,42.156949],[24.731134,42.156294],[24.73114,42.156239],[24.731164,42.156066],[24.731218,42.155496],[24.731226,42.154664],[24.731228,42.154375],[24.731222,42.152509],[24.7312,42.15187],[24.731195,42.151155],[24.731175,42.150594],[24.731174,42.150575],[24.731165,42.149459],[24.73116,42.148158],[24.731153,42.147993],[24.731152,42.147882],[24.73115,42.147781],[24.73113,42.147704],[24.731106,42.147595],[24.731024,42.147767],[24.731012,42.147863],[24.731012,42.147976],[24.731013,42.148059],[24.731013,42.148159],[24.731013,42.148191],[24.731017,42.148898],[24.73102,42.149515],[24.731025,42.150594],[24.731025,42.150661],[24.731036,42.150986],[24.731043,42.151431],[24.731062,42.152062],[24.731069,42.152479],[24.731069,42.15251],[24.731077,42.152792],[24.731073,42.154375],[24.731074,42.154664],[24.731073,42.154991],[24.731067,42.155222],[24.731044,42.155745],[24.731001,42.156286],[24.730994,42.156357],[24.730976,42.15647],[24.730798,42.157859],[24.730777,42.157981],[24.730742,42.158131],[24.730709,42.158284],[24.730699,42.158328],[24.730592,42.158755],[24.730283,42.159799],[24.729966,42.160835],[24.729844,42.161108],[24.729786,42.161244],[24.729761,42.161296],[24.729725,42.161344],[24.72969,42.161382],[24.72961,42.161462]]},"properties":{"name":"Васил Априлов"}},{"type":"Feature","geometry":{"type":"LineString","coordinates":[[24.738598,42.138947],[24.738471,42.139009],[24.738333,42.139043],[24.737366,42.13956],[24.736435,42.140069],[24.736369,42.140105],[24.735493,42.140582],[24.734754,42.140977],[24.734065,42.141345],[24.733911,42.141486],[24.733882,42.141518],[24.733803,42.141598],[24.733713,42.141695],[24.733665,42.141752],[24.733656,42.141764],[24.733481,42.141994],[24.733298,42.14217],[24.733379,42.141962],[24.733496,42.141762],[24.733545,42.141709],[24.733611,42.141636]]},"properties":{"name":"Васил Априлов"}},{"type":"Feature","geometry":{"type":"LineString","coordinates":[[24.733298,42.14217],[24.733112,42.14246],[24.732988,42.142681],[24.732804,42.142982],[24.732693,42.143165],[24.732616,42.143324],[24.732572,42.143408],[24.732542,42.143465],[24.732491,42.143558],[24.732286,42.143932],[24.732157,42.144169],[24.732109,42.144256],[24.732015,42.144426],[24.731747,42.144928],[24.731681,42.145051],[24.731655,42.145096],[24.731456,42.145446],[24.731272,42.145764],[24.731242,42.145816],[24.73121,42.145893],[24.731196,42.145953],[24.731188,42.145993],[24.731179,42.146198],[24.73116,42.146388],[24.73115,42.146511],[24.731144,42.146596],[24.731112,42.147175],[24.731106,42.147595]]},"properties":{"name":"Васил Априлов"}},{"type":"Feature","geometry":{"type":"LineString","coordinates":[[24.733662,42.141579],[24.733736,42.141512],[24.733785,42.141473],[24.734011,42.141293],[24.734637,42.140962],[24.735198,42.140666],[24.736244,42.14009],[24.736316,42.140051],[24.736384,42.140014],[24.736717,42.139836],[24.737071,42.139644],[24.7374,42.139466],[24.738284,42.138984],[24.738361,42.138928],[24.738444,42.138852]]},"properties":{"name":"Васил Априлов"}},{"type":"Feature","geometry":{"type":"LineString","coordinates":[[24.738641,42.138688],[24.738706,42.138661],[24.738794,42.138622],[24.738878,42.138558],[24.739286,42.138222],[24.73998,42.137666],[24.740032,42.137596],[24.740054,42.137573],[24.740325,42.137302],[24.740552,42.137119],[24.740724,42.136984],[24.740905,42.136872],[24.74105,42.136803],[24.741367,42.136569],[24.74177,42.136254],[24.7418,42.136186],[24.741831,42.136116]]},"properties":{"name":"Васил Априлов"}},{"type":"Feature","geometry":{"type":"LineString","coordinates":[[24.742039,42.136251],[24.741845,42.136302],[24.741397,42.136615],[24.741061,42.136866],[24.740908,42.13706],[24.740723,42.137207],[24.740173,42.137636],[24.740145,42.137658],[24.740068,42.137728],[24.739861,42.137884],[24.739348,42.138275],[24.739034,42.138529],[24.738908,42.13862],[24.738851,42.138674],[24.738811,42.138733],[24.738786,42.138788]]},"properties":{"name":"Васил Априлов"}},{"type":"Feature","geometry":{"type":"LineString","coordinates":[[24.731865,42.159846],[24.731523,42.159626],[24.731249,42.15954],[24.73069,42.159458],[24.730567,42.15944]]},"properties":{"name":"Орачевска"}},{"type":"Feature","geometry":{"type":"LineString","coordinates":[[24.72961,42.161462],[24.729499,42.161418],[24.72925,42.161317],[24.729038,42.161283],[24.728574,42.161212],[24.728253,42.161168],[24.728096,42.161147],[24.727959,42.161128],[24.727525,42.161066],[24.726991,42.160992],[24.726503,42.160898],[24.726372,42.16084],[24.726271,42.160767],[24.725914,42.160412],[24.725571,42.160071]]},"properties":{"name":"Петър Шилев"}},{"type":"Feature","geometry":{"type":"LineString","coordinates":[[24.725571,42.160071],[24.726227,42.160178],[24.726674,42.160251],[24.727171,42.160331],[24.727608,42.160402],[24.728147,42.16049],[24.728616,42.160564]]},"properties":{"name":"Тиса"}},{"type":"Feature","geometry":{"type":"LineString","coordinates":[[24.728616,42.160564],[24.728733,42.160091],[24.728855,42.159684],[24.728886,42.159566],[24.728953,42.159318],[24.729035,42.159011],[24.729118,42.158803],[24.729334,42.158205]]},"properties":{"name":"Пантелей Генов"}},{"type":"Feature","geometry":{"type":"LineString","coordinates":[[24.67658,42.119923],[24.676665,42.119898],[24.676745,42.119904],[24.676992,42.119949],[24.67734,42.120018],[24.678023,42.120155],[24.67946,42.120347],[24.679759,42.120366],[24.68046,42.120323],[24.681242,42.120253],[24.682236,42.120229],[24.68338,42.120268],[24.684321,42.120307],[24.684439,42.120307],[24.684916,42.120327],[24.685273,42.120339],[24.6856,42.120345],[24.686223,42.120471],[24.687388,42.120676],[24.687562,42.120672]]},"properties":{"name":"Елена"}},{"type":"Feature","geometry":{"type":"LineString","coordinates":[[24.687562,42.120672],[24.687491,42.120959],[24.687553,42.12182],[24.687608,42.122822],[24.687802,42.123015],[24.68786,42.123086],[24.687995,42.123648]]},"properties":{"name":"Елин Пелин"}},{"type":"Feature","geometry":{"type":"LineString","coordinates":[[24.688162,42.125319],[24.688221,42.12545],[24.688375,42.125794],[24.688544,42.126191],[24.688591,42.126278],[24.688623,42.126333],[24.688664,42.126411],[24.688948,42.12696],[24.689075,42.127204],[24.689116,42.127283],[24.689268,42.127579],[24.689333,42.127699],[24.689558,42.128117],[24.689782,42.128566],[24.689828,42.128688],[24.690194,42.129662],[24.690222,42.129751],[24.690329,42.130058],[24.69051,42.130586],[24.69053,42.130644],[24.690571,42.130783]]},"properties":{"name":"Елин Пелин"}},{"type":"Feature","geometry":{"type":"LineString","coordinates":[[24.687995,42.123648],[24.686079,42.123666],[24.685224,42.12368],[24.684457,42.123675],[24.684384,42.123674]]},"properties":{"name":"Битоля"}},{"type":"Feature","geometry":{"type":"LineString","coordinates":[[24.684316,42.125128],[24.684347,42.124738],[24.684384,42.123674],[24.684415,42.123566],[24.684645,42.122762],[24.684934,42.121707],[24.684959,42.121506],[24.684321,42.120307]]},"properties":{"name":"Борис Петров"}},{"type":"Feature","geometry":{"type":"LineString","coordinates":[[24.688162,42.125319],[24.688053,42.125317],[24.687891,42.125312],[24.687551,42.125303],[24.68752,42.125304],[24.687389,42.125306],[24.68549,42.125336],[24.683713,42.125423],[24.682602,42.125462],[24.682053,42.125484],[24.681519,42.125552],[24.681154,42.125614],[24.680505,42.125737],[24.680303,42.125749],[24.680215,42.125741],[24.680132,42.125713],[24.680057,42.125675],[24.680014,42.125629],[24.679968,42.12557],[24.679944,42.125496],[24.679981,42.125276],[24.680014,42.12518],[24.680094,42.125074],[24.680175,42.125024],[24.680389,42.124991],[24.682421,42.125158],[24.684,42.125141],[24.684316,42.125128]]},"properties":{"name":"Просвета"}},{"type":"Feature","geometry":{"type":"LineString","coordinates":[[24.690571,42.130783],[24.690685,42.130798],[24.690806,42.130811],[24.691698,42.130918],[24.692444,42.131015],[24.693186,42.131111],[24.69339,42.131137],[24.694028,42.13122],[24.694302,42.131256],[24.695594,42.131424],[24.69605,42.131483],[24.696517,42.131547],[24.696869,42.131589],[24.696929,42.131597],[24.697015,42.131608],[24.697179,42.131632],[24.697343,42.131656],[24.697548,42.131684],[24.698005,42.131744],[24.698169,42.131767],[24.698866,42.131863],[24.699766,42.131988],[24.700803,42.132131],[24.701083,42.132169],[24.701972,42.132287],[24.702668,42.132373],[24.702747,42.132387],[24.70293,42.132413],[24.702992,42.132423],[24.703075,42.132435],[24.703669,42.132522],[24.704568,42.132642],[24.705767,42.132789],[24.70631,42.132862],[24.706471,42.132886],[24.707556,42.133033],[24.707776,42.133076],[24.707896,42.133115],[24.70798,42.133142],[24.708425,42.133349],[24.708463,42.133366],[24.708617,42.133427],[24.708718,42.133466],[24.708778,42.133491],[24.708812,42.133503],[24.709307,42.133717],[24.710118,42.134078],[24.710503,42.134255],[24.710564,42.134282],[24.71068,42.134336],[24.711233,42.134592],[24.711661,42.134788],[24.711749,42.134825],[24.712533,42.135168],[24.713208,42.135476],[24.713732,42.135708],[24.714454,42.136018],[24.715072,42.136283],[24.715413,42.136428],[24.715482,42.136454],[24.715526,42.136472],[24.71559,42.136499],[24.71579,42.136583],[24.715854,42.136616],[24.716499,42.136929],[24.716555,42.136953],[24.717016,42.13715],[24.717431,42.137283],[24.717953,42.137399],[24.718123,42.137437],[24.718311,42.137479],[24.719064,42.137639],[24.719742,42.137767],[24.720046,42.137824],[24.720181,42.137854],[24.720349,42.13789]]},"properties":{"name":"бул. Пещерско шосе"}},{"type":"Feature","geometry":{"type":"LineString","coordinates":[[24.720349,42.13789],[24.720488,42.137917],[24.720582,42.137938],[24.721213,42.138069],[24.721309,42.138089],[24.721455,42.138119],[24.721775,42.138185],[24.722705,42.138382],[24.722769,42.138396],[24.722846,42.138412],[24.722986,42.138439],[24.723597,42.138558],[24.72401,42.138643],[24.72439,42.138721],[24.724661,42.138776],[24.72489,42.138821],[24.725033,42.138848],[24.725098,42.13886],[24.725427,42.138923],[24.725664,42.138974],[24.725769,42.138998],[24.725997,42.139053],[24.726219,42.139118],[24.726704,42.139224],[24.727641,42.139413],[24.727694,42.139424],[24.727818,42.139447],[24.728487,42.139581],[24.728583,42.139605],[24.728827,42.139666],[24.729359,42.13987],[24.729825,42.140071],[24.730284,42.140269],[24.730962,42.140552],[24.731096,42.140607],[24.73139,42.140714],[24.732199,42.141021],[24.732321,42.141075],[24.732863,42.141313],[24.733425,42.141519],[24.733465,42.141534],[24.733589,42.141559],[24.733662,42.141579]]},"properties":{"name":"Пещерско шосе"}},{"type":"Feature","geometry":{"type":"LineString","coordinates":[[24.733803,42.141598],[24.733922,42.14162],[24.734094,42.141647],[24.734467,42.14173],[24.73457,42.14174],[24.734688,42.14174],[24.734805,42.141725],[24.735093,42.141536],[24.735396,42.141356],[24.735619,42.141245],[24.735951,42.141136],[24.736215,42.141054],[24.736694,42.140922],[24.736851,42.140886],[24.737026,42.140864],[24.737243,42.140892]]},"properties":{"name":"Захари Стоянов"}},{"type":"Feature","geometry":{"type":"LineString","coordinates":[[24.733611,42.141636],[24.733465,42.141534]]},"properties":{"name":"Захари Стоянов"}},{"type":"Feature","geometry":{"type":"LineString","coordinates":[[24.734805,42.141725],[24.734689,42.141795],[24.734626,42.141812],[24.734599,42.141819],[24.734504,42.141826],[24.734367,42.141815],[24.73397,42.141763],[24.733952,42.141759],[24.733876,42.141744],[24.733805,42.141723],[24.733713,42.141695]]},"properties":{"name":"Захари Стоянов"}},{"type":"Feature","geometry":{"type":"LineString","coordinates":[[24.737243,42.140892],[24.737671,42.14102],[24.738704,42.141394],[24.739183,42.141562],[24.739751,42.141811],[24.739809,42.141842],[24.739957,42.141915],[24.740068,42.141956],[24.740155,42.141991],[24.740282,42.142019],[24.740451,42.142021],[24.740744,42.14203],[24.741244,42.142047],[24.74131,42.142047],[24.741374,42.142048],[24.741585,42.142081],[24.741693,42.142106],[24.741745,42.142113],[24.741993,42.14215],[24.742524,42.142238],[24.742709,42.142274],[24.743624,42.142449],[24.744562,42.142617],[24.745244,42.142747],[24.745354,42.142769]]},"properties":{"name":"Гладстон"}},{"type":"Feature","geometry":{"type":"LineString","coordinates":[[24.751195,42.143338],[24.750954,42.143244],[24.750916,42.143229],[24.750741,42.143171],[24.750503,42.143091],[24.750063,42.143032],[24.748694,42.142926],[24.747519,42.143103],[24.747473,42.143108],[24.747309,42.143119],[24.747174,42.143116],[24.747015,42.143101],[24.746163,42.142945],[24.745948,42.142904],[24.745906,42.142895],[24.745816,42.142877],[24.745354,42.142769],[24.74549,42.142827],[24.745754,42.142905],[24.745883,42.142951],[24.74597,42.142969],[24.746114,42.142993],[24.746166,42.143004],[24.747003,42.143172],[24.747168,42.1432],[24.747322,42.143207],[24.747544,42.143195],[24.747753,42.143154],[24.748688,42.142996],[24.75002,42.143084],[24.750431,42.143186],[24.750511,42.143215],[24.750722,42.143292],[24.751005,42.143418],[24.751164,42.143486]]},"properties":{"name":"Гладстон"}},{"type":"Feature","geometry":{"type":"LineString","coordinates":[[24.738709,42.152584],[24.738713,42.152474],[24.738731,42.152392],[24.738794,42.152185],[24.73886,42.152042],[24.73893,42.151953],[24.739052,42.151806],[24.739461,42.151377],[24.739585,42.151223],[24.739688,42.151096],[24.739759,42.150974],[24.739776,42.150947],[24.740301,42.150082],[24.740464,42.149813],[24.740642,42.149519],[24.740671,42.14947],[24.740712,42.149368],[24.740752,42.149238],[24.740769,42.149063],[24.740773,42.14902],[24.740792,42.148811],[24.7409,42.147683],[24.740917,42.147507],[24.740922,42.147473],[24.740954,42.147227],[24.740964,42.147142],[24.740971,42.147089],[24.741143,42.145758],[24.741212,42.145126],[24.741284,42.144528],[24.741291,42.144474],[24.741307,42.14437],[24.741385,42.14387],[24.74146,42.143275],[24.741531,42.142716],[24.74157,42.142256],[24.741585,42.142081],[24.741597,42.141991],[24.741601,42.141957],[24.741786,42.140531],[24.741803,42.140395],[24.741815,42.140294],[24.741822,42.140239],[24.741906,42.139538],[24.741937,42.139278],[24.742026,42.138517],[24.742132,42.137543],[24.742136,42.137506],[24.742265,42.136389],[24.742263,42.13625]]},"properties":{"name":"бул. Руски"}},{"type":"Feature","geometry":{"type":"LineString","coordinates":[[24.738542,42.152584],[24.738574,42.152401],[24.738619,42.152231],[24.738705,42.152059],[24.738752,42.151983],[24.738829,42.151872],[24.738925,42.151737],[24.739065,42.151589],[24.739405,42.151225],[24.739445,42.151183],[24.739563,42.151057],[24.739634,42.150939],[24.739887,42.150474],[24.739943,42.150374],[24.740187,42.149933],[24.740421,42.149511],[24.740452,42.149458],[24.740529,42.149321],[24.740572,42.149203],[24.740587,42.149043],[24.740697,42.148138],[24.740747,42.14771],[24.740752,42.147673],[24.740764,42.147567],[24.740782,42.147299],[24.740787,42.147225],[24.7408,42.14712],[24.740818,42.146996],[24.740927,42.145931],[24.740946,42.145745],[24.74101,42.145111],[24.741073,42.144549],[24.741077,42.144517],[24.741082,42.14447],[24.741149,42.143852],[24.741172,42.143637],[24.741213,42.143302],[24.741273,42.142804],[24.741352,42.142213],[24.74136,42.142162],[24.741374,42.142048],[24.741381,42.141973],[24.741391,42.141871],[24.741526,42.140561],[24.741532,42.140519],[24.741542,42.14046],[24.741556,42.140365],[24.741571,42.140272],[24.741686,42.139524],[24.741795,42.138504],[24.741919,42.13753],[24.741923,42.137498],[24.742042,42.136379],[24.74204,42.136315],[24.742039,42.136251]]},"properties":{"name":"бул. Руски"}},{"type":"Feature","geometry":{"type":"LineString","coordinates":[[24.74146,42.143275],[24.743071,42.143381]]},"properties":{"name":"Балчик"}},{"type":"Feature","geometry":{"type":"LineString","coordinates":[[24.743071,42.143381],[24.742777,42.142776],[24.742565,42.142305],[24.742562,42.142299],[24.742524,42.142238]]},"properties":{"name":"Цар Иван Александър"}},{"type":"Feature","geometry":{"type":"LineString","coordinates":[[24.741657,42.142721],[24.742777,42.142776]]},"properties":{"name":"Петър Делян"}},{"type":"Feature","geometry":{"type":"LineString","coordinates":[[24.740954,42.147227],[24.74107,42.147232],[24.74113,42.147234],[24.741207,42.147237],[24.741386,42.147244],[24.741451,42.147247],[24.741568,42.14724],[24.74167,42.147207],[24.741784,42.147148],[24.741904,42.147084]]},"properties":{"name":"Преслав"}},{"type":"Feature","geometry":{"type":"LineString","coordinates":[[24.741904,42.147084],[24.741986,42.146434],[24.742042,42.145809],[24.742098,42.145159]]},"properties":{"name":"Александър Екзарх"}},{"type":"Feature","geometry":{"type":"LineString","coordinates":[[24.741175,42.146393],[24.741986,42.146434]]},"properties":{"name":"Васил Друмев"}},{"type":"Feature","geometry":{"type":"LineString","coordinates":[[24.742098,42.145159],[24.741212,42.145126]]},"properties":{"name":"П. Ю. Тодоров"}},{"type":"Feature","geometry":{"type":"LineString","coordinates":[[24.76314,42.152904],[24.763036,42.152921],[24.762958,42.152929],[24.762374,42.153032],[24.76222,42.153039],[24.762123,42.153039],[24.762023,42.153037],[24.761423,42.153019],[24.761289,42.153016],[24.760401,42.152985],[24.760362,42.152983],[24.759899,42.152924],[24.759768,42.152896],[24.759424,42.152824],[24.759291,42.152789],[24.75912,42.152745],[24.758941,42.152694],[24.758894,42.152681],[24.756147,42.151935],[24.755935,42.151878],[24.755278,42.151676],[24.755028,42.151648],[24.754931,42.151641],[24.75476,42.151631],[24.7546,42.151636],[24.754393,42.151666],[24.754309,42.151683],[24.754157,42.151704],[24.754103,42.151711],[24.753951,42.151732],[24.753644,42.151811],[24.753351,42.15191],[24.752821,42.152104],[24.752706,42.152149],[24.752281,42.152249],[24.752152,42.152258],[24.752045,42.152265],[24.751776,42.152254],[24.751537,42.1522],[24.751288,42.152143],[24.750934,42.15203],[24.750386,42.151816],[24.750268,42.151758],[24.750054,42.151671],[24.749753,42.15156],[24.749386,42.151448],[24.748419,42.151321],[24.74772,42.151314],[24.747585,42.151313],[24.747487,42.151315],[24.747104,42.151342],[24.746958,42.151349],[24.746735,42.151349],[24.746587,42.151342],[24.746404,42.151303],[24.745759,42.151134],[24.744717,42.150843],[24.744598,42.150807],[24.744496,42.150772],[24.744385,42.150729],[24.743803,42.150453],[24.743661,42.150372],[24.743531,42.150314],[24.743507,42.150304],[24.741787,42.149602],[24.741741,42.149585],[24.740917,42.149295],[24.740752,42.149238],[24.740572,42.149203],[24.740359,42.149153],[24.740302,42.149141],[24.73979,42.14904],[24.738315,42.14884],[24.73795,42.14879],[24.736984,42.14865],[24.736713,42.148618],[24.735807,42.148505],[24.734276,42.148312],[24.734227,42.148306],[24.733978,42.148275],[24.733786,42.148248],[24.733344,42.148186],[24.733237,42.14817],[24.732472,42.148063],[24.731385,42.147909],[24.731152,42.147882],[24.731012,42.147863],[24.730806,42.147838],[24.730729,42.147829],[24.728996,42.147621],[24.728892,42.147599],[24.728543,42.147498],[24.728107,42.14736],[24.727305,42.147116],[24.727219,42.147095],[24.726133,42.146825],[24.725949,42.146789],[24.725798,42.146807],[24.725913,42.146889],[24.726592,42.147071],[24.727079,42.147197],[24.727166,42.147221],[24.728574,42.147664],[24.728843,42.147726],[24.72913,42.147775],[24.72997,42.147856],[24.730501,42.147912],[24.730785,42.147946],[24.731012,42.147976],[24.731153,42.147993],[24.731393,42.148018],[24.731486,42.14803],[24.732111,42.148115],[24.734255,42.148396],[24.734312,42.148403],[24.734794,42.148466],[24.735434,42.148542],[24.736694,42.148691],[24.736963,42.148722],[24.737942,42.148878],[24.738288,42.148928],[24.739746,42.149158],[24.740316,42.149273],[24.740529,42.149321],[24.740712,42.149368],[24.740862,42.149414],[24.740909,42.149427],[24.741248,42.149514],[24.741748,42.149642],[24.742581,42.149974],[24.74349,42.15037],[24.743615,42.150428],[24.743758,42.150499],[24.743812,42.15053],[24.74432,42.150817],[24.744371,42.150841],[24.744471,42.150874],[24.745711,42.151212],[24.746338,42.151359],[24.746531,42.151394],[24.746729,42.151407],[24.747531,42.15139],[24.747722,42.151388],[24.74776,42.151388],[24.748377,42.151383],[24.749101,42.151481],[24.749486,42.151582],[24.749778,42.15168],[24.750299,42.151891],[24.750406,42.151936],[24.750605,42.152014],[24.751207,42.152254],[24.751425,42.152302],[24.75176,42.152346],[24.752058,42.152354],[24.752415,42.152327],[24.752683,42.152263],[24.752877,42.152198],[24.753007,42.152148],[24.753388,42.152],[24.753532,42.151953],[24.753676,42.151906],[24.753763,42.151886],[24.753955,42.151844],[24.754178,42.151813],[24.754331,42.151782],[24.754416,42.151771],[24.754604,42.151751],[24.754658,42.151746],[24.754831,42.151742],[24.7552,42.151773],[24.755399,42.151808],[24.755911,42.151946],[24.756119,42.152006],[24.757631,42.152463],[24.758286,42.152642],[24.758678,42.152749],[24.758893,42.152794],[24.759089,42.152844],[24.759257,42.152885],[24.759306,42.152898],[24.759585,42.152966],[24.759851,42.153018],[24.760277,42.153068],[24.760383,42.153076],[24.761284,42.153104],[24.761741,42.153127],[24.762221,42.153138],[24.762996,42.153157],[24.763152,42.153162]]},"properties":{"name":"6-ти Септември"}},{"type":"Feature","geometry":{"type":"LineString","coordinates":[[24.763396,42.152921],[24.763576,42.152937],[24.76374,42.152953],[24.763902,42.152976],[24.764055,42.152976],[24.764205,42.152974],[24.764778,42.152902],[24.765861,42.152765],[24.765912,42.152758],[24.766094,42.152754],[24.766244,42.152752],[24.766443,42.152754],[24.766748,42.15276],[24.767686,42.152779],[24.76824,42.152789],[24.768734,42.152797],[24.769071,42.152803],[24.769624,42.152813],[24.770202,42.152824],[24.770467,42.152842],[24.770702,42.152876],[24.770754,42.152884],[24.770972,42.152914]]},"properties":{"name":"6-ти Септември"}},{"type":"Feature","geometry":{"type":"LineString","coordinates":[[24.770886,42.153015],[24.770774,42.152978],[24.770719,42.152964],[24.770642,42.152944],[24.770459,42.152919],[24.770174,42.152899],[24.769302,42.15288],[24.769156,42.152878],[24.768602,42.152868],[24.766947,42.152838],[24.766766,42.152835],[24.766293,42.152831],[24.766228,42.152831],[24.766076,42.152833],[24.765914,42.152835],[24.765232,42.152918],[24.764525,42.153022],[24.764096,42.153079],[24.763658,42.153135],[24.763568,42.153142],[24.76348,42.153148],[24.76339,42.153155]]},"properties":{"name":"6-ти Септември"}},{"type":"Feature","geometry":{"type":"LineString","coordinates":[[24.771266,42.152917],[24.771486,42.152919],[24.771677,42.15292]]},"properties":{"name":"6-ти Септември"}},{"type":"Feature","geometry":{"type":"LineString","coordinates":[[24.777188,42.149306],[24.777187,42.149377],[24.777186,42.149443],[24.777181,42.149793],[24.777156,42.149877],[24.777108,42.149944],[24.777037,42.150001],[24.776593,42.150243],[24.776581,42.15025],[24.776165,42.150477],[24.775334,42.150927],[24.775114,42.151048],[24.774648,42.151308],[24.774533,42.151372],[24.774303,42.151496],[24.774266,42.151516],[24.774079,42.151617],[24.773573,42.151893],[24.773245,42.152072],[24.772904,42.152256],[24.772786,42.15232],[24.772461,42.152496],[24.77184,42.152832],[24.771677,42.15292],[24.77155,42.152997],[24.771328,42.153131]]},"properties":{"name":"6-ти Септември"}},{"type":"Feature","geometry":{"type":"LineString","coordinates":[[24.690571,42.130783],[24.690608,42.130894],[24.69062,42.130942],[24.69064,42.13102],[24.690726,42.131465],[24.690792,42.131738],[24.690852,42.131835],[24.69195,42.132473],[24.692332,42.132688],[24.692713,42.132902],[24.693571,42.133386],[24.693961,42.133606],[24.694272,42.133782],[24.69442,42.133865],[24.695111,42.134267],[24.695328,42.134392],[24.695817,42.134707],[24.696162,42.134904],[24.696653,42.135184],[24.696868,42.135306],[24.697746,42.135806],[24.697847,42.135863],[24.697938,42.135916],[24.697987,42.135943],[24.69837,42.136162],[24.698687,42.136342],[24.698705,42.136352],[24.699555,42.136858],[24.699739,42.136968],[24.69995,42.137094],[24.700073,42.137167],[24.700197,42.13724],[24.700539,42.137441],[24.700592,42.137472],[24.700643,42.137502],[24.700803,42.137596],[24.701495,42.138001],[24.701698,42.138122],[24.701801,42.138194],[24.701891,42.138274],[24.702184,42.138707],[24.702431,42.139163],[24.702793,42.139836],[24.702911,42.140005],[24.702973,42.140094],[24.703212,42.140271],[24.703243,42.140293],[24.703612,42.140512],[24.703683,42.140556],[24.703945,42.140717],[24.704283,42.140925],[24.706407,42.141808],[24.706916,42.142035],[24.707001,42.142075],[24.707369,42.142249],[24.707478,42.142314],[24.707875,42.142572],[24.708114,42.142724],[24.708494,42.142968],[24.709206,42.143397],[24.709254,42.143418],[24.709559,42.143553],[24.709724,42.143604],[24.711307,42.143987],[24.712723,42.144309],[24.713702,42.144539],[24.713811,42.144564],[24.714024,42.144617],[24.714101,42.144635],[24.714292,42.144682],[24.714536,42.144738],[24.716768,42.145119]]},"properties":{"name":"6-ти Септември"}},{"type":"Feature","geometry":{"type":"LineString","coordinates":[[24.777188,42.149306],[24.777215,42.149218],[24.777289,42.149138],[24.777401,42.149053],[24.777646,42.148943]]},"properties":{"name":"8"}},{"type":"Feature","geometry":{"type":"LineString","coordinates":[[24.748985,42.159082],[24.749264,42.159137],[24.749445,42.159178],[24.749672,42.159193],[24.751558,42.159223],[24.754156,42.159278],[24.755932,42.15929],[24.755979,42.15929],[24.756155,42.159293],[24.756334,42.159294],[24.756405,42.159295],[24.757376,42.159313],[24.757869,42.159321],[24.758219,42.159347],[24.75863,42.159392],[24.760372,42.159664],[24.761022,42.159762],[24.761633,42.159827],[24.761742,42.159839],[24.761989,42.159866],[24.762813,42.159945],[24.763309,42.159992],[24.763936,42.160002],[24.764178,42.159999],[24.764409,42.16],[24.76454,42.16]]},"properties":{"name":"8"}},{"type":"Feature","geometry":{"type":"LineString","coordinates":[[24.779031,42.148869],[24.778809,42.148883],[24.778618,42.148896],[24.778113,42.148925],[24.777646,42.148943],[24.777383,42.148953],[24.777243,42.148958],[24.776894,42.148973],[24.776382,42.148966],[24.775819,42.148943],[24.775582,42.14893],[24.774952,42.148895],[24.774844,42.148887],[24.774373,42.148836],[24.770752,42.148194],[24.770398,42.148129],[24.770148,42.14808],[24.77005,42.148061],[24.769793,42.148013],[24.769733,42.148001],[24.768627,42.147792],[24.768232,42.147717],[24.767834,42.147641],[24.767253,42.147535],[24.765698,42.147251],[24.763975,42.14697],[24.763669,42.146928],[24.763447,42.146897],[24.763266,42.146868]]},"properties":{"name":"бул. Цариградско шосе"}},{"type":"Feature","geometry":{"type":"LineString","coordinates":[[24.779294,42.148845],[24.779968,42.148801],[24.780567,42.148761],[24.781513,42.148698],[24.782416,42.14864],[24.782738,42.148633],[24.783428,42.14864],[24.783781,42.148627],[24.784987,42.148541],[24.786151,42.148481],[24.786372,42.14847]]},"properties":{"name":"бул. Цариградско шосе"}},{"type":"Feature","geometry":{"type":"LineString","coordinates":[[24.780985,42.149034],[24.78013,42.149119],[24.779405,42.149181],[24.778946,42.149208],[24.778202,42.149255],[24.777367,42.149297],[24.777188,42.149306],[24.777112,42.149307],[24.776717,42.149311],[24.775971,42.149287],[24.775202,42.149186],[24.775049,42.149161],[24.774831,42.149122],[24.774235,42.149002],[24.772906,42.148753],[24.771533,42.148495],[24.771293,42.14845],[24.770909,42.148374],[24.770374,42.148276],[24.770343,42.14827],[24.770138,42.148232],[24.77003,42.148213],[24.769752,42.148162],[24.769435,42.148105],[24.765504,42.147381],[24.765275,42.147341],[24.764674,42.147245],[24.764077,42.147148],[24.763517,42.147062],[24.763453,42.147052],[24.763264,42.147019]]},"properties":{"name":"бул. Цариградско шосе"}},{"type":"Feature","geometry":{"type":"LineString","coordinates":[[24.793421,42.148189],[24.792713,42.148227],[24.79264,42.148231],[24.792455,42.148241],[24.792144,42.148262],[24.787904,42.148521],[24.786643,42.148615],[24.786591,42.148619],[24.7864,42.148633]]},"properties":{"name":"бул. Цариградско шосе"}},{"type":"Feature","geometry":{"type":"LineString","coordinates":[[24.792413,42.148112],[24.792632,42.148094],[24.793055,42.14807],[24.793398,42.148048]]},"properties":{"name":"бул. Цариградско шосе"}},{"type":"Feature","geometry":{"type":"LineString","coordinates":[[24.80677,42.147573],[24.806429,42.147541],[24.806082,42.147511],[24.805788,42.147496],[24.805519,42.147486],[24.805103,42.147479],[24.804626,42.147484],[24.804263,42.147494],[24.803917,42.147509],[24.803376,42.147543],[24.802753,42.14759]]},"properties":{"name":"бул. Цариградско шосе"}},{"type":"Feature","geometry":{"type":"LineString","coordinates":[[24.802749,42.1475],[24.803103,42.147474],[24.803588,42.147441],[24.804218,42.147404],[24.804685,42.147387],[24.805076,42.147386],[24.80529,42.147387],[24.805614,42.147398],[24.80586,42.147407],[24.80612,42.14742],[24.806405,42.147441],[24.806742,42.147472]]},"properties":{"name":"бул. Цариградско шосе"}},{"type":"Feature","geometry":{"type":"LineString","coordinates":[[24.779031,42.148869],[24.779294,42.148845]]},"properties":{"name":"бул. Княгиня Мария Луиза"}},{"type":"Feature","geometry":{"type":"LineString","coordinates":[[24.751195,42.143338],[24.751372,42.143419],[24.751742,42.143598],[24.75182,42.143636],[24.751989,42.143701],[24.752382,42.143793],[24.753088,42.143931],[24.753294,42.143984],[24.753438,42.144036],[24.753576,42.144101],[24.75392,42.144324],[24.754153,42.144485],[24.754274,42.144568],[24.754305,42.144589],[24.754429,42.144669],[24.754495,42.144706],[24.754587,42.144745],[24.754813,42.144824],[24.755254,42.144967],[24.758207,42.14592],[24.75838,42.145981],[24.758509,42.146023],[24.758609,42.146051],[24.758672,42.146069],[24.759027,42.146149],[24.760393,42.146387],[24.762764,42.146798],[24.762855,42.146814],[24.763093,42.146848],[24.763266,42.146868]]},"properties":{"name":"бул. Княгиня Мария Луиза"}},{"type":"Feature","geometry":{"type":"LineString","coordinates":[[24.751164,42.143486],[24.751362,42.143571],[24.751804,42.143758],[24.751979,42.143811],[24.752179,42.143857],[24.75304,42.144024],[24.753206,42.144067],[24.753357,42.14412],[24.753497,42.144183],[24.753907,42.144447],[24.754236,42.144663],[24.754381,42.144761],[24.754478,42.144801],[24.754571,42.144837],[24.754651,42.144864],[24.754764,42.144903],[24.754799,42.144913],[24.755167,42.145037],[24.755537,42.145161],[24.757592,42.145851],[24.757748,42.145903],[24.758016,42.145998],[24.758429,42.146136],[24.758545,42.146164],[24.758602,42.146176],[24.75881,42.14621],[24.75901,42.146242],[24.759642,42.146345],[24.760367,42.146476],[24.760509,42.146503],[24.760585,42.146518],[24.762832,42.146933],[24.763088,42.146978],[24.763264,42.147019]]},"properties":{"name":"бул. Княгиня Мария Луиза"}},{"type":"Feature","geometry":{"type":"LineString","coordinates":[[24.786372,42.14847],[24.7864,42.148633],[24.786422,42.148803],[24.786425,42.148826],[24.786447,42.149012],[24.786506,42.149411],[24.786524,42.149539],[24.786616,42.150296],[24.786632,42.150452],[24.786672,42.150845],[24.786701,42.151049],[24.786711,42.151124],[24.786756,42.151484],[24.786816,42.151896],[24.786873,42.152228],[24.786935,42.15258],[24.786953,42.152705]]},"properties":{"name":"Ландос"}},{"type":"Feature","geometry":{"type":"LineString","coordinates":[[24.789339,42.159063],[24.789245,42.158865],[24.789135,42.158623],[24.78902,42.158367],[24.788883,42.15813],[24.788564,42.157413]]},"properties":{"name":"Ландос"}},{"type":"Feature","geometry":{"type":"LineString","coordinates":[[24.786616,42.150296],[24.78764,42.15023],[24.788782,42.150169]]},"properties":{"name":"Босилек"}},{"type":"Feature","geometry":{"type":"LineString","coordinates":[[24.788782,42.150169],[24.788879,42.1502],[24.788951,42.150252],[24.788994,42.15033],[24.789033,42.150407],[24.78908,42.150809],[24.789114,42.151167],[24.789154,42.151578],[24.789158,42.151624],[24.789193,42.151902],[24.789227,42.152253],[24.789227,42.152255],[24.789229,42.152271],[24.789334,42.15241],[24.789391,42.152485],[24.789472,42.152609],[24.789528,42.153048],[24.789625,42.153811],[24.789657,42.154028],[24.789691,42.154272],[24.789702,42.154305],[24.789884,42.154875],[24.789902,42.154931],[24.790181,42.155514],[24.790307,42.155778],[24.790561,42.156289],[24.790689,42.156564],[24.790675,42.15667],[24.790641,42.156741],[24.790568,42.156826],[24.790489,42.156858],[24.789628,42.157107],[24.788811,42.157343],[24.788564,42.157413]]},"properties":{"name":"Вратцата"}},{"type":"Feature","geometry":{"type":"LineString","coordinates":[[24.789339,42.159063],[24.788934,42.159181],[24.787475,42.1594],[24.786534,42.159519],[24.786184,42.159563],[24.786064,42.159578],[24.784737,42.159647],[24.782633,42.159739],[24.782435,42.159744]]},"properties":{"name":"Крайна"}},{"type":"Feature","geometry":{"type":"LineString","coordinates":[[24.782435,42.159744],[24.782215,42.159752],[24.782036,42.159758],[24.78123,42.15978],[24.781007,42.159783],[24.780384,42.159776],[24.780021,42.159794],[24.779532,42.159721],[24.779245,42.159626],[24.778994,42.15948],[24.778583,42.159184],[24.777721,42.158625],[24.775928,42.157531],[24.774636,42.156763],[24.774577,42.156729],[24.774441,42.156656],[24.773749,42.156286],[24.772868,42.155877],[24.772006,42.155519],[24.771557,42.155348],[24.771098,42.155192],[24.770401,42.154989],[24.770369,42.154979],[24.770232,42.154941],[24.77009,42.154909]]},"properties":{"name":"Марица"}},{"type":"Feature","geometry":{"type":"LineString","coordinates":[[24.773173,42.158195],[24.77301,42.158054],[24.772386,42.15768],[24.771706,42.15731],[24.771126,42.157044],[24.770323,42.156788],[24.770159,42.156737],[24.769802,42.156628]]},"properties":{"name":"Марица"}},{"type":"Feature","geometry":{"type":"LineString","coordinates":[[24.770262,42.154852],[24.770397,42.154891],[24.771148,42.155113],[24.771612,42.155268],[24.772066,42.155435],[24.772936,42.155786],[24.773824,42.156202],[24.774527,42.156566],[24.774669,42.156642],[24.775532,42.157133],[24.778532,42.159005],[24.778981,42.15934],[24.779243,42.159493],[24.779585,42.159627],[24.779913,42.15969],[24.780384,42.159776]]},"properties":{"name":"Марица"}},{"type":"Feature","geometry":{"type":"LineString","coordinates":[[24.786187,42.149431],[24.786506,42.149411]]},"properties":{"name":"Искра"}},{"type":"Feature","geometry":{"type":"LineString","coordinates":[[24.781659,42.149716],[24.783896,42.14955]]},"properties":{"name":"Искра"}},{"type":"Feature","geometry":{"type":"LineString","coordinates":[[24.783838,42.149059],[24.783888,42.149446],[24.783896,42.14955]]},"properties":{"name":"Пламък"}},{"type":"Feature","geometry":{"type":"LineString","coordinates":[[24.780985,42.149034],[24.781033,42.149089],[24.781543,42.149609],[24.781659,42.149716]]},"properties":{"name":"Кемера"}},{"type":"Feature","geometry":{"type":"LineString","coordinates":[[24.741542,42.14046],[24.741469,42.14046],[24.741095,42.140456],[24.740848,42.140373],[24.740362,42.140048],[24.739993,42.139792],[24.73968,42.139574],[24.738949,42.13905],[24.738818,42.139001],[24.73874,42.138977],[24.738691,42.138935]]},"properties":{"name":"бул. Любен Каравелов"}},{"type":"Feature","geometry":{"type":"LineString","coordinates":[[24.716708,42.131693],[24.716703,42.131713],[24.716665,42.131859],[24.716649,42.131926],[24.716632,42.131993],[24.716561,42.132285],[24.716539,42.132377],[24.716529,42.132416],[24.716522,42.132443],[24.716193,42.133768],[24.716055,42.134324],[24.716009,42.134507],[24.715937,42.134799],[24.71578,42.135451],[24.715718,42.135705],[24.715614,42.136119],[24.715543,42.136402],[24.71559,42.136499],[24.715682,42.136436],[24.71569,42.136394],[24.715759,42.136133],[24.715787,42.135946],[24.71582,42.135728],[24.715886,42.135463],[24.716002,42.134992],[24.716047,42.134822],[24.716122,42.134523],[24.716216,42.13415],[24.716395,42.133431],[24.716647,42.132432],[24.716657,42.132393],[24.716679,42.132304],[24.716702,42.13221],[24.716787,42.131873],[24.716829,42.131729],[24.716833,42.131712]]},"properties":{"name":"Царевец"}},{"type":"Feature","geometry":{"type":"LineString","coordinates":[[24.708922,42.129386],[24.708854,42.129585],[24.708656,42.130229],[24.708619,42.13035],[24.708627,42.130409],[24.70863,42.130434],[24.708652,42.13048],[24.708693,42.130522],[24.708752,42.13055],[24.708832,42.130569],[24.709193,42.130637],[24.709338,42.130676],[24.709875,42.130777],[24.709916,42.130785],[24.710062,42.130812],[24.710709,42.130932],[24.711443,42.13107],[24.712559,42.131317],[24.71261,42.131328],[24.712936,42.131399],[24.71323,42.131466],[24.713507,42.131529],[24.713568,42.13154],[24.714677,42.131765],[24.71476,42.131802],[24.714805,42.131853],[24.71491,42.131918],[24.715183,42.13203],[24.716153,42.132214],[24.716351,42.132249],[24.716433,42.132263],[24.716561,42.132285],[24.716679,42.132304]]},"properties":{"name":"Солунска"}},{"type":"Feature","geometry":{"type":"LineString","coordinates":[[24.708922,42.129386],[24.708222,42.129258],[24.707608,42.129146],[24.707106,42.129054],[24.70679,42.128994],[24.706674,42.128971],[24.706528,42.128944],[24.706323,42.128905],[24.706081,42.128858],[24.706046,42.128851],[24.706014,42.128845],[24.704237,42.128506],[24.703329,42.128322],[24.702112,42.128072]]},"properties":{"name":"Юндола"}},{"type":"Feature","geometry":{"type":"LineString","coordinates":[[24.704237,42.128506],[24.704049,42.129081],[24.703841,42.129717],[24.703748,42.129964],[24.703731,42.130008],[24.703408,42.131022],[24.703319,42.1313],[24.703289,42.131394],[24.703275,42.131434],[24.703052,42.132053],[24.703006,42.132186],[24.702965,42.132292],[24.702954,42.13233],[24.70293,42.132413]]},"properties":{"name":"Орфей"}},{"type":"Feature","geometry":{"type":"LineString","coordinates":[[24.773459,42.163943],[24.773302,42.163925],[24.773258,42.163919],[24.772779,42.16384],[24.772636,42.163814],[24.772542,42.163788],[24.772256,42.163704],[24.772014,42.163568],[24.771986,42.163553],[24.771933,42.163523],[24.77172,42.163404],[24.771542,42.163304],[24.771416,42.163234],[24.771155,42.163088],[24.77094,42.162968],[24.770712,42.162827],[24.770509,42.162705],[24.770251,42.162556],[24.770129,42.162482],[24.769989,42.162396],[24.769715,42.16223],[24.769188,42.161908],[24.769126,42.161871],[24.768736,42.161652],[24.768566,42.161551],[24.768465,42.161492],[24.768376,42.16144],[24.767721,42.161081],[24.767574,42.161]]},"properties":{"name":"Рогошко шосе"}},{"type":"Feature","geometry":{"type":"LineString","coordinates":[[24.764918,42.160329],[24.765033,42.160317],[24.765277,42.1603],[24.765513,42.160301],[24.765766,42.16031],[24.765882,42.16033],[24.766229,42.160383],[24.766409,42.160438],[24.766669,42.16054],[24.767119,42.160769],[24.767236,42.160834],[24.767345,42.160896],[24.767574,42.161],[24.767406,42.160851],[24.766925,42.160554],[24.766779,42.160481],[24.766628,42.16041],[24.766428,42.160341],[24.766208,42.16028],[24.766035,42.160243],[24.765783,42.160194],[24.76555,42.160156],[24.765299,42.160112],[24.764978,42.160032]]},"properties":{"name":"Рогошко шосе"}},{"type":"Feature","geometry":{"type":"LineString","coordinates":[[24.775073,42.165329],[24.774878,42.165256],[24.774721,42.165132],[24.774532,42.164924],[24.774315,42.164641],[24.774007,42.164216],[24.773897,42.164107],[24.773813,42.164051],[24.773686,42.164003],[24.773459,42.163943],[24.773669,42.163936],[24.773784,42.163951],[24.773898,42.163989],[24.774024,42.164086],[24.774103,42.164169],[24.774417,42.164596],[24.774479,42.164686],[24.774629,42.164892],[24.774834,42.165085],[24.774986,42.165204],[24.775073,42.165329]]},"properties":{"name":"Рогошко шосе"}},{"type":"Feature","geometry":{"type":"LineString","coordinates":[[24.756159,42.159605],[24.756163,42.15958],[24.75616,42.159508],[24.756156,42.159418]]},"properties":{"name":"Огражден"}},{"type":"Feature","geometry":{"type":"LineString","coordinates":[[24.756289,42.163332],[24.756271,42.16293]]},"properties":{"name":"Огражден"}},{"type":"Feature","geometry":{"type":"LineString","coordinates":[[24.760056,42.162076],[24.760076,42.161528]]},"properties":{"name":"Барикадите"}},{"type":"Feature","geometry":{"type":"LineString","coordinates":[[24.759817,42.159852],[24.759824,42.159794],[24.759846,42.159707]]},"properties":{"name":"Барикадите"}},{"type":"Feature","geometry":{"type":"LineString","coordinates":[[24.727918,42.133123],[24.727492,42.133018],[24.727074,42.13292],[24.726783,42.132857],[24.726449,42.132772],[24.726147,42.132694],[24.725913,42.132631],[24.725754,42.132575],[24.725616,42.132516],[24.725475,42.13245],[24.725326,42.132368],[24.725174,42.132284],[24.725052,42.132207],[24.724906,42.132082],[24.724801,42.131982],[24.724541,42.13169]]},"properties":{"name":"бул.Коматевско шосе"}},{"type":"Feature","geometry":{"type":"LineString","coordinates":[[24.722633,42.129188],[24.722568,42.129092]]},"properties":{"name":"бул.Коматевско шосе"}},{"type":"Feature","geometry":{"type":"LineString","coordinates":[[24.722832,42.128992],[24.722905,42.129089]]},"properties":{"name":"бул.Коматевско шосе"}},{"type":"Feature","geometry":{"type":"LineString","coordinates":[[24.732268,42.113475],[24.73299,42.113267],[24.733704,42.113061],[24.734524,42.112825],[24.734719,42.112773],[24.735589,42.11256],[24.736543,42.112525],[24.7383,42.11246],[24.73837,42.112459],[24.738961,42.112442],[24.739863,42.112492]]},"properties":{"name":"кв. Беломорски"}},{"type":"Feature","geometry":{"type":"LineString","coordinates":[[24.779999,42.133669],[24.779075,42.133687],[24.778825,42.133692],[24.778746,42.133693],[24.778596,42.133695],[24.778506,42.133695],[24.778212,42.133697],[24.777692,42.133696],[24.776039,42.133706],[24.775606,42.133716],[24.775464,42.133696],[24.775295,42.133653],[24.77458,42.133412],[24.774453,42.133371]]},"properties":{"name":"Поручик Боян Ботев"}},{"type":"Feature","geometry":{"type":"LineString","coordinates":[[24.779999,42.133669],[24.78,42.133545],[24.779997,42.133202],[24.779982,42.132202],[24.780016,42.132003],[24.780124,42.13156],[24.780148,42.131477],[24.780176,42.131392],[24.780197,42.131309],[24.78022,42.131221],[24.780267,42.131062],[24.780277,42.131026],[24.78056,42.130015],[24.780585,42.129901],[24.780643,42.129629],[24.780713,42.129293],[24.780746,42.129168],[24.78086,42.128745],[24.780874,42.128696],[24.780905,42.128589],[24.780963,42.128483],[24.781004,42.128407],[24.781149,42.128147],[24.781376,42.127695],[24.782037,42.1265],[24.78207,42.12644],[24.782451,42.125746],[24.782491,42.125668],[24.782519,42.125619],[24.782548,42.125567]]},"properties":{"name":"Пеньо Пенев"}},{"type":"Feature","geometry":{"type":"LineString","coordinates":[[24.776161,42.130301],[24.776265,42.130157],[24.776867,42.129428]]},"properties":{"name":"Димитър Ризов"}},{"type":"Feature","geometry":{"type":"LineString","coordinates":[[24.777713,42.12813],[24.77764,42.128206],[24.777529,42.128381],[24.7774,42.128584],[24.777134,42.129001],[24.776968,42.129262],[24.776934,42.12932],[24.776867,42.129428],[24.776675,42.130047],[24.776588,42.130265],[24.776499,42.130418]]},"properties":{"name":"Димитър Ризов"}},{"type":"Feature","geometry":{"type":"LineString","coordinates":[[24.785307,42.143502],[24.785192,42.143454],[24.784763,42.143253],[24.784248,42.143006],[24.78227,42.142224],[24.782172,42.142191],[24.781242,42.14184],[24.781196,42.141823],[24.780137,42.141429],[24.777599,42.140483],[24.775967,42.139875],[24.774202,42.139217],[24.774053,42.139162],[24.772789,42.138721],[24.772183,42.138508],[24.772009,42.138443],[24.770812,42.138032],[24.769407,42.13754],[24.769369,42.137527],[24.769216,42.137474],[24.768935,42.137377],[24.768628,42.137272],[24.767825,42.136998],[24.767132,42.136759],[24.766829,42.136655],[24.764414,42.135854],[24.763865,42.135681],[24.763801,42.135663],[24.763626,42.135618],[24.763445,42.135569],[24.763254,42.135508],[24.762939,42.135403],[24.760206,42.134605],[24.759896,42.134514],[24.757666,42.133806],[24.756983,42.133585],[24.756719,42.133479],[24.756538,42.133398],[24.756197,42.133201],[24.755901,42.133006],[24.755685,42.13281],[24.755515,42.132633],[24.755375,42.132463],[24.755212,42.132208],[24.755125,42.132039],[24.755043,42.131839],[24.754975,42.131659],[24.754936,42.131527],[24.754901,42.131316],[24.754889,42.131089],[24.754914,42.130849],[24.75495,42.13065],[24.755002,42.130468],[24.755084,42.130265]]},"properties":{"name":"бул. Санкт Петербург"}},{"type":"Feature","geometry":{"type":"LineString","coordinates":[[24.785557,42.143164],[24.785433,42.143113],[24.785347,42.143087],[24.784635,42.142915],[24.784356,42.142824],[24.783377,42.142483],[24.782346,42.142109],[24.782305,42.142094],[24.774262,42.139134],[24.774112,42.13908],[24.772847,42.138636],[24.772241,42.13842],[24.769428,42.137433],[24.769279,42.137382],[24.768995,42.137283],[24.768945,42.137265],[24.76753,42.136768],[24.766542,42.136423],[24.76507,42.135906],[24.763879,42.13553],[24.763706,42.13549],[24.763548,42.135446],[24.763319,42.135382],[24.763269,42.135367],[24.759067,42.134131],[24.758521,42.133973],[24.758345,42.133922],[24.75772,42.133719],[24.75721,42.133567],[24.756958,42.133483],[24.7566,42.133322],[24.756162,42.133059],[24.755973,42.132917],[24.755798,42.132751],[24.755643,42.132577],[24.755472,42.132369],[24.755348,42.132164],[24.755234,42.13195],[24.75516,42.131771],[24.755112,42.131601],[24.755074,42.131431],[24.755055,42.131277],[24.755047,42.131108],[24.755089,42.130826],[24.755108,42.130708],[24.755133,42.13057],[24.755167,42.130463],[24.755232,42.130309]]},"properties":{"name":"бул. Санкт Петербург"}},{"type":"Feature","geometry":{"type":"LineString","coordinates":[[24.763626,42.135618],[24.763344,42.136075],[24.763278,42.136183],[24.763254,42.136221],[24.76317,42.136348],[24.763129,42.136437],[24.763071,42.136665],[24.763067,42.137136],[24.763076,42.137412],[24.763097,42.138627],[24.763099,42.138725],[24.763118,42.139277],[24.763144,42.140035],[24.763166,42.140681],[24.763167,42.140725],[24.763173,42.140904],[24.763173,42.141008],[24.763193,42.142522],[24.763198,42.142896],[24.763193,42.143733],[24.7632,42.14398],[24.763202,42.144046],[24.763239,42.145453],[24.763242,42.145776],[24.76326,42.14627],[24.763256,42.146318],[24.763259,42.146569],[24.76326,42.146649],[24.763258,42.146713],[24.763266,42.146868],[24.763264,42.147019],[24.763271,42.147174],[24.763258,42.147905],[24.763235,42.148264],[24.763235,42.148459],[24.763234,42.148957],[24.763237,42.149144],[24.763241,42.14952],[24.763244,42.149732],[24.76326,42.15097],[24.763278,42.151404],[24.763279,42.151468],[24.763281,42.151668],[24.763284,42.151814],[24.763297,42.152371],[24.763303,42.152585],[24.763299,42.152684],[24.763319,42.152779],[24.76334,42.152824],[24.763351,42.152846],[24.763396,42.152921]]},"properties":{"name":"бул. Източен"}},{"type":"Feature","geometry":{"type":"LineString","coordinates":[[24.763548,42.135446],[24.763445,42.135569],[24.763384,42.135664],[24.763096,42.136129],[24.763072,42.136172],[24.763005,42.136298],[24.762984,42.136366],[24.762902,42.136576],[24.762885,42.136663],[24.762861,42.136875],[24.762854,42.137412],[24.762904,42.138625],[24.762906,42.138726],[24.762908,42.138801],[24.76291,42.138888],[24.762925,42.139462],[24.762933,42.139805],[24.76296,42.140671],[24.762962,42.140719],[24.762968,42.140869],[24.762972,42.140988],[24.762973,42.14105],[24.762982,42.141385],[24.763007,42.14208],[24.76302,42.142785],[24.763034,42.143467],[24.763036,42.143555],[24.763055,42.143961],[24.763053,42.144046],[24.763054,42.144108],[24.763069,42.145136],[24.763081,42.14582],[24.763082,42.146383],[24.763089,42.146692],[24.763092,42.146799],[24.763093,42.146848],[24.763088,42.146978],[24.763095,42.147142],[24.763094,42.147163],[24.763108,42.147898],[24.763122,42.148755],[24.763116,42.149148],[24.76312,42.14932],[24.763125,42.149469],[24.763143,42.150077],[24.763146,42.15023],[24.763151,42.150617],[24.763158,42.150841],[24.76317,42.151128],[24.763176,42.151469],[24.763181,42.151806],[24.763201,42.152375],[24.76321,42.152752],[24.763192,42.152822],[24.76314,42.152904]]},"properties":{"name":"бул. Източен"}},{"type":"Feature","geometry":{"type":"LineString","coordinates":[[24.763173,42.140904],[24.762968,42.140869],[24.762887,42.140855],[24.762783,42.140837],[24.762322,42.140758],[24.762196,42.140737],[24.762108,42.140722],[24.761299,42.140584],[24.761109,42.140549],[24.760514,42.140441],[24.759683,42.140291],[24.759058,42.140157],[24.758566,42.140062],[24.758435,42.14004],[24.75788,42.139947],[24.757771,42.139928],[24.757415,42.139872],[24.757012,42.139801],[24.756645,42.139747],[24.756527,42.139726]]},"properties":{"name":"Богомил"}},{"type":"Feature","geometry":{"type":"LineString","coordinates":[[24.756242,42.139748],[24.756373,42.139737],[24.756527,42.139726],[24.756252,42.13963]]},"properties":{"name":"Богомил"}},{"type":"Feature","geometry":{"type":"LineString","coordinates":[[24.756206,42.139764],[24.756013,42.140071]]},"properties":{"name":"Петко Д. Петков"}},{"type":"Feature","geometry":{"type":"LineString","coordinates":[[24.756061,42.139718],[24.756049,42.139807],[24.756013,42.140071],[24.75596,42.140301],[24.755906,42.140472],[24.755785,42.140857],[24.755664,42.141186],[24.755627,42.14128],[24.755623,42.141293],[24.75557,42.141445],[24.755394,42.141961],[24.755384,42.141994],[24.755351,42.142092],[24.755328,42.142165],[24.755316,42.142204],[24.755124,42.14281],[24.755063,42.142991],[24.754986,42.143216],[24.754965,42.14328],[24.754731,42.144073],[24.754714,42.144134],[24.754671,42.144173],[24.754614,42.144318],[24.754555,42.144521],[24.754512,42.144632],[24.754495,42.144706],[24.754478,42.144801]]},"properties":{"name":"Петко Д. Петков"}},{"type":"Feature","geometry":{"type":"LineString","coordinates":[[24.755351,42.142092],[24.755241,42.142077],[24.754796,42.142015],[24.754149,42.141925],[24.754142,42.141924],[24.753901,42.14189],[24.753464,42.141826],[24.753407,42.141817],[24.752452,42.141678],[24.752265,42.141652],[24.75191,42.141601],[24.751865,42.141594],[24.751756,42.141581]]},"properties":{"name":"Капитан Райчо"}},{"type":"Feature","geometry":{"type":"LineString","coordinates":[[24.747559,42.162938],[24.747864,42.163074],[24.74826,42.163277],[24.748546,42.163519]]},"properties":{"name":"Брезовско шосе"}},{"type":"Feature","geometry":{"type":"LineString","coordinates":[[24.747388,42.163157],[24.747775,42.163234],[24.747951,42.163271],[24.748097,42.163325],[24.748525,42.163511],[24.748546,42.163519],[24.748947,42.163822],[24.749106,42.163966],[24.749393,42.164289],[24.74944,42.164349],[24.749565,42.164497],[24.749869,42.164864],[24.750245,42.165354],[24.750762,42.165993],[24.750925,42.166207],[24.751242,42.166636],[24.751266,42.16667],[24.751365,42.166812],[24.751452,42.166914],[24.751533,42.167018],[24.751553,42.167051],[24.751797,42.167426],[24.751955,42.167666],[24.752383,42.168323],[24.752462,42.168438],[24.752498,42.168488],[24.752525,42.168528],[24.752845,42.168989],[24.75307,42.16933],[24.753339,42.169747],[24.753524,42.170008],[24.753852,42.170506],[24.754189,42.171016],[24.754336,42.171236],[24.754425,42.171371],[24.754736,42.171816],[24.754818,42.171933],[24.754867,42.172004],[24.754917,42.172076],[24.755033,42.172244],[24.755299,42.172625],[24.755379,42.172746],[24.755503,42.172922],[24.755601,42.173068],[24.755626,42.173109],[24.755831,42.173421],[24.756482,42.174358],[24.756801,42.174758],[24.757046,42.175018],[24.758966,42.176591]]},"properties":{"name":"Брезовско шосе"}},{"type":"Feature","geometry":{"type":"LineString","coordinates":[[24.742599,42.161425],[24.742721,42.1614],[24.744692,42.160975],[24.745168,42.160905],[24.74563,42.160884]]},"properties":{"name":"Поп Манол"}},{"type":"Feature","geometry":{"type":"LineString","coordinates":[[24.751453,42.143238],[24.751528,42.143186],[24.751598,42.143186],[24.751727,42.143183],[24.752105,42.143344],[24.752737,42.143586],[24.753333,42.143815],[24.753592,42.143929],[24.753792,42.14412],[24.75392,42.144324]]},"properties":{"name":"Света Петка"}},{"type":"Feature","geometry":{"type":"LineString","coordinates":[[24.776329,42.130724],[24.776245,42.130847],[24.776143,42.130985],[24.775805,42.131349],[24.775382,42.131867],[24.774666,42.133037],[24.774453,42.133371]]},"properties":{"name":"Професор Цветан Лазаров"}},{"type":"Feature","geometry":{"type":"LineString","coordinates":[[24.775382,42.131867],[24.775626,42.131384],[24.775803,42.130983],[24.775889,42.130714],[24.775942,42.130596]]},"properties":{"name":"Професор Цветан Лазаров"}},{"type":"Feature","geometry":{"type":"LineString","coordinates":[[24.720349,42.13789],[24.720307,42.137973],[24.72028,42.138028],[24.720203,42.13821],[24.720099,42.138408],[24.719905,42.138779],[24.719689,42.139193],[24.71963,42.139307],[24.71952,42.139516],[24.719334,42.13987],[24.719297,42.13994],[24.719024,42.140458],[24.718989,42.140524],[24.718724,42.141041],[24.718349,42.141755],[24.718262,42.141919]]},"properties":{"name":"Перущица"}},{"type":"Feature","geometry":{"type":"LineString","coordinates":[[24.718262,42.141919],[24.718521,42.142029],[24.718762,42.142133],[24.719748,42.142553],[24.719832,42.142588],[24.72011,42.142709],[24.72028,42.14278],[24.720565,42.142874],[24.720767,42.142915],[24.721197,42.142932],[24.721397,42.142936],[24.721502,42.142939],[24.721578,42.142946],[24.723102,42.143018],[24.723207,42.143023],[24.724005,42.143056],[24.724934,42.143087],[24.725493,42.143104],[24.725576,42.143107],[24.726274,42.143128],[24.726408,42.143132],[24.726621,42.14314],[24.726818,42.143151],[24.726952,42.143157],[24.727715,42.143176],[24.728819,42.143202],[24.72991,42.143223],[24.73225,42.14331],[24.732426,42.143317],[24.732474,42.143318],[24.732616,42.143324]]},"properties":{"name":"бул. Свобода"}},{"type":"Feature","geometry":{"type":"LineString","coordinates":[[24.716768,42.145119],[24.716837,42.14508],[24.716889,42.145051],[24.717094,42.144935],[24.717757,42.144562],[24.71813,42.144352],[24.718473,42.144166],[24.718517,42.144141],[24.718671,42.144053],[24.719157,42.143792]]},"properties":{"name":"бул. Свобода"}},{"type":"Feature","geometry":{"type":"LineString","coordinates":[[24.75154,42.145115],[24.751639,42.145117],[24.751998,42.145106],[24.752168,42.145106],[24.75235,42.14515],[24.75248,42.145179],[24.752694,42.145242]]},"properties":{"name":"Патриарх Евтимий"}},{"type":"Feature","geometry":{"type":"LineString","coordinates":[[24.753684,42.145381],[24.753851,42.145382],[24.754008,42.145368],[24.754206,42.145338],[24.754325,42.145311],[24.754395,42.145288],[24.754447,42.145265],[24.754485,42.145241],[24.754545,42.145198]]},"properties":{"name":"Света Гора"}},{"type":"Feature","geometry":{"type":"LineString","coordinates":[[24.754325,42.145311],[24.754365,42.145259],[24.754398,42.145207],[24.754422,42.145144],[24.754462,42.14491],[24.754471,42.144854],[24.754478,42.144801]]},"properties":{"name":"Иван Перпелиев"}},{"type":"Feature","geometry":{"type":"LineString","coordinates":[[24.754571,42.144837],[24.754568,42.144871],[24.754545,42.145198]]},"properties":{"name":"Иван Перпелиев"}},{"type":"Feature","geometry":{"type":"LineString","coordinates":[[24.798615,42.144351],[24.798679,42.14439],[24.798724,42.144417],[24.798895,42.144521],[24.799212,42.144705],[24.799436,42.144833],[24.800013,42.145164],[24.80012,42.145226],[24.800276,42.145313],[24.800807,42.145591]]},"properties":{"name":"Георги Цариградски"}},{"type":"Feature","geometry":{"type":"LineString","coordinates":[[24.803073,42.143614],[24.802931,42.143753],[24.802771,42.143892],[24.802458,42.144164],[24.802084,42.144489],[24.801661,42.144857],[24.801282,42.145178],[24.800807,42.145591],[24.800392,42.145946],[24.800186,42.146122],[24.799719,42.146496]]},"properties":{"name":"Ягодовско шосе"}},{"type":"Feature","geometry":{"type":"LineString","coordinates":[[24.797539,42.147408],[24.797535,42.147372],[24.797543,42.147334],[24.797571,42.147298],[24.797621,42.147265],[24.797692,42.147236],[24.798142,42.147105],[24.799384,42.146721],[24.799451,42.146695],[24.799508,42.146667],[24.799565,42.146635],[24.79962,42.146601],[24.799672,42.146562],[24.799719,42.146496],[24.79957,42.146536],[24.799493,42.14657],[24.799418,42.146606],[24.799345,42.146632],[24.798156,42.147004],[24.797568,42.147188],[24.797468,42.147213],[24.797374,42.147227],[24.797211,42.147237]]},"properties":{"name":"Ягодовско шосе"}},{"type":"Feature","geometry":{"type":"LineString","coordinates":[[24.80474,42.142232],[24.805387,42.141609],[24.805584,42.141422],[24.806152,42.140919],[24.806257,42.140833],[24.808151,42.139208],[24.808649,42.13878],[24.809068,42.138405]]},"properties":{"name":"Ягодовско шосе"}},{"type":"Feature","geometry":{"type":"LineString","coordinates":[[24.803073,42.143614],[24.803201,42.143447],[24.803457,42.143063],[24.803513,42.14298],[24.803559,42.142897],[24.803589,42.142811],[24.803608,42.142729],[24.80361,42.142627],[24.803161,42.141136],[24.80309,42.140899]]},"properties":{"name":"бул. Цар Симеон"}},{"type":"Feature","geometry":{"type":"LineString","coordinates":[[24.77329,42.122556],[24.773489,42.122638],[24.773627,42.122694],[24.774548,42.123068],[24.775016,42.123259],[24.775504,42.123447],[24.775773,42.123537],[24.776091,42.123636],[24.779341,42.124575],[24.782548,42.125567],[24.784016,42.126019],[24.78441,42.126123],[24.784818,42.126182],[24.785052,42.126208],[24.785286,42.126235],[24.785859,42.126303],[24.7859,42.12631],[24.786087,42.126357]]},"properties":{"name":"бул. Цар Симеон"}},{"type":"Feature","geometry":{"type":"LineString","coordinates":[[24.773232,42.122645],[24.773427,42.122726],[24.773564,42.122782],[24.773589,42.122793],[24.773983,42.122957],[24.77511,42.12341],[24.775448,42.123546],[24.775718,42.123637],[24.779438,42.124744],[24.782491,42.125668],[24.784049,42.126135],[24.784675,42.126326],[24.785557,42.126603],[24.785812,42.126672],[24.785988,42.126656]]},"properties":{"name":"бул. Цар Симеон"}},{"type":"Feature","geometry":{"type":"LineString","coordinates":[[24.799334,42.13326],[24.799101,42.132451],[24.798948,42.13192],[24.798933,42.131872]]},"properties":{"name":"бул. Цар Симеон"}},{"type":"Feature","geometry":{"type":"LineString","coordinates":[[24.795719,42.128174],[24.79433,42.127489],[24.794282,42.127465],[24.79324,42.126918],[24.793195,42.126896],[24.79293,42.126764],[24.792633,42.126651],[24.792381,42.126581],[24.792089,42.12652],[24.791869,42.12649],[24.791575,42.126465],[24.791223,42.12647],[24.790954,42.126485],[24.788917,42.126601],[24.788572,42.126626],[24.787575,42.126699],[24.787456,42.12671],[24.786978,42.126743],[24.786785,42.126756],[24.786566,42.126763],[24.786365,42.126695]]},"properties":{"name":"бул. Цар Симеон"}},{"type":"Feature","geometry":{"type":"LineString","coordinates":[[24.786406,42.126408],[24.786629,42.126397],[24.786955,42.126429],[24.787526,42.126508],[24.787915,42.126539],[24.788313,42.126523],[24.789168,42.126475],[24.789962,42.126431],[24.790181,42.126416],[24.790944,42.126373],[24.791214,42.126357],[24.791544,42.126348],[24.791846,42.126361],[24.792158,42.126406],[24.7924,42.126453],[24.792638,42.126512],[24.793235,42.126747],[24.793349,42.126808],[24.793909,42.127094],[24.795697,42.128011],[24.795811,42.12807],[24.79596,42.128143],[24.79622,42.128271],[24.797412,42.128857],[24.797825,42.129131],[24.798109,42.12937],[24.798259,42.129529],[24.798471,42.129847],[24.79854,42.129978],[24.798575,42.130044],[24.798669,42.130325],[24.798756,42.130582],[24.799044,42.131442],[24.799456,42.132378],[24.799557,42.132608],[24.79977,42.133051],[24.799813,42.133167],[24.800004,42.133631]]},"properties":{"name":"бул. Цар Симеон"}},{"type":"Feature","geometry":{"type":"LineString","coordinates":[[24.754587,42.144745],[24.754571,42.144837]]},"properties":{"name":"Петко Д.Петков"}},{"type":"Feature","geometry":{"type":"LineString","coordinates":[[24.760611,42.103836],[24.760546,42.104732],[24.760539,42.104821]]},"properties":{"name":"Кукленско шосе"}},{"type":"Feature","geometry":{"type":"LineString","coordinates":[[24.760342,42.106266],[24.760238,42.106952],[24.760209,42.107141],[24.760156,42.10749],[24.760066,42.10809],[24.760045,42.108283],[24.760019,42.108526],[24.759929,42.109183],[24.759673,42.111238],[24.759652,42.111412],[24.75964,42.111556],[24.759403,42.113474],[24.759337,42.113934],[24.759251,42.114532],[24.759013,42.116827],[24.758832,42.118673],[24.758823,42.118765],[24.758801,42.118888],[24.758787,42.11899],[24.758777,42.119094],[24.758648,42.120137],[24.758545,42.12098],[24.758396,42.122158],[24.758245,42.123424],[24.758235,42.123511],[24.758093,42.124429],[24.757911,42.125646],[24.757896,42.125729],[24.757854,42.125897],[24.757826,42.125998],[24.757739,42.126235],[24.757553,42.126793],[24.757517,42.12689],[24.757407,42.127174],[24.75731,42.127475],[24.757101,42.127982],[24.756927,42.128256],[24.756409,42.128817],[24.756377,42.128852],[24.756217,42.129035],[24.756119,42.129143],[24.755854,42.129425],[24.755689,42.129605],[24.75559,42.129719],[24.755495,42.129831],[24.755422,42.129929],[24.755378,42.130005],[24.755328,42.130094],[24.75528,42.1302],[24.755232,42.130309]]},"properties":{"name":"Кукленско шосе"}},{"type":"Feature","geometry":{"type":"LineString","coordinates":[[24.758634,42.118897],[24.758656,42.11875],[24.758775,42.117723],[24.759047,42.115332],[24.759115,42.114738],[24.759316,42.113038],[24.759406,42.11239],[24.759469,42.11192],[24.75948,42.111824],[24.759499,42.111606],[24.759504,42.111547],[24.759519,42.111397],[24.75953,42.111296],[24.759673,42.110154],[24.75979,42.109171],[24.75988,42.10845],[24.759927,42.108071],[24.76,42.107598],[24.760187,42.106391],[24.76023,42.106113],[24.760385,42.104863],[24.760434,42.104359],[24.760534,42.103079]]},"properties":{"name":"Кукленско шосе"}},{"type":"Feature","geometry":{"type":"LineString","coordinates":[[24.755084,42.130265],[24.75525,42.129973],[24.755421,42.129746],[24.755475,42.12968],[24.755983,42.129112],[24.756008,42.129084],[24.756102,42.128977],[24.756266,42.128799],[24.756807,42.128171],[24.75694,42.127945],[24.757103,42.127548],[24.757575,42.12626],[24.757593,42.126209],[24.757653,42.126007],[24.757686,42.125901],[24.757738,42.12571],[24.757745,42.125681],[24.757847,42.125168],[24.757961,42.124293],[24.758023,42.123901],[24.758141,42.122931],[24.75829,42.121717],[24.758438,42.120503],[24.758606,42.119128],[24.758612,42.119084],[24.758622,42.118999]]},"properties":{"name":"Кукленско шосе"}},{"type":"Feature","geometry":{"type":"LineString","coordinates":[[24.758622,42.118999],[24.758496,42.118995],[24.756963,42.11892],[24.756386,42.118847],[24.756186,42.11887],[24.756022,42.118933],[24.755951,42.119003],[24.755872,42.119178],[24.755853,42.119353],[24.755745,42.119983],[24.755734,42.120103],[24.755713,42.12023],[24.755646,42.120534],[24.755612,42.12072],[24.75559,42.120837],[24.755498,42.121417],[24.755416,42.121817],[24.755349,42.122198],[24.755271,42.122645],[24.755282,42.122747],[24.755284,42.1228]]},"properties":{"name":"Индустриална"}},{"type":"Feature","geometry":{"type":"LineString","coordinates":[[24.756386,42.118847],[24.756477,42.118829],[24.756565,42.118814],[24.756714,42.118803],[24.757164,42.118825],[24.757819,42.118857],[24.758403,42.118886],[24.758512,42.118891],[24.758634,42.118897]]},"properties":{"name":"Индустриална"}},{"type":"Feature","geometry":{"type":"LineString","coordinates":[[24.755201,42.122794],[24.75522,42.122739],[24.755271,42.122645]]},"properties":{"name":"Индустриална"}},{"type":"Feature","geometry":{"type":"LineString","coordinates":[[24.755255,42.122917],[24.755207,42.123027],[24.755116,42.123555],[24.754785,42.125207],[24.75464,42.125913],[24.754633,42.12595],[24.754623,42.126006]]},"properties":{"name":"Индустриална"}},{"type":"Feature","geometry":{"type":"LineString","coordinates":[[24.747494,42.11872],[24.747562,42.120085],[24.747564,42.120152],[24.747565,42.120183],[24.747607,42.121065],[24.747611,42.121144],[24.747613,42.121231],[24.747619,42.121498],[24.74764,42.12188],[24.747649,42.122061],[24.747681,42.122639],[24.747684,42.122687],[24.747686,42.122777],[24.747682,42.1229]]},"properties":{"name":"Пере Тошев"}},{"type":"Feature","geometry":{"type":"LineString","coordinates":[[24.747954,42.1263],[24.747959,42.126368],[24.747964,42.126437],[24.747993,42.126814],[24.748039,42.127258],[24.748069,42.127731],[24.748124,42.128366],[24.748213,42.129245],[24.748291,42.129981],[24.748301,42.130041],[24.748312,42.130123]]},"properties":{"name":"Пере Тошев"}},{"type":"Feature","geometry":{"type":"LineString","coordinates":[[24.752355,42.122635],[24.752348,42.122712],[24.752345,42.122742],[24.752329,42.122929],[24.752321,42.123002],[24.752303,42.123574],[24.752299,42.12373],[24.752287,42.124267],[24.752223,42.124997],[24.75222,42.125188],[24.752217,42.125696],[24.752217,42.125978],[24.752216,42.12603],[24.752216,42.126112]]},"properties":{"name":"Братя Бъкстон"}},{"type":"Feature","geometry":{"type":"LineString","coordinates":[[24.742181,42.126561],[24.74224,42.126553],[24.742287,42.126546],[24.742384,42.126537],[24.743578,42.126475],[24.744132,42.126459],[24.745007,42.126428],[24.745755,42.126397],[24.746402,42.12637],[24.746496,42.126366],[24.747234,42.126333],[24.747649,42.126315],[24.747866,42.126304],[24.747954,42.1263],[24.748063,42.126296],[24.748213,42.126289],[24.749641,42.126226],[24.750321,42.126196],[24.750968,42.126167],[24.751071,42.126163],[24.752111,42.126117],[24.752216,42.126112],[24.752326,42.126107],[24.753501,42.126055],[24.754426,42.12601],[24.754531,42.126008],[24.754623,42.126006],[24.754812,42.126001],[24.754891,42.125999],[24.755806,42.125971],[24.756114,42.125962],[24.757383,42.125916],[24.757398,42.125915],[24.757441,42.125913],[24.757686,42.125901]]},"properties":{"name":"Скопие"}},{"type":"Feature","geometry":{"type":"LineString","coordinates":[[24.744184,42.13035],[24.744324,42.130339],[24.744425,42.130332],[24.744544,42.130323],[24.745334,42.130274],[24.746861,42.130189],[24.74706,42.130175],[24.747184,42.130169],[24.748198,42.130128],[24.748248,42.130126],[24.748312,42.130123],[24.748552,42.130115],[24.750325,42.13005],[24.75043,42.130045],[24.75136,42.130007],[24.752009,42.129987],[24.752034,42.129986],[24.752569,42.129962],[24.752667,42.129958],[24.753144,42.129941]]},"properties":{"name":"Даме Груев"}},{"type":"Feature","geometry":{"type":"LineString","coordinates":[[24.738709,42.152584],[24.738705,42.152711],[24.738685,42.154603],[24.738676,42.155605],[24.738675,42.15564],[24.738674,42.155775]]},"properties":{"name":"бул. Победа"}},{"type":"Feature","geometry":{"type":"LineString","coordinates":[[24.738667,42.156038],[24.738659,42.156181],[24.73864,42.156352],[24.738623,42.156486],[24.738585,42.15665],[24.738432,42.15722],[24.73829,42.157772],[24.738127,42.158375],[24.738119,42.158432],[24.738105,42.158503],[24.738037,42.158888],[24.738035,42.158901],[24.738031,42.158928],[24.738012,42.159033],[24.737988,42.159168],[24.737967,42.159297],[24.737856,42.159945],[24.737734,42.160702],[24.737502,42.162097],[24.737497,42.16213],[24.737482,42.16222],[24.737466,42.162313],[24.737454,42.162437],[24.737151,42.164828],[24.737146,42.164862],[24.737058,42.165416],[24.737029,42.1656]]},"properties":{"name":"бул. Победа"}},{"type":"Feature","geometry":{"type":"LineString","coordinates":[[24.738542,42.152584],[24.738542,42.152752],[24.738537,42.154417],[24.738536,42.154603],[24.738536,42.154636],[24.738534,42.155356],[24.738533,42.155638],[24.738533,42.155814],[24.738532,42.155882],[24.738532,42.155936],[24.738532,42.156041],[24.738529,42.156259],[24.738512,42.15638],[24.738495,42.156496],[24.738449,42.156667],[24.738274,42.157374],[24.738168,42.157786],[24.738002,42.158314],[24.737842,42.158821],[24.737819,42.158895],[24.737813,42.159004],[24.737806,42.159155],[24.737793,42.159282],[24.737784,42.159342],[24.737688,42.159912],[24.73757,42.160636],[24.737548,42.16078],[24.737325,42.162114],[24.73731,42.162205],[24.737303,42.162298],[24.73729,42.162421],[24.737289,42.162471],[24.737159,42.16356]]},"properties":{"name":"бул. Победа"}},{"type":"Feature","geometry":{"type":"LineString","coordinates":[[24.739777,42.156408],[24.73963,42.156327],[24.739568,42.156292],[24.7393,42.156143],[24.73889,42.155903],[24.738842,42.155871],[24.738802,42.155842],[24.738674,42.155775]]},"properties":{"name":"Оборище"}},{"type":"Feature","geometry":{"type":"LineString","coordinates":[[24.739465,42.156673],[24.739777,42.156408]]},"properties":{"name":"Средец"}},{"type":"Feature","geometry":{"type":"LineString","coordinates":[[24.739465,42.156673],[24.739353,42.156605],[24.739185,42.156504],[24.739017,42.156401]]},"properties":{"name":"Площад Антон Чехов"}},{"type":"Feature","geometry":{"type":"LineString","coordinates":[[24.724364,42.157312],[24.724136,42.157982]]},"properties":{"name":"Факел"}},{"type":"Feature","geometry":{"type":"LineString","coordinates":[[24.724136,42.157982],[24.724974,42.158128],[24.726728,42.158409],[24.728381,42.158701],[24.729118,42.158803]]},"properties":{"name":"Ген. Кутузов"}},{"type":"Feature","geometry":{"type":"LineString","coordinates":[[24.726438,42.163761],[24.72631,42.163676],[24.726106,42.16354],[24.72566,42.163249],[24.725017,42.16283],[24.72455,42.162532],[24.723724,42.161996],[24.723307,42.16173],[24.722119,42.160969],[24.720742,42.160078],[24.720514,42.159896],[24.720405,42.159786],[24.720255,42.159613],[24.720196,42.159505],[24.720186,42.159439],[24.720265,42.158929],[24.720434,42.158085],[24.720557,42.15759],[24.720731,42.156878],[24.720738,42.156858],[24.720757,42.156801],[24.720778,42.156727],[24.720816,42.156603]]},"properties":{"name":"Дилянка"}},{"type":"Feature","geometry":{"type":"LineString","coordinates":[[24.724997,42.165039],[24.725109,42.164917],[24.725312,42.164761],[24.72559,42.164565],[24.726458,42.163929],[24.726601,42.16382],[24.726746,42.163717],[24.727338,42.163297],[24.729408,42.161814],[24.729634,42.161654],[24.729704,42.161598],[24.729804,42.161518]]},"properties":{"name":"бул. Васил Априлов"}},{"type":"Feature","geometry":{"type":"LineString","coordinates":[[24.724682,42.165291],[24.724567,42.165339],[24.724074,42.165775],[24.72359,42.1662],[24.723194,42.166552],[24.723029,42.166704],[24.722638,42.167067],[24.722116,42.167502],[24.721793,42.167771],[24.721317,42.168185],[24.720157,42.169164],[24.720105,42.169208],[24.720012,42.169323]]},"properties":{"name":"бул. Васил Априлов"}},{"type":"Feature","geometry":{"type":"LineString","coordinates":[[24.719841,42.169226],[24.719899,42.169196],[24.719981,42.169132],[24.720161,42.168975],[24.721458,42.167889],[24.721673,42.167696],[24.722502,42.167002],[24.723453,42.166137],[24.724152,42.165511],[24.724413,42.165283],[24.724447,42.165252],[24.72451,42.165161]]},"properties":{"name":"бул. Васил Априлов"}},{"type":"Feature","geometry":{"type":"LineString","coordinates":[[24.724773,42.164919],[24.724989,42.164789],[24.72555,42.164399],[24.725731,42.164269],[24.726251,42.163895],[24.726438,42.163761],[24.728928,42.161966],[24.729443,42.161594],[24.729497,42.161556],[24.729542,42.161523],[24.72961,42.161462]]},"properties":{"name":"бул. Васил Априлов"}},{"type":"Feature","geometry":{"type":"LineString","coordinates":[[24.719737,42.169579],[24.719635,42.16964],[24.719589,42.169678],[24.718635,42.170462],[24.718405,42.17064],[24.718279,42.170736],[24.717948,42.170974],[24.71765,42.17117],[24.717272,42.171402],[24.715721,42.172342],[24.714976,42.172829],[24.714637,42.173041]]},"properties":{"name":"бул. Васил Априлов"}},{"type":"Feature","geometry":{"type":"LineString","coordinates":[[24.719237,42.169817],[24.719455,42.169639],[24.719493,42.169608],[24.719592,42.169504]]},"properties":{"name":"бул. Васил Априлов"}},{"type":"Feature","geometry":{"type":"LineString","coordinates":[[24.746496,42.126366],[24.746507,42.126448],[24.746556,42.126822],[24.746563,42.126878],[24.74662,42.12733],[24.746624,42.127413],[24.746656,42.127795],[24.746678,42.128405],[24.74674,42.129317],[24.746833,42.129896],[24.746851,42.130112],[24.746861,42.130189]]},"properties":{"name":"Охрид"}},{"type":"Feature","geometry":{"type":"LineString","coordinates":[[24.716829,42.131729],[24.716941,42.131734],[24.718025,42.131781],[24.718098,42.131785],[24.719569,42.13186],[24.721066,42.131945],[24.721124,42.131948],[24.721221,42.131955],[24.721324,42.131958],[24.72152,42.131969],[24.722841,42.132053],[24.723732,42.132113],[24.723803,42.132117],[24.72387,42.132122],[24.724078,42.132131],[24.724137,42.132134],[24.724312,42.132145],[24.724541,42.132161],[24.724716,42.132179],[24.724974,42.13222],[24.725239,42.132266],[24.725545,42.13232],[24.725783,42.132371],[24.725961,42.132413],[24.726033,42.13243],[24.726535,42.132565],[24.727406,42.132799],[24.728442,42.133029],[24.729066,42.133168]]},"properties":{"name":"бул. Хаджи Димитър"}},{"type":"Feature","geometry":{"type":"LineString","coordinates":[[24.727918,42.133123],[24.727464,42.133071],[24.72724,42.133035],[24.727017,42.132993],[24.726843,42.132957],[24.726708,42.132925],[24.725811,42.132694],[24.725589,42.132645],[24.724869,42.132478],[24.724702,42.13244],[24.724502,42.132399],[24.724322,42.132368],[24.724102,42.13233],[24.723948,42.132307],[24.723831,42.132295],[24.72194,42.132169],[24.72163,42.132147],[24.721376,42.132131],[24.72129,42.132126],[24.721204,42.13212],[24.721087,42.132114],[24.719212,42.13202],[24.71808,42.131965],[24.717999,42.131961],[24.717028,42.131892],[24.716925,42.131885],[24.716787,42.131873]]},"properties":{"name":"бул. Хаджи Димитър"}},{"type":"Feature","geometry":{"type":"LineString","coordinates":[[24.742246,42.1676],[24.741717,42.16743],[24.73899,42.166435],[24.738583,42.166287],[24.737686,42.165911],[24.737243,42.165712],[24.737029,42.1656],[24.736873,42.165559],[24.736416,42.165441]]},"properties":{"name":"Димитър Стамболов"}},{"type":"Feature","geometry":{"type":"LineString","coordinates":[[24.742246,42.1676],[24.742908,42.167706],[24.743055,42.167744],[24.743545,42.167997],[24.743994,42.168214],[24.744081,42.168241],[24.744176,42.168256],[24.744304,42.16825],[24.744714,42.168156]]},"properties":{"name":"Северен"}},{"type":"Feature","geometry":{"type":"LineString","coordinates":[[24.749943,42.167221],[24.749391,42.16735],[24.748932,42.167461],[24.748298,42.16763],[24.747688,42.167781],[24.747132,42.167913],[24.745233,42.168367],[24.745144,42.168369],[24.745067,42.168353],[24.744987,42.168321],[24.744914,42.168262],[24.74485,42.168205],[24.744797,42.168177],[24.744714,42.168156],[24.745146,42.168059]]},"properties":{"name":"Северен"}},{"type":"Feature","geometry":{"type":"LineString","coordinates":[[24.749897,42.1671],[24.749991,42.167082],[24.751064,42.166871],[24.751116,42.166861],[24.751365,42.166812]]},"properties":{"name":"бул. Северен"}},{"type":"Feature","geometry":{"type":"LineString","coordinates":[[24.751452,42.166914],[24.751157,42.166977],[24.750993,42.16701],[24.750861,42.167036],[24.750564,42.167096],[24.749943,42.167221]]},"properties":{"name":"бул. Северен"}},{"type":"Feature","geometry":{"type":"LineString","coordinates":[[24.730399,42.121592],[24.730429,42.121635],[24.730453,42.121665],[24.730457,42.121672],[24.73074,42.122074],[24.730876,42.122277],[24.731217,42.122765],[24.731287,42.122866],[24.731577,42.123297],[24.731642,42.123393],[24.731758,42.123568],[24.731884,42.123752],[24.731929,42.123814],[24.731993,42.123902],[24.732017,42.123938],[24.732061,42.124007],[24.732298,42.124374],[24.732602,42.124875],[24.732969,42.125505],[24.733258,42.125982],[24.733437,42.126282],[24.73346,42.126316],[24.733493,42.126374],[24.733535,42.126462]]},"properties":{"name":"Стефан Стамболов"}},{"type":"Feature","geometry":{"type":"LineString","coordinates":[[24.747864,42.163074],[24.748257,42.163112],[24.748394,42.163125],[24.748827,42.163162],[24.749315,42.163209],[24.749883,42.163258],[24.750166,42.163282],[24.75102,42.163318],[24.751098,42.163318],[24.752378,42.163318],[24.752853,42.163321],[24.753032,42.16332],[24.753242,42.163321],[24.755438,42.16333],[24.756289,42.163332]]},"properties":{"name":"Дунав"}},{"type":"Feature","geometry":{"type":"LineString","coordinates":[[24.759833,42.162102],[24.759612,42.162143],[24.759375,42.162198],[24.758335,42.162467],[24.757668,42.162674],[24.757269,42.162796],[24.757106,42.162834],[24.756826,42.162883],[24.756618,42.162912],[24.756417,42.162923],[24.756337,42.162927],[24.756271,42.16293]]},"properties":{"name":"Милеви скали"}},{"type":"Feature","geometry":{"type":"LineString","coordinates":[[24.760056,42.162076],[24.759955,42.162087],[24.759846,42.1621]]},"properties":{"name":"Милеви скали"}},{"type":"Feature","geometry":{"type":"LineString","coordinates":[[24.759527,42.161525],[24.760076,42.161528]]},"properties":{"name":"Гонда вода"}},{"type":"Feature","geometry":{"type":"LineString","coordinates":[[24.719157,42.143792],[24.719396,42.14402],[24.719461,42.144065],[24.719589,42.144095],[24.720429,42.144125],[24.72136,42.14418],[24.721884,42.144195],[24.723104,42.144228],[24.724904,42.144296],[24.725699,42.144324],[24.725915,42.144341],[24.726165,42.14436],[24.726189,42.144362],[24.726293,42.144374]]},"properties":{"name":"Чернишевски"}},{"type":"Feature","geometry":{"type":"LineString","coordinates":[[24.72136,42.14418],[24.721382,42.143681],[24.721381,42.143394],[24.721389,42.143147],[24.721392,42.143069],[24.721394,42.143018],[24.721397,42.142936]]},"properties":{"name":"Владивосток"}},{"type":"Feature","geometry":{"type":"LineString","coordinates":[[24.722339,42.152666],[24.72215,42.152601],[24.722082,42.152553],[24.722052,42.152489],[24.722058,42.152384],[24.722527,42.151336],[24.72278,42.150595],[24.722826,42.150436],[24.722875,42.150314],[24.723174,42.149781],[24.723217,42.149712],[24.723868,42.148788],[24.724498,42.147978],[24.724934,42.147495],[24.725142,42.147228],[24.72525,42.147035],[24.72533,42.146859],[24.725347,42.146827],[24.725408,42.146731],[24.725448,42.146627],[24.725464,42.146583],[24.725599,42.146228],[24.725711,42.14593],[24.725723,42.145899],[24.725964,42.145257],[24.726113,42.144886],[24.726293,42.144374],[24.726362,42.144002],[24.726385,42.143621],[24.7264,42.143315],[24.726404,42.143241],[24.726405,42.14322],[24.726408,42.143132],[24.726408,42.14306],[24.726409,42.143035],[24.726397,42.142718],[24.72637,42.142484],[24.726324,42.142167],[24.726244,42.141732],[24.726167,42.141329],[24.726061,42.140723],[24.725926,42.140012],[24.725887,42.139806],[24.725847,42.139534],[24.725786,42.139116],[24.725784,42.1391],[24.725769,42.138998]]},"properties":{"name":"бул. Копривщица"}},{"type":"Feature","geometry":{"type":"LineString","coordinates":[[24.723165,42.150514],[24.723213,42.150406],[24.72333,42.150173],[24.723496,42.14985],[24.723528,42.149799],[24.723811,42.149381],[24.72417,42.148914],[24.724254,42.148805],[24.725145,42.147764],[24.725504,42.147301],[24.725655,42.147085],[24.725707,42.146987],[24.725721,42.146962],[24.725773,42.146872],[24.725798,42.146807]]},"properties":{"name":"бул. Копривщица"}},{"type":"Feature","geometry":{"type":"LineString","coordinates":[[24.722339,42.152666],[24.722978,42.152679],[24.7235,42.152692],[24.723617,42.152696],[24.723935,42.152698],[24.724692,42.152703],[24.72596,42.152712],[24.72803,42.152708],[24.729041,42.152709],[24.72925,42.152744],[24.729529,42.152743],[24.72963,42.152743],[24.729833,42.152742],[24.730881,42.152742],[24.731308,42.152742],[24.732915,42.15274],[24.733135,42.15274],[24.733478,42.152681],[24.733589,42.152677],[24.734257,42.152665]]},"properties":{"name":"бул. Марица"}},{"type":"Feature","geometry":{"type":"LineString","coordinates":[[24.731195,42.151155],[24.731257,42.151261],[24.731305,42.151306],[24.731364,42.151344],[24.731426,42.151384],[24.73149,42.151406],[24.731576,42.151437],[24.731686,42.15145],[24.731763,42.151451],[24.732448,42.151453],[24.732781,42.151461],[24.732923,42.151464],[24.733084,42.151466],[24.733932,42.151484],[24.734308,42.151483]]},"properties":{"name":"Янко Сакъзов"}},{"type":"Feature","geometry":{"type":"LineString","coordinates":[[24.734296,42.151799],[24.734301,42.151715],[24.73431,42.151586],[24.734308,42.151483]]},"properties":{"name":"Антон Страшимиров"}},{"type":"Feature","geometry":{"type":"LineString","coordinates":[[24.734296,42.151799],[24.734276,42.152216],[24.734274,42.152273],[24.734266,42.152528],[24.734264,42.152566],[24.734257,42.152665]]},"properties":{"name":"Чардафон"}},{"type":"Feature","geometry":{"type":"LineString","coordinates":[[24.688544,42.126191],[24.68848,42.126194],[24.687373,42.126239],[24.687162,42.126238]]},"properties":{"name":"Христо Ясенов"}},{"type":"Feature","geometry":{"type":"LineString","coordinates":[[24.789026,42.120857],[24.788521,42.12167],[24.788114,42.12234],[24.788005,42.122506],[24.78783,42.122773],[24.787775,42.122858],[24.787568,42.123205],[24.787207,42.123861],[24.787085,42.124089],[24.786905,42.124414],[24.786819,42.124689]]},"properties":{"name":"Недялка Шилева"}},{"type":"Feature","geometry":{"type":"LineString","coordinates":[[24.786406,42.126408],[24.786483,42.126294],[24.786557,42.125774],[24.786573,42.125465],[24.786604,42.125323],[24.786656,42.125178],[24.786804,42.124845],[24.786819,42.124689],[24.786706,42.124819],[24.786562,42.125151],[24.786423,42.125441],[24.78618,42.126015],[24.786088,42.126251],[24.786087,42.126357]]},"properties":{"name":"Недялка Шилева"}},{"type":"Feature","geometry":{"type":"LineString","coordinates":[[24.786365,42.126695],[24.786391,42.126825],[24.786386,42.126859],[24.786274,42.127197],[24.78619,42.127516],[24.786165,42.127637],[24.786133,42.127821],[24.786076,42.128255],[24.785964,42.129113],[24.785961,42.129146],[24.785943,42.129289]]},"properties":{"name":"Недялка Шилева"}},{"type":"Feature","geometry":{"type":"LineString","coordinates":[[24.785787,42.129282],[24.785804,42.129139],[24.785984,42.127808],[24.786001,42.127541],[24.78599,42.127304],[24.785945,42.126992],[24.78593,42.126816],[24.785988,42.126656]]},"properties":{"name":"Недялка Шилева"}},{"type":"Feature","geometry":{"type":"LineString","coordinates":[[24.794109,42.151282],[24.794022,42.150673],[24.793901,42.150325],[24.793709,42.150077],[24.793103,42.149602],[24.792935,42.149477],[24.792842,42.14939],[24.792721,42.149062],[24.792592,42.148677],[24.792539,42.148498],[24.792528,42.148463],[24.792518,42.148433],[24.792504,42.148389],[24.792455,42.148241],[24.792413,42.148112]]},"properties":{"name":"Удроу Уилсън"}},{"type":"Feature","geometry":{"type":"LineString","coordinates":[[24.789334,42.15241],[24.789516,42.152362],[24.790455,42.152271],[24.790568,42.152242],[24.790593,42.152193],[24.790596,42.152115],[24.79058,42.151911],[24.790604,42.151876],[24.790643,42.151849],[24.790724,42.151839],[24.792313,42.151767],[24.792475,42.151764],[24.792538,42.151745],[24.792577,42.151732],[24.792626,42.151649],[24.792726,42.151533],[24.792772,42.15151],[24.792966,42.151412],[24.793249,42.151342],[24.793644,42.151315],[24.794109,42.151282]]},"properties":{"name":"Герлово"}},{"type":"Feature","geometry":{"type":"LineString","coordinates":[[24.786953,42.152705],[24.787048,42.152693],[24.787121,42.152685],[24.788924,42.15256],[24.789197,42.152552],[24.789391,42.152485]]},"properties":{"name":"Герлово"}},{"type":"Feature","geometry":{"type":"LineString","coordinates":[[24.768852,42.150612],[24.768909,42.150605],[24.770359,42.150779]]},"properties":{"name":"Орловец"}},{"type":"Feature","geometry":{"type":"LineString","coordinates":[[24.770909,42.148374],[24.770885,42.148485],[24.770734,42.149097],[24.770601,42.14944],[24.770478,42.150124],[24.770415,42.150469],[24.770359,42.150779]]},"properties":{"name":"Арчарица"}},{"type":"Feature","geometry":{"type":"LineString","coordinates":[[24.804689,42.142649],[24.805867,42.145956],[24.806003,42.146351],[24.806026,42.146589]]},"properties":{"name":"56"}},{"type":"Feature","geometry":{"type":"LineString","coordinates":[[24.806824,42.148788],[24.806142,42.146947],[24.806047,42.146651],[24.806026,42.146589],[24.80475,42.143174],[24.804558,42.142628]]},"properties":{"name":"56"}},{"type":"Feature","geometry":{"type":"LineString","coordinates":[[24.780296,42.116175],[24.778466,42.117546],[24.777454,42.118267],[24.776396,42.119017]]},"properties":{"name":"Нестор Абаджиев"}},{"type":"Feature","geometry":{"type":"LineString","coordinates":[[24.776396,42.119017],[24.775863,42.119421],[24.775753,42.119601],[24.775769,42.119814],[24.775844,42.119975],[24.77599,42.120162],[24.776056,42.12023]]},"properties":{"name":"\"Профилинк\" - запад"}},{"type":"Feature","geometry":{"type":"LineString","coordinates":[[24.791159,42.135471],[24.791293,42.135444],[24.791851,42.135246],[24.792079,42.135155],[24.792301,42.135067],[24.79242,42.13502],[24.792671,42.134938],[24.793004,42.134863],[24.793252,42.134815],[24.793683,42.134733],[24.794629,42.134549],[24.795077,42.134466],[24.795253,42.134428],[24.79553,42.134367],[24.795746,42.134322],[24.795795,42.134312],[24.797126,42.134037],[24.798114,42.133853],[24.798508,42.133802],[24.798944,42.133773],[24.79945,42.133751],[24.79957,42.133758],[24.799698,42.133762],[24.799799,42.133741],[24.799903,42.133713],[24.800004,42.133631]]},"properties":{"name":"Шипка"}},{"type":"Feature","geometry":{"type":"LineString","coordinates":[[24.79099,42.135261],[24.791139,42.135202],[24.791628,42.135025],[24.791897,42.134929],[24.792099,42.134857],[24.792361,42.134798],[24.792496,42.134769],[24.793817,42.134504],[24.794769,42.134322],[24.795114,42.134256],[24.79517,42.134245],[24.795468,42.134188],[24.795688,42.134142],[24.797906,42.133703],[24.798338,42.133599],[24.7988,42.133449],[24.79922,42.133297],[24.799334,42.13326]]},"properties":{"name":"Шипка"}},{"type":"Feature","geometry":{"type":"LineString","coordinates":[[24.790283,42.130968],[24.790134,42.131147],[24.78975,42.131606],[24.789461,42.13194],[24.789141,42.132315],[24.788797,42.132704],[24.788721,42.132789],[24.788695,42.132818],[24.788196,42.13336],[24.788153,42.133406],[24.788058,42.13351],[24.787994,42.13358],[24.787927,42.133654]]},"properties":{"name":"Бранислав Велешки"}},{"type":"Feature","geometry":{"type":"LineString","coordinates":[[24.787385,42.134254],[24.787574,42.13439],[24.787687,42.134472],[24.788069,42.134776],[24.788375,42.135028],[24.788763,42.135376],[24.788911,42.135507],[24.789127,42.135702],[24.789141,42.135716],[24.789314,42.135896],[24.789564,42.136224],[24.789623,42.136301],[24.789746,42.136621],[24.789768,42.13671],[24.789839,42.137134],[24.789859,42.137407],[24.789839,42.13757],[24.789796,42.137758],[24.789723,42.138089],[24.789711,42.138109],[24.789649,42.138214]]},"properties":{"name":"Георги Данчов"}},{"type":"Feature","geometry":{"type":"LineString","coordinates":[[24.79719,42.131049],[24.797228,42.13094],[24.797234,42.130648],[24.797165,42.130538],[24.796458,42.130195],[24.795606,42.129782],[24.794689,42.129342]]},"properties":{"name":"Братан"}},{"type":"Feature","geometry":{"type":"LineString","coordinates":[[24.794689,42.129342],[24.795639,42.128265],[24.795719,42.128174]]},"properties":{"name":"Гочо Грозев"}},{"type":"Feature","geometry":{"type":"LineString","coordinates":[[24.732005,42.113598],[24.731898,42.113599]]},"properties":{"name":"Остромила"}},{"type":"Feature","geometry":{"type":"LineString","coordinates":[[24.713837,42.117826],[24.713894,42.117821],[24.715417,42.117669],[24.715912,42.117621],[24.717792,42.117394],[24.718352,42.117324],[24.719436,42.117222],[24.719928,42.11718],[24.720102,42.117142],[24.720227,42.117076],[24.720931,42.116697],[24.721659,42.116279],[24.722066,42.116045],[24.72211,42.116016],[24.722232,42.115952],[24.722267,42.115933],[24.722317,42.11592],[24.722542,42.11586],[24.723052,42.115748],[24.724444,42.11544],[24.724554,42.115416],[24.726021,42.115096],[24.726467,42.114999],[24.727632,42.114719],[24.728486,42.114488],[24.729903,42.114104],[24.731002,42.113821],[24.731898,42.113599],[24.73194,42.113568],[24.731975,42.113541]]},"properties":{"name":"Остромила"}},{"type":"Feature","geometry":{"type":"LineString","coordinates":[[24.724504,42.165079],[24.724258,42.164933],[24.724198,42.16488],[24.723434,42.164592],[24.722959,42.164382],[24.722802,42.164348],[24.722069,42.164284],[24.721334,42.164221],[24.720556,42.164138],[24.719862,42.164073],[24.719163,42.164017],[24.719236,42.163656],[24.719267,42.163499]]},"properties":{"name":"Напредък"}},{"type":"Feature","geometry":{"type":"LineString","coordinates":[[24.719288,42.163394],[24.719292,42.163362],[24.719351,42.163072],[24.719446,42.162588],[24.719466,42.162448],[24.719564,42.161833],[24.719637,42.161471],[24.719745,42.161143],[24.719803,42.160994],[24.719867,42.160888],[24.719958,42.160782],[24.720742,42.160078]]},"properties":{"name":"Напредък"}},{"type":"Feature","geometry":{"type":"LineString","coordinates":[[24.786064,42.159578],[24.786076,42.15968],[24.786124,42.160073],[24.786146,42.16026],[24.786191,42.160634]]},"properties":{"name":"Калина"}},{"type":"Feature","geometry":{"type":"LineString","coordinates":[[24.716216,42.13415],[24.717961,42.134068]]},"properties":{"name":"Васил Бараков"}},{"type":"Feature","geometry":{"type":"LineString","coordinates":[[24.717961,42.134068],[24.717944,42.133738],[24.717924,42.133398],[24.717959,42.132718],[24.717999,42.131961],[24.718008,42.131899],[24.718013,42.131865],[24.718025,42.131781]]},"properties":{"name":"Атон"}}]}